Index,SPN190_Logged_Phys,SPN190_Logged_Raw,SPN190_Original_Phys,SPN190_Original_Raw,SPN190_Error,SPN91_Logged_Phys,SPN91_Logged_Raw,SPN91_Original_Phys,SPN91_Original_Raw,SPN91_Error,SPN84_Logged_Phys,SPN84_Logged_Raw,SPN84_Original_Phys,SPN84_Original_Raw,SPN84_Error,SPN183_Logged_Phys,SPN183_Logged_Raw,SPN183_Original_Phys,SPN183_Original_Raw,SPN183_Error,SPN184_Logged_Phys,SPN184_Logged_Raw,SPN184_Original_Phys,SPN184_Original_Raw,SPN184_Error
0,,,0.0,0,,10.0,25,0.0,0,10.0,60.0,15360,0.0,0,60.0,50.0,1000,0.0,0,50.0,15.0,7680,15.0,7680,0.0
1,,,1.2,10,,,,0.0,0,,,,0.1,26,,,,0.0,0,,,,15.0,7680,
2,,,2.4,19,,,,0.0,0,,,,0.2,51,,,,0.0,0,,,,15.0,7680,
3,,,3.6,29,,,,0.0,0,,,,0.3,77,,,,0.0,0,,,,15.0,7680,
4,,,4.8,38,,,,0.0,0,,,,0.4,102,,,,0.0,0,,,,15.0,7680,
5,,,6.0,48,,,,0.0,0,,,,0.5,128,,,,0.0,0,,,,15.0,7680,
6,,,7.2,58,,,,0.0,0,,,,0.6,154,,,,0.0,0,,,,15.0,7680,
7,,,8.4,67,,,,0.0,0,,,,0.7,179,,,,0.0,0,,,,15.0,7680,
8,,,9.6,77,,,,0.0,0,,,,0.8,205,,,,0.0,0,,,,15.0,7680,
9,,,10.8,86,,,,0.0,0,,,,0.9,230,,,,0.0,0,,,,15.0,7680,
10,,,12.0,96,,,,0.0,0,,,,1.0,256,,,,0.0,0,,,,15.0,7680,
11,,,13.2,106,,,,0.0,0,,,,1.1,282,,,,0.0,0,,,,15.0,7680,
12,,,14.4,115,,,,0.0,0,,,,1.2,307,,,,0.0,0,,,,15.0,7680,
13,,,15.6,125,,,,0.0,0,,,,1.3,333,,,,0.0,0,,,,15.0,7680,
14,,,16.8,134,,,,0.0,0,,,,1.4,358,,,,0.0,0,,,,15.0,7680,
15,,,18.0,144,,,,0.0,0,,,,1.5,384,,,,0.0,0,,,,15.0,7680,
16,830.0,6640,19.2,154,810.8,10.0,25,0.0,0,10.0,,,1.6,410,,,,0.0,0,,,,15.0,7680,
17,,,20.4,163,,,,0.0,0,,62.5,16000,1.7,435,60.8,50.0,1000,0.0,0,50.0,15.0,7680,15.0,7680,0.0
18,,,21.6,173,,,,0.0,0,,,,1.8,461,,,,0.0,0,,,,15.0,7680,
19,,,22.8,182,,,,0.0,0,,,,1.9,486,,,,0.0,0,,,,15.0,7680,
20,,,24.0,192,,,,0.0,0,,,,2.0,512,,,,0.0,0,,,,15.0,7680,
21,,,25.2,202,,,,0.0,0,,,,2.1,538,,,,0.0,0,,,,15.0,7680,
22,,,26.4,211,,,,0.0,0,,,,2.2,563,,,,0.0,0,,,,15.0,7680,
23,,,27.6,221,,,,0.0,0,,,,2.3,589,,,,0.0,0,,,,15.0,7680,
24,,,28.8,230,,,,0.0,0,,,,2.4,614,,,,0.0,0,,,,15.0,7680,
25,,,30.0,240,,,,0.0,0,,,,2.5,640,,,,0.0,0,,,,15.0,7680,
26,,,31.2,250,,,,0.0,0,,,,2.6,666,,,,0.0,0,,,,15.0,7680,
27,,,32.4,259,,,,0.0,0,,,,2.7,691,,,,0.0,0,,,,15.0,7680,
28,,,33.6,269,,,,0.0,0,,,,2.8,717,,,,0.0,0,,,,15.0,7680,
29,,,34.8,278,,,,0.0,0,,,,2.9,742,,,,0.0,0,,,,15.0,7680,
30,,,36.0,288,,,,0.0,0,,,,3.0,768,,,,0.0,0,,,,15.0,7680,
31,,,37.2,298,,,,0.0,0,,,,3.1,794,,,,0.0,0,,,,15.0,7680,
32,,,38.4,307,,,,0.0,0,,,,3.2,819,,,,0.0,0,,,,15.0,7680,
33,860.0,6880,39.6,317,820.4,10.0,25,0.0,0,10.0,65.0,16640,3.3,845,61.7,50.0,1000,0.0,0,50.0,15.0,7680,15.0,7680,0.0
34,,,40.8,326,,,,0.0,0,,,,3.4,870,,,,0.0,0,,,,15.0,7680,
35,,,42.0,336,,,,0.0,0,,,,3.5,896,,,,0.0,0,,,,15.0,7680,
36,,,43.2,346,,,,0.0,0,,,,3.6,922,,,,0.0,0,,,,15.0,7680,
37,,,44.4,355,,,,0.0,0,,,,3.7,947,,,,0.0,0,,,,15.0,7680,
38,,,45.6,365,,,,0.0,0,,,,3.8,973,,,,0.0,0,,,,15.0,7680,
39,,,46.8,374,,,,0.0,0,,,,3.9,998,,,,0.0,0,,,,15.0,7680,
40,,,48.0,384,,,,0.0,0,,,,4.0,1024,,,,0.0,0,,,,15.0,7680,
41,,,49.2,394,,,,0.0,0,,,,4.1,1050,,,,0.0,0,,,,15.0,7680,
42,,,50.4,403,,,,0.0,0,,,,4.2,1075,,,,0.0,0,,,,15.0,7680,
43,,,51.6,413,,,,0.0,0,,,,4.3,1101,,,,0.0,0,,,,15.0,7680,
44,,,52.8,422,,,,0.0,0,,,,4.4,1126,,,,0.0,0,,,,15.0,7680,
45,,,54.0,432,,,,0.0,0,,,,4.5,1152,,,,0.0,0,,,,15.0,7680,
46,,,55.2,442,,,,0.0,0,,,,4.6,1178,,,,0.0,0,,,,15.0,7680,
47,,,56.4,451,,,,0.0,0,,,,4.7,1203,,,,0.0,0,,,,15.0,7680,
48,,,57.6,461,,,,0.0,0,,,,4.8,1229,,,,0.0,0,,,,15.0,7680,
49,,,58.8,470,,,,0.0,0,,,,4.9,1254,,,,0.0,0,,,,15.0,7680,
50,890.0,7120,60.0,480,830.0,10.0,25,0.0,0,10.0,67.5,17280,5.0,1280,62.5,50.0,1000,0.0,0,50.0,15.0,7680,15.0,7680,0.0
51,,,61.2,490,,,,0.0,0,,,,5.1,1306,,,,0.0,0,,,,15.0,7680,
52,,,62.4,499,,,,0.0,0,,,,5.2,1331,,,,0.0,0,,,,15.0,7680,
53,,,63.6,509,,,,0.0,0,,,,5.3,1357,,,,0.0,0,,,,15.0,7680,
54,,,64.8,518,,,,0.0,0,,,,5.4,1382,,,,0.0,0,,,,15.0,7680,
55,,,66.0,528,,,,0.0,0,,,,5.5,1408,,,,0.0,0,,,,15.0,7680,
56,,,67.2,538,,,,0.0,0,,,,5.6,1434,,,,0.0,0,,,,15.0,7680,
57,,,68.4,547,,,,0.0,0,,,,5.7,1459,,,,0.0,0,,,,15.0,7680,
58,,,69.6,557,,,,0.0,0,,,,5.8,1485,,,,0.0,0,,,,15.0,7680,
59,,,70.8,566,,,,0.0,0,,,,5.9,1510,,,,0.0,0,,,,15.0,7680,
60,,,72.0,576,,,,0.0,0,,,,6.0,1536,,,,0.0,0,,,,15.0,7680,
61,,,73.2,586,,,,0.0,0,,,,6.1,1562,,,,0.0,0,,,,15.0,7680,
62,,,74.4,595,,,,0.0,0,,,,6.2,1587,,,,0.0,0,,,,15.0,7680,
63,,,75.6,605,,,,0.0,0,,,,6.3,1613,,,,0.0,0,,,,15.0,7680,
64,,,76.8,614,,,,0.0,0,,,,6.4,1638,,,,0.0,0,,,,15.0,7680,
65,,,78.0,624,,,,0.0,0,,,,6.5,1664,,,,0.0,0,,,,15.0,7680,
66,920.0,7360,79.2,634,840.8,10.0,25,0.0,0,10.0,,,6.6,1690,,,,0.0,0,,,,15.0,7680,
67,,,80.4,643,,,,0.0,0,,70.0,17920,6.7,1715,63.3,50.0,1000,0.0,0,50.0,15.0,7680,15.0,7680,0.0
68,,,81.6,653,,,,0.0,0,,,,6.8,1741,,,,0.0,0,,,,15.0,7680,
69,,,82.8,662,,,,0.0,0,,,,6.9,1766,,,,0.0,0,,,,15.0,7680,
70,,,84.0,672,,,,0.0,0,,,,7.0,1792,,,,0.0,0,,,,15.0,7680,
71,,,85.2,682,,,,0.0,0,,,,7.1,1818,,,,0.0,0,,,,15.0,7680,
72,,,86.4,691,,,,0.0,0,,,,7.2,1843,,,,0.0,0,,,,15.0,7680,
73,,,87.6,701,,,,0.0,0,,,,7.3,1869,,,,0.0,0,,,,15.0,7680,
74,,,88.8,710,,,,0.0,0,,,,7.4,1894,,,,0.0,0,,,,15.0,7680,
75,,,90.0,720,,,,0.0,0,,,,7.5,1920,,,,0.0,0,,,,15.0,7680,
76,,,91.2,730,,,,0.0,0,,,,7.6,1946,,,,0.0,0,,,,15.0,7680,
77,,,92.4,739,,,,0.0,0,,,,7.7,1971,,,,0.0,0,,,,15.0,7680,
78,,,93.6,749,,,,0.0,0,,,,7.8,1997,,,,0.0,0,,,,15.0,7680,
79,,,94.8,758,,,,0.0,0,,,,7.9,2022,,,,0.0,0,,,,15.0,7680,
80,,,96.0,768,,,,0.0,0,,,,8.0,2048,,,,0.0,0,,,,15.0,7680,
81,,,97.2,778,,,,0.0,0,,,,8.1,2074,,,,0.0,0,,,,15.0,7680,
82,,,98.4,787,,,,0.0,0,,,,8.2,2099,,,,0.0,0,,,,15.0,7680,
83,950.0,7600,99.6,797,850.4,18.0,45,0.0,0,18.0,72.3984,18534,8.3,2125,64.0984,,,0.0,0,,,,15.0,7680,
84,,,100.8,806,,,,0.0,0,,,,8.4,2150,,50.0,1000,0.0,0,50.0,15.0,7680,15.0,7680,0.0
85,,,102.0,816,,,,0.0,0,,,,8.5,2176,,,,0.0,0,,,,15.0,7680,
86,,,103.2,826,,,,0.0,0,,,,8.6,2202,,,,0.0,0,,,,15.0,7680,
87,,,104.4,835,,,,0.0,0,,,,8.7,2227,,,,0.0,0,,,,15.0,7680,
88,,,105.6,845,,,,0.0,0,,,,8.8,2253,,,,0.0,0,,,,15.0,7680,
89,,,106.8,854,,,,0.0,0,,,,8.9,2278,,,,0.0,0,,,,15.0,7680,
90,,,108.0,864,,,,0.0,0,,,,9.0,2304,,,,0.0,0,,,,15.0,7680,
91,,,109.2,874,,,,0.0,0,,,,9.1,2330,,,,0.0,0,,,,15.0,7680,
92,,,110.4,883,,,,0.0,0,,,,9.2,2355,,,,0.0,0,,,,15.0,7680,
93,,,111.6,893,,,,0.0,0,,,,9.3,2381,,,,0.0,0,,,,15.0,7680,
94,,,112.8,902,,,,0.0,0,,,,9.4,2406,,,,0.0,0,,,,15.0,7680,
95,,,114.0,912,,,,0.0,0,,,,9.5,2432,,,,0.0,0,,,,15.0,7680,
96,,,115.2,922,,,,0.0,0,,,,9.6,2458,,,,0.0,0,,,,15.0,7680,
97,,,116.4,931,,,,0.0,0,,,,9.7,2483,,,,0.0,0,,,,15.0,7680,
98,,,117.6,941,,,,0.0,0,,,,9.8,2509,,,,0.0,0,,,,15.0,7680,
99,,,118.8,950,,,,0.0,0,,,,9.9,2534,,,,0.0,0,,,,15.0,7680,
100,980.0,7840,120.0,960,860.0,18.0,45,0.0,0,18.0,74.6992,19123,10.0,2560,64.6992,50.0,1000,0.0,0,50.0,15.0,7680,15.0,7680,0.0
101,,,121.2,970,,,,0.0,0,,,,10.1,2586,,,,0.0,0,,,,15.0,7680,
102,,,122.4,979,,,,0.0,0,,,,10.2,2611,,,,0.0,0,,,,15.0,7680,
103,,,123.6,989,,,,0.0,0,,,,10.3,2637,,,,0.0,0,,,,15.0,7680,
104,,,124.8,998,,,,0.0,0,,,,10.4,2662,,,,0.0,0,,,,15.0,7680,
105,,,126.0,1008,,,,0.0,0,,,,10.5,2688,,,,0.0,0,,,,15.0,7680,
106,,,127.2,1018,,,,0.0,0,,,,10.6,2714,,,,0.0,0,,,,15.0,7680,
107,,,128.4,1027,,,,0.0,0,,,,10.7,2739,,,,0.0,0,,,,15.0,7680,
108,,,129.6,1037,,,,0.0,0,,,,10.8,2765,,,,0.0,0,,,,15.0,7680,
109,,,130.8,1046,,,,0.0,0,,,,10.9,2790,,,,0.0,0,,,,15.0,7680,
110,,,132.0,1056,,,,0.0,0,,,,11.0,2816,,,,0.0,0,,,,15.0,7680,
111,,,133.2,1066,,,,0.0,0,,,,11.1,2842,,,,0.0,0,,,,15.0,7680,
112,,,134.4,1075,,,,0.0,0,,,,11.2,2867,,,,0.0,0,,,,15.0,7680,
113,,,135.6,1085,,,,0.0,0,,,,11.3,2893,,,,0.0,0,,,,15.0,7680,
114,,,136.8,1094,,,,0.0,0,,,,11.4,2918,,,,0.0,0,,,,15.0,7680,
115,,,138.0,1104,,,,0.0,0,,,,11.5,2944,,,,0.0,0,,,,15.0,7680,
116,1010.0,8080,139.2,1114,870.8,,,0.0,0,,,,11.6,2970,,,,0.0,0,,,,15.0,7680,
117,,,140.4,1123,,18.0,45,0.0,0,18.0,77.0,19712,11.7,2995,65.3,50.0,1000,0.0,0,50.0,15.0,7680,15.0,7680,0.0
118,,,141.6,1133,,,,0.0,0,,,,11.8,3021,,,,0.0,0,,,,15.0,7680,
119,,,142.8,1142,,,,0.0,0,,,,11.9,3046,,,,0.0,0,,,,15.0,7680,
120,,,144.0,1152,,,,0.0,0,,,,12.0,3072,,,,0.0,0,,,,15.0,7680,
121,,,145.2,1162,,,,0.0,0,,,,12.1,3098,,,,0.0,0,,,,15.0,7680,
122,,,146.4,1171,,,,0.0,0,,,,12.2,3123,,,,0.0,0,,,,15.0,7680,
123,,,147.6,1181,,,,0.0,0,,,,12.3,3149,,,,0.0,0,,,,15.0,7680,
124,,,148.8,1190,,,,0.0,0,,,,12.4,3174,,,,0.0,0,,,,15.0,7680,
125,,,150.0,1200,,,,0.0,0,,,,12.5,3200,,,,0.0,0,,,,15.0,7680,
126,,,151.2,1210,,,,0.0,0,,,,12.6,3226,,,,0.0,0,,,,15.0,7680,
127,,,152.4,1219,,,,0.0,0,,,,12.7,3251,,,,0.0,0,,,,15.0,7680,
128,,,153.6,1229,,,,0.0,0,,,,12.8,3277,,,,0.0,0,,,,15.0,7680,
129,,,154.8,1238,,,,0.0,0,,,,12.9,3302,,,,0.0,0,,,,15.0,7680,
130,,,156.0,1248,,,,0.0,0,,,,13.0,3328,,,,0.0,0,,,,15.0,7680,
131,,,157.2,1258,,,,0.0,0,,,,13.1,3354,,,,0.0,0,,,,15.0,7680,
132,,,158.4,1267,,,,0.0,0,,,,13.2,3379,,,,0.0,0,,,,15.0,7680,
133,1040.0,8320,159.6,1277,880.4,18.0,45,0.0,0,18.0,,,13.3,3405,,,,0.0,0,,,,15.0,7680,
134,,,160.8,1286,,,,0.0,0,,79.3008,20301,13.4,3430,65.9008,50.0,1000,0.0,0,50.0,15.0,7680,15.0,7680,0.0
135,,,162.0,1296,,,,0.0,0,,,,13.5,3456,,,,0.0,0,,,,15.0,7680,
136,,,163.2,1306,,,,0.0,0,,,,13.6,3482,,,,0.0,0,,,,15.0,7680,
137,,,164.4,1315,,,,0.0,0,,,,13.7,3507,,,,0.0,0,,,,15.0,7680,
138,,,165.6,1325,,,,0.0,0,,,,13.8,3533,,,,0.0,0,,,,15.0,7680,
139,,,166.8,1334,,,,0.0,0,,,,13.9,3558,,,,0.0,0,,,,15.0,7680,
140,,,168.0,1344,,,,0.0,0,,,,14.0,3584,,,,0.0,0,,,,15.0,7680,
141,,,169.2,1354,,,,0.0,0,,,,14.1,3610,,,,0.0,0,,,,15.0,7680,
142,,,170.4,1363,,,,0.0,0,,,,14.2,3635,,,,0.0,0,,,,15.0,7680,
143,,,171.6,1373,,,,0.0,0,,,,14.3,3661,,,,0.0,0,,,,15.0,7680,
144,,,172.8,1382,,,,0.0,0,,,,14.4,3686,,,,0.0,0,,,,15.0,7680,
145,,,174.0,1392,,,,0.0,0,,,,14.5,3712,,,,0.0,0,,,,15.0,7680,
146,,,175.2,1402,,,,0.0,0,,,,14.6,3738,,,,0.0,0,,,,15.0,7680,
147,,,176.4,1411,,,,0.0,0,,,,14.7,3763,,,,0.0,0,,,,15.0,7680,
148,,,177.6,1421,,,,0.0,0,,,,14.8,3789,,,,0.0,0,,,,15.0,7680,
149,,,178.8,1430,,,,0.0,0,,,,14.9,3814,,,,0.0,0,,,,15.0,7680,
150,1070.0,8560,180.0,1440,890.0,18.0,45,0.0,0,18.0,81.3984,20838,15.0,3840,66.3984,50.0,1000,0.0,0,50.0,15.0,7680,15.0,7680,0.0
151,,,181.2,1450,,,,0.0,0,,,,15.1,3866,,,,0.0,0,,,,15.0,7680,
152,,,182.4,1459,,,,0.0,0,,,,15.2,3891,,,,0.0,0,,,,15.0,7680,
153,,,183.6,1469,,,,0.0,0,,,,15.3,3917,,,,0.0,0,,,,15.0,7680,
154,,,184.8,1478,,,,0.0,0,,,,15.4,3942,,,,0.0,0,,,,15.0,7680,
155,,,186.0,1488,,,,0.0,0,,,,15.5,3968,,,,0.0,0,,,,15.0,7680,
156,,,187.2,1498,,,,0.0,0,,,,15.6,3994,,,,0.0,0,,,,15.0,7680,
157,,,188.4,1507,,,,0.0,0,,,,15.7,4019,,,,0.0,0,,,,15.0,7680,
158,,,189.6,1517,,,,0.0,0,,,,15.8,4045,,,,0.0,0,,,,15.0,7680,
159,,,190.8,1526,,,,0.0,0,,,,15.9,4070,,,,0.0,0,,,,15.0,7680,
160,,,192.0,1536,,,,0.0,0,,,,16.0,4096,,,,0.0,0,,,,15.0,7680,
161,,,193.2,1546,,,,0.0,0,,,,16.1,4122,,,,0.0,0,,,,15.0,7680,
162,,,194.4,1555,,,,0.0,0,,,,16.2,4147,,,,0.0,0,,,,15.0,7680,
163,,,195.6,1565,,,,0.0,0,,,,16.3,4173,,,,0.0,0,,,,15.0,7680,
164,,,196.8,1574,,,,0.0,0,,,,16.4,4198,,,,0.0,0,,,,15.0,7680,
165,,,198.0,1584,,,,0.0,0,,,,16.5,4224,,,,0.0,0,,,,15.0,7680,
166,,,199.2,1594,,,,0.0,0,,,,16.6,4250,,,,0.0,0,,,,15.0,7680,
167,1100.0,8800,200.4,1603,899.6,26.0,65,0.0,0,26.0,83.5,21376,16.7,4275,66.8,50.0,1000,0.0,0,50.0,15.0,7680,15.0,7680,0.0
168,,,201.6,1613,,,,0.0,0,,,,16.8,4301,,,,0.0,0,,,,15.0,7680,
169,,,202.8,1622,,,,0.0,0,,,,16.9,4326,,,,0.0,0,,,,15.0,7680,
170,,,204.0,1632,,,,0.0,0,,,,17.0,4352,,,,0.0,0,,,,15.0,7680,
171,,,205.2,1642,,,,0.0,0,,,,17.1,4378,,,,0.0,0,,,,15.0,7680,
172,,,206.4,1651,,,,0.0,0,,,,17.2,4403,,,,0.0,0,,,,15.0,7680,
173,,,207.6,1661,,,,0.0,0,,,,17.3,4429,,,,0.0,0,,,,15.0,7680,
174,,,208.8,1670,,,,0.0,0,,,,17.4,4454,,,,0.0,0,,,,15.0,7680,
175,,,210.0,1680,,,,0.0,0,,,,17.5,4480,,,,0.0,0,,,,15.0,7680,
176,,,211.2,1690,,,,0.0,0,,,,17.6,4506,,,,0.0,0,,,,15.0,7680,
177,,,212.4,1699,,,,0.0,0,,,,17.7,4531,,,,0.0,0,,,,15.0,7680,
178,,,213.6,1709,,,,0.0,0,,,,17.8,4557,,,,0.0,0,,,,15.0,7680,
179,,,214.8,1718,,,,0.0,0,,,,17.9,4582,,,,0.0,0,,,,15.0,7680,
180,,,216.0,1728,,,,0.0,0,,,,18.0,4608,,,,0.0,0,,,,15.0,7680,
181,,,217.2,1738,,,,0.0,0,,,,18.1,4634,,,,0.0,0,,,,15.0,7680,
182,,,218.4,1747,,,,0.0,0,,,,18.2,4659,,,,0.0,0,,,,15.0,7680,
183,1130.0,9040,219.6,1757,910.4,,,0.0,0,,,,18.3,4685,,,,0.0,0,,,,15.0,7680,
184,,,220.8,1766,,26.0,65,0.0,0,26.0,85.5,21888,18.4,4710,67.1,50.0,1000,0.0,0,50.0,15.0,7680,15.0,7680,0.0
185,,,222.0,1776,,,,0.0,0,,,,18.5,4736,,,,0.0,0,,,,15.0,7680,
186,,,223.2,1786,,,,0.0,0,,,,18.6,4762,,,,0.0,0,,,,15.0,7680,
187,,,224.4,1795,,,,0.0,0,,,,18.7,4787,,,,0.0,0,,,,15.0,7680,
188,,,225.6,1805,,,,0.0,0,,,,18.8,4813,,,,0.0,0,,,,15.0,7680,
189,,,226.8,1814,,,,0.0,0,,,,18.9,4838,,,,0.0,0,,,,15.0,7680,
190,,,228.0,1824,,,,0.0,0,,,,19.0,4864,,,,0.0,0,,,,15.0,7680,
191,,,229.2,1834,,,,0.0,0,,,,19.1,4890,,,,0.0,0,,,,15.0,7680,
192,,,230.4,1843,,,,0.0,0,,,,19.2,4915,,,,0.0,0,,,,15.0,7680,
193,,,231.6,1853,,,,0.0,0,,,,19.3,4941,,,,0.0,0,,,,15.0,7680,
194,,,232.8,1862,,,,0.0,0,,,,19.4,4966,,,,0.0,0,,,,15.0,7680,
195,,,234.0,1872,,,,0.0,0,,,,19.5,4992,,,,0.0,0,,,,15.0,7680,
196,,,235.2,1882,,,,0.0,0,,,,19.6,5018,,,,0.0,0,,,,15.0,7680,
197,,,236.4,1891,,,,0.0,0,,,,19.7,5043,,,,0.0,0,,,,15.0,7680,
198,,,237.6,1901,,,,0.0,0,,,,19.8,5069,,,,0.0,0,,,,15.0,7680,
199,,,238.8,1910,,,,0.0,0,,,,19.9,5094,,,,0.0,0,,,,15.0,7680,
200,1160.0,9280,240.0,1920,920.0,26.0,65,0.0,0,26.0,87.3984,22374,20.0,5120,67.3984,,,0.0,0,,,,15.0,7680,
201,,,241.2,1930,,,,0.0,0,,,,20.1,5146,,50.0,1000,0.0,0,50.0,15.0,7680,15.0,7680,0.0
202,,,242.4,1939,,,,0.0,0,,,,20.2,5171,,,,0.0,0,,,,15.0,7680,
203,,,243.6,1949,,,,0.0,0,,,,20.3,5197,,,,0.0,0,,,,15.0,7680,
204,,,244.8,1958,,,,0.0,0,,,,20.4,5222,,,,0.0,0,,,,15.0,7680,
205,,,246.0,1968,,,,0.0,0,,,,20.5,5248,,,,0.0,0,,,,15.0,7680,
206,,,247.2,1978,,,,0.0,0,,,,20.6,5274,,,,0.0,0,,,,15.0,7680,
207,,,248.4,1987,,,,0.0,0,,,,20.7,5299,,,,0.0,0,,,,15.0,7680,
208,,,249.6,1997,,,,0.0,0,,,,20.8,5325,,,,0.0,0,,,,15.0,7680,
209,,,250.8,2006,,,,0.0,0,,,,20.9,5350,,,,0.0,0,,,,15.0,7680,
210,,,252.0,2016,,,,0.0,0,,,,21.0,5376,,,,0.0,0,,,,15.0,7680,
211,,,253.2,2026,,,,0.0,0,,,,21.1,5402,,,,0.0,0,,,,15.0,7680,
212,,,254.4,2035,,,,0.0,0,,,,21.2,5427,,,,0.0,0,,,,15.0,7680,
213,,,255.6,2045,,,,0.0,0,,,,21.3,5453,,,,0.0,0,,,,15.0,7680,
214,,,256.8,2054,,,,0.0,0,,,,21.4,5478,,,,0.0,0,,,,15.0,7680,
215,,,258.0,2064,,,,0.0,0,,,,21.5,5504,,,,0.0,0,,,,15.0,7680,
216,,,259.2,2074,,,,0.0,0,,,,21.6,5530,,,,0.0,0,,,,15.0,7680,
217,1190.0,9520,260.4,2083,929.6,26.0,65,0.0,0,26.0,89.1992,22835,21.7,5555,67.4992,50.0,1000,0.0,0,50.0,15.0,7680,15.0,7680,0.0
218,,,261.6,2093,,,,0.0,0,,,,21.8,5581,,,,0.0,0,,,,15.0,7680,
219,,,262.8,2102,,,,0.0,0,,,,21.9,5606,,,,0.0,0,,,,15.0,7680,
220,,,264.0,2112,,,,0.0,0,,,,22.0,5632,,,,0.0,0,,,,15.0,7680,
221,,,265.2,2122,,,,0.0,0,,,,22.1,5658,,,,0.0,0,,,,15.0,7680,
222,,,266.4,2131,,,,0.0,0,,,,22.2,5683,,,,0.0,0,,,,15.0,7680,
223,,,267.6,2141,,,,0.0,0,,,,22.3,5709,,,,0.0,0,,,,15.0,7680,
224,,,268.8,2150,,,,0.0,0,,,,22.4,5734,,,,0.0,0,,,,15.0,7680,
225,,,270.0,2160,,,,0.0,0,,,,22.5,5760,,,,0.0,0,,,,15.0,7680,
226,,,271.2,2170,,,,0.0,0,,,,22.6,5786,,,,0.0,0,,,,15.0,7680,
227,,,272.4,2179,,,,0.0,0,,,,22.7,5811,,,,0.0,0,,,,15.0,7680,
228,,,273.6,2189,,,,0.0,0,,,,22.8,5837,,,,0.0,0,,,,15.0,7680,
229,,,274.8,2198,,,,0.0,0,,,,22.9,5862,,,,0.0,0,,,,15.0,7680,
230,,,276.0,2208,,,,0.0,0,,,,23.0,5888,,,,0.0,0,,,,15.0,7680,
231,,,277.2,2218,,,,0.0,0,,,,23.1,5914,,,,0.0,0,,,,15.0,7680,
232,,,278.4,2227,,,,0.0,0,,,,23.2,5939,,,,0.0,0,,,,15.0,7680,
233,,,279.6,2237,,,,0.0,0,,,,23.3,5965,,,,0.0,0,,,,15.0,7680,
234,1220.0,9760,280.8,2246,939.2,26.0,65,0.0,0,26.0,90.8008,23245,23.4,5990,67.4008,50.0,1000,0.0,0,50.0,15.0,7680,15.0,7680,0.0
235,,,282.0,2256,,,,0.0,0,,,,23.5,6016,,,,0.0,0,,,,15.0,7680,
236,,,283.2,2266,,,,0.0,0,,,,23.6,6042,,,,0.0,0,,,,15.0,7680,
237,,,284.4,2275,,,,0.0,0,,,,23.7,6067,,,,0.0,0,,,,15.0,7680,
238,,,285.6,2285,,,,0.0,0,,,,23.8,6093,,,,0.0,0,,,,15.0,7680,
239,,,286.8,2294,,,,0.0,0,,,,23.9,6118,,,,0.0,0,,,,15.0,7680,
240,,,288.0,2304,,,,0.0,0,,,,24.0,6144,,,,0.0,0,,,,15.0,7680,
241,,,289.2,2314,,,,0.0,0,,,,24.1,6170,,,,0.0,0,,,,15.0,7680,
242,,,290.4,2323,,,,0.0,0,,,,24.2,6195,,,,0.0,0,,,,15.0,7680,
243,,,291.6,2333,,,,0.0,0,,,,24.3,6221,,,,0.0,0,,,,15.0,7680,
244,,,292.8,2342,,,,0.0,0,,,,24.4,6246,,,,0.0,0,,,,15.0,7680,
245,,,294.0,2352,,,,0.0,0,,,,24.5,6272,,,,0.0,0,,,,15.0,7680,
246,,,295.2,2362,,,,0.0,0,,,,24.6,6298,,,,0.0,0,,,,15.0,7680,
247,,,296.4,2371,,,,0.0,0,,,,24.7,6323,,,,0.0,0,,,,15.0,7680,
248,,,297.6,2381,,,,0.0,0,,,,24.8,6349,,,,0.0,0,,,,15.0,7680,
249,,,298.8,2390,,,,0.0,0,,,,24.9,6374,,,,0.0,0,,,,15.0,7680,
250,1250.0,10000,300.0,2400,950.0,34.0,85,10.0,25,24.0,,,25.0,6400,,,,0.0,0,,,,15.0,7680,
251,,,301.2,2410,,,,10.0,25,,92.3984,23654,25.1,6426,67.2984,50.0,1000,0.0,0,50.0,15.0,7680,15.0,7680,0.0
252,,,302.4,2419,,,,10.0,25,,,,25.2,6451,,,,0.0,0,,,,15.0,7680,
253,,,303.6,2429,,,,10.0,25,,,,25.3,6477,,,,0.0,0,,,,15.0,7680,
254,,,304.8,2438,,,,10.0,25,,,,25.4,6502,,,,0.0,0,,,,15.0,7680,
255,,,306.0,2448,,,,10.0,25,,,,25.5,6528,,,,0.0,0,,,,15.0,7680,
256,,,307.2,2458,,,,10.0,25,,,,25.6,6554,,,,0.0,0,,,,15.0,7680,
257,,,308.4,2467,,,,10.0,25,,,,25.7,6579,,,,0.0,0,,,,15.0,7680,
258,,,309.6,2477,,,,10.0,25,,,,25.8,6605,,,,0.0,0,,,,15.0,7680,
259,,,310.8,2486,,,,10.0,25,,,,25.9,6630,,,,0.0,0,,,,15.0,7680,
260,,,312.0,2496,,,,10.0,25,,,,26.0,6656,,,,0.0,0,,,,15.0,7680,
261,,,313.2,2506,,,,10.0,25,,,,26.1,6682,,,,0.0,0,,,,15.0,7680,
262,,,314.4,2515,,,,10.0,25,,,,26.2,6707,,,,0.0,0,,,,15.0,7680,
263,,,315.6,2525,,,,10.0,25,,,,26.3,6733,,,,0.0,0,,,,15.0,7680,
264,,,316.8,2534,,,,10.0,25,,,,26.4,6758,,,,0.0,0,,,,15.0,7680,
265,,,318.0,2544,,,,10.0,25,,,,26.5,6784,,,,0.0,0,,,,15.0,7680,
266,,,319.2,2554,,,,10.0,25,,,,26.6,6810,,,,0.0,0,,,,15.0,7680,
267,1280.0,10240,320.4,2563,959.6,34.0,85,10.0,25,24.0,93.8008,24013,26.7,6835,67.1008,,,0.0,0,,,,15.0,7680,
268,,,321.6,2573,,,,10.0,25,,,,26.8,6861,,50.0,1000,0.0,0,50.0,15.0,7680,15.0,7680,0.0
269,,,322.8,2582,,,,10.0,25,,,,26.9,6886,,,,0.0,0,,,,15.0,7680,
270,,,324.0,2592,,,,10.0,25,,,,27.0,6912,,,,0.0,0,,,,15.0,7680,
271,,,325.2,2602,,,,10.0,25,,,,27.1,6938,,,,0.0,0,,,,15.0,7680,
272,,,326.4,2611,,,,10.0,25,,,,27.2,6963,,,,0.0,0,,,,15.0,7680,
273,,,327.6,2621,,,,10.0,25,,,,27.3,6989,,,,0.0,0,,,,15.0,7680,
274,,,328.8,2630,,,,10.0,25,,,,27.4,7014,,,,0.0,0,,,,15.0,7680,
275,,,330.0,2640,,,,10.0,25,,,,27.5,7040,,,,0.0,0,,,,15.0,7680,
276,,,331.2,2650,,,,10.0,25,,,,27.6,7066,,,,0.0,0,,,,15.0,7680,
277,,,332.4,2659,,,,10.0,25,,,,27.7,7091,,,,0.0,0,,,,15.0,7680,
278,,,333.6,2669,,,,10.0,25,,,,27.8,7117,,,,0.0,0,,,,15.0,7680,
279,,,334.8,2678,,,,10.0,25,,,,27.9,7142,,,,0.0,0,,,,15.0,7680,
280,,,336.0,2688,,,,10.0,25,,,,28.0,7168,,,,0.0,0,,,,15.0,7680,
281,,,337.2,2698,,,,10.0,25,,,,28.1,7194,,,,0.0,0,,,,15.0,7680,
282,,,338.4,2707,,,,10.0,25,,,,28.2,7219,,,,0.0,0,,,,15.0,7680,
283,,,339.6,2717,,,,10.0,25,,,,28.3,7245,,,,0.0,0,,,,15.0,7680,
284,1310.0,10480,340.8,2726,969.2,34.0,85,10.0,25,24.0,95.0,24320,28.4,7270,66.6,50.0,1000,0.0,0,50.0,15.0,7680,15.0,7680,0.0
285,,,342.0,2736,,,,10.0,25,,,,28.5,7296,,,,0.0,0,,,,15.0,7680,
286,,,343.2,2746,,,,10.0,25,,,,28.6,7322,,,,0.0,0,,,,15.0,7680,
287,,,344.4,2755,,,,10.0,25,,,,28.7,7347,,,,0.0,0,,,,15.0,7680,
288,,,345.6,2765,,,,10.0,25,,,,28.8,7373,,,,0.0,0,,,,15.0,7680,
289,,,346.8,2774,,,,10.0,25,,,,28.9,7398,,,,0.0,0,,,,15.0,7680,
290,,,348.0,2784,,,,10.0,25,,,,29.0,7424,,,,0.0,0,,,,15.0,7680,
291,,,349.2,2794,,,,10.0,25,,,,29.1,7450,,,,0.0,0,,,,15.0,7680,
292,,,350.4,2803,,,,10.0,25,,,,29.2,7475,,,,0.0,0,,,,15.0,7680,
293,,,351.6,2813,,,,10.0,25,,,,29.3,7501,,,,0.0,0,,,,15.0,7680,
294,,,352.8,2822,,,,10.0,25,,,,29.4,7526,,,,0.0,0,,,,15.0,7680,
295,,,354.0,2832,,,,10.0,25,,,,29.5,7552,,,,0.0,0,,,,15.0,7680,
296,,,355.2,2842,,,,10.0,25,,,,29.6,7578,,,,0.0,0,,,,15.0,7680,
297,,,356.4,2851,,,,10.0,25,,,,29.7,7603,,,,0.0,0,,,,15.0,7680,
298,,,357.6,2861,,,,10.0,25,,,,29.8,7629,,,,0.0,0,,,,15.0,7680,
299,,,358.8,2870,,,,10.0,25,,,,29.9,7654,,,,0.0,0,,,,15.0,7680,
300,1340.0,10720,360.0,2880,980.0,,,10.0,25,,,,30.0,7680,,,,0.0,0,,,,15.0,7680,
301,,,361.2,2890,,34.0,85,10.0,25,24.0,96.1992,24627,30.1,7706,66.0992,50.0,1000,0.0,0,50.0,15.0,7680,15.0,7680,0.0
302,,,362.4,2899,,,,10.0,25,,,,30.2,7731,,,,0.0,0,,,,15.0,7680,
303,,,363.6,2909,,,,10.0,25,,,,30.3,7757,,,,0.0,0,,,,15.0,7680,
304,,,364.8,2918,,,,10.0,25,,,,30.4,7782,,,,0.0,0,,,,15.0,7680,
305,,,366.0,2928,,,,10.0,25,,,,30.5,7808,,,,0.0,0,,,,15.0,7680,
306,,,367.2,2938,,,,10.0,25,,,,30.6,7834,,,,0.0,0,,,,15.0,7680,
307,,,368.4,2947,,,,10.0,25,,,,30.7,7859,,,,0.0,0,,,,15.0,7680,
308,,,369.6,2957,,,,10.0,25,,,,30.8,7885,,,,0.0,0,,,,15.0,7680,
309,,,370.8,2966,,,,10.0,25,,,,30.9,7910,,,,0.0,0,,,,15.0,7680,
310,,,372.0,2976,,,,10.0,25,,,,31.0,7936,,,,0.0,0,,,,15.0,7680,
311,,,373.2,2986,,,,10.0,25,,,,31.1,7962,,,,0.0,0,,,,15.0,7680,
312,,,374.4,2995,,,,10.0,25,,,,31.2,7987,,,,0.0,0,,,,15.0,7680,
313,,,375.6,3005,,,,10.0,25,,,,31.3,8013,,,,0.0,0,,,,15.0,7680,
314,,,376.8,3014,,,,10.0,25,,,,31.4,8038,,,,0.0,0,,,,15.0,7680,
315,,,378.0,3024,,,,10.0,25,,,,31.5,8064,,,,0.0,0,,,,15.0,7680,
316,,,379.2,3034,,,,10.0,25,,,,31.6,8090,,,,0.0,0,,,,15.0,7680,
317,1370.0,10960,380.4,3043,989.6,34.0,85,10.0,25,24.0,97.1992,24883,31.7,8115,65.4992,,,0.0,0,,,,15.0,7680,
318,,,381.6,3053,,,,10.0,25,,,,31.8,8141,,50.0,1000,0.0,0,50.0,15.0,7680,15.0,7680,0.0
319,,,382.8,3062,,,,10.0,25,,,,31.9,8166,,,,0.0,0,,,,15.0,7680,
320,,,384.0,3072,,,,10.0,25,,,,32.0,8192,,,,0.0,0,,,,15.0,7680,
321,,,385.2,3082,,,,10.0,25,,,,32.1,8218,,,,0.0,0,,,,15.0,7680,
322,,,386.4,3091,,,,10.0,25,,,,32.2,8243,,,,0.0,0,,,,15.0,7680,
323,,,387.6,3101,,,,10.0,25,,,,32.3,8269,,,,0.0,0,,,,15.0,7680,
324,,,388.8,3110,,,,10.0,25,,,,32.4,8294,,,,0.0,0,,,,15.0,7680,
325,,,390.0,3120,,,,10.0,25,,,,32.5,8320,,,,0.0,0,,,,15.0,7680,
326,,,391.2,3130,,,,10.0,25,,,,32.6,8346,,,,0.0,0,,,,15.0,7680,
327,,,392.4,3139,,,,10.0,25,,,,32.7,8371,,,,0.0,0,,,,15.0,7680,
328,,,393.6,3149,,,,10.0,25,,,,32.8,8397,,,,0.0,0,,,,15.0,7680,
329,,,394.8,3158,,,,10.0,25,,,,32.9,8422,,,,0.0,0,,,,15.0,7680,
330,,,396.0,3168,,,,10.0,25,,,,33.0,8448,,,,0.0,0,,,,15.0,7680,
331,,,397.2,3178,,,,10.0,25,,,,33.1,8474,,,,0.0,0,,,,15.0,7680,
332,,,398.4,3187,,,,10.0,25,,,,33.2,8499,,,,0.0,0,,,,15.0,7680,
333,,,399.6,3197,,,,10.0,25,,,,33.3,8525,,,,0.0,0,,,,15.0,7680,
334,1400.0,11200,400.8,3206,999.2,42.0,105,10.0,25,32.0,98.0,25088,33.4,8550,64.6,50.0,1000,0.0,0,50.0,15.0,7680,15.0,7680,0.0
335,,,402.0,3216,,,,10.0,25,,,,33.5,8576,,,,0.0,0,,,,15.0,7680,
336,,,403.2,3226,,,,10.0,25,,,,33.6,8602,,,,0.0,0,,,,15.0,7680,
337,,,404.4,3235,,,,10.0,25,,,,33.7,8627,,,,0.0,0,,,,15.0,7680,
338,,,405.6,3245,,,,10.0,25,,,,33.8,8653,,,,0.0,0,,,,15.0,7680,
339,,,406.8,3254,,,,10.0,25,,,,33.9,8678,,,,0.0,0,,,,15.0,7680,
340,,,408.0,3264,,,,10.0,25,,,,34.0,8704,,,,0.0,0,,,,15.0,7680,
341,,,409.2,3274,,,,10.0,25,,,,34.1,8730,,,,0.0,0,,,,15.0,7680,
342,,,410.4,3283,,,,10.0,25,,,,34.2,8755,,,,0.0,0,,,,15.0,7680,
343,,,411.6,3293,,,,10.0,25,,,,34.3,8781,,,,0.0,0,,,,15.0,7680,
344,,,412.8,3302,,,,10.0,25,,,,34.4,8806,,,,0.0,0,,,,15.0,7680,
345,,,414.0,3312,,,,10.0,25,,,,34.5,8832,,,,0.0,0,,,,15.0,7680,
346,,,415.2,3322,,,,10.0,25,,,,34.6,8858,,,,0.0,0,,,,15.0,7680,
347,,,416.4,3331,,,,10.0,25,,,,34.7,8883,,,,0.0,0,,,,15.0,7680,
348,,,417.6,3341,,,,10.0,25,,,,34.8,8909,,,,0.0,0,,,,15.0,7680,
349,,,418.8,3350,,,,10.0,25,,,,34.9,8934,,,,0.0,0,,,,15.0,7680,
350,,,420.0,3360,,,,10.0,25,,,,35.0,8960,,,,0.0,0,,,,15.0,7680,
351,1430.0,11440,421.2,3370,1008.8,42.0,105,10.0,25,32.0,98.6992,25267,35.1,8986,63.5992,50.0,1000,0.0,0,50.0,15.0,7680,15.0,7680,0.0
352,,,422.4,3379,,,,10.0,25,,,,35.2,9011,,,,0.0,0,,,,15.0,7680,
353,,,423.6,3389,,,,10.0,25,,,,35.3,9037,,,,0.0,0,,,,15.0,7680,
354,,,424.8,3398,,,,10.0,25,,,,35.4,9062,,,,0.0,0,,,,15.0,7680,
355,,,426.0,3408,,,,10.0,25,,,,35.5,9088,,,,0.0,0,,,,15.0,7680,
356,,,427.2,3418,,,,10.0,25,,,,35.6,9114,,,,0.0,0,,,,15.0,7680,
357,,,428.4,3427,,,,10.0,25,,,,35.7,9139,,,,0.0,0,,,,15.0,7680,
358,,,429.6,3437,,,,10.0,25,,,,35.8,9165,,,,0.0,0,,,,15.0,7680,
359,,,430.8,3446,,,,10.0,25,,,,35.9,9190,,,,0.0,0,,,,15.0,7680,
360,,,432.0,3456,,,,10.0,25,,,,36.0,9216,,,,0.0,0,,,,15.0,7680,
361,,,433.2,3466,,,,10.0,25,,,,36.1,9242,,,,0.0,0,,,,15.0,7680,
362,,,434.4,3475,,,,10.0,25,,,,36.2,9267,,,,0.0,0,,,,15.0,7680,
363,,,435.6,3485,,,,10.0,25,,,,36.3,9293,,,,0.0,0,,,,15.0,7680,
364,,,436.8,3494,,,,10.0,25,,,,36.4,9318,,,,0.0,0,,,,15.0,7680,
365,,,438.0,3504,,,,10.0,25,,,,36.5,9344,,,,0.0,0,,,,15.0,7680,
366,,,439.2,3514,,,,10.0,25,,,,36.6,9370,,,,0.0,0,,,,15.0,7680,
367,1460.0,11680,440.4,3523,1019.6,42.0,105,10.0,25,32.0,,,36.7,9395,,,,0.0,0,,,,15.0,7680,
368,,,441.6,3533,,,,10.0,25,,99.3008,25421,36.8,9421,62.5008,50.0,1000,0.0,0,50.0,15.0,7680,15.0,7680,0.0
369,,,442.8,3542,,,,10.0,25,,,,36.9,9446,,,,0.0,0,,,,15.0,7680,
370,,,444.0,3552,,,,10.0,25,,,,37.0,9472,,,,0.0,0,,,,15.0,7680,
371,,,445.2,3562,,,,10.0,25,,,,37.1,9498,,,,0.0,0,,,,15.0,7680,
372,,,446.4,3571,,,,10.0,25,,,,37.2,9523,,,,0.0,0,,,,15.0,7680,
373,,,447.6,3581,,,,10.0,25,,,,37.3,9549,,,,0.0,0,,,,15.0,7680,
374,,,448.8,3590,,,,10.0,25,,,,37.4,9574,,,,0.0,0,,,,15.0,7680,
375,,,450.0,3600,,,,10.0,25,,,,37.5,9600,,,,0.0,0,,,,15.0,7680,
376,,,451.2,3610,,,,10.0,25,,,,37.6,9626,,,,0.0,0,,,,15.0,7680,
377,,,452.4,3619,,,,10.0,25,,,,37.7,9651,,,,0.0,0,,,,15.0,7680,
378,,,453.6,3629,,,,10.0,25,,,,37.8,9677,,,,0.0,0,,,,15.0,7680,
379,,,454.8,3638,,,,10.0,25,,,,37.9,9702,,,,0.0,0,,,,15.0,7680,
380,,,456.0,3648,,,,10.0,25,,,,38.0,9728,,,,0.0,0,,,,15.0,7680,
381,,,457.2,3658,,,,10.0,25,,,,38.1,9754,,,,0.0,0,,,,15.0,7680,
382,,,458.4,3667,,,,10.0,25,,,,38.2,9779,,,,0.0,0,,,,15.0,7680,
383,,,459.6,3677,,,,10.0,25,,,,38.3,9805,,,,0.0,0,,,,15.0,7680,
384,1490.0,11920,460.8,3686,1029.2,42.0,105,10.0,25,32.0,99.6992,25523,38.4,9830,61.2992,,,0.0,0,,,,15.0,7680,
385,,,462.0,3696,,,,10.0,25,,,,38.5,9856,,50.0,1000,0.0,0,50.0,15.0,7680,15.0,7680,0.0
386,,,463.2,3706,,,,10.0,25,,,,38.6,9882,,,,0.0,0,,,,15.0,7680,
387,,,464.4,3715,,,,10.0,25,,,,38.7,9907,,,,0.0,0,,,,15.0,7680,
388,,,465.6,3725,,,,10.0,25,,,,38.8,9933,,,,0.0,0,,,,15.0,7680,
389,,,466.8,3734,,,,10.0,25,,,,38.9,9958,,,,0.0,0,,,,15.0,7680,
390,,,468.0,3744,,,,10.0,25,,,,39.0,9984,,,,0.0,0,,,,15.0,7680,
391,,,469.2,3754,,,,10.0,25,,,,39.1,10010,,,,0.0,0,,,,15.0,7680,
392,,,470.4,3763,,,,10.0,25,,,,39.2,10035,,,,0.0,0,,,,15.0,7680,
393,,,471.6,3773,,,,10.0,25,,,,39.3,10061,,,,0.0,0,,,,15.0,7680,
394,,,472.8,3782,,,,10.0,25,,,,39.4,10086,,,,0.0,0,,,,15.0,7680,
395,,,474.0,3792,,,,10.0,25,,,,39.5,10112,,,,0.0,0,,,,15.0,7680,
396,,,475.2,3802,,,,10.0,25,,,,39.6,10138,,,,0.0,0,,,,15.0,7680,
397,,,476.4,3811,,,,10.0,25,,,,39.7,10163,,,,0.0,0,,,,15.0,7680,
398,,,477.6,3821,,,,10.0,25,,,,39.8,10189,,,,0.0,0,,,,15.0,7680,
399,,,478.8,3830,,,,10.0,25,,,,39.9,10214,,,,0.0,0,,,,15.0,7680,
400,,,480.0,3840,,,,10.0,25,,,,40.0,10240,,,,0.0,0,,,,15.0,7680,
401,1520.0,12160,481.2,3850,1038.8,42.0,105,10.0,25,32.0,99.8984,25574,40.1,10266,59.7984,50.0,1000,0.0,0,50.0,15.0,7680,15.0,7680,0.0
402,,,482.4,3859,,,,10.0,25,,,,40.2,10291,,,,0.0,0,,,,15.0,7680,
403,,,483.6,3869,,,,10.0,25,,,,40.3,10317,,,,0.0,0,,,,15.0,7680,
404,,,484.8,3878,,,,10.0,25,,,,40.4,10342,,,,0.0,0,,,,15.0,7680,
405,,,486.0,3888,,,,10.0,25,,,,40.5,10368,,,,0.0,0,,,,15.0,7680,
406,,,487.2,3898,,,,10.0,25,,,,40.6,10394,,,,0.0,0,,,,15.0,7680,
407,,,488.4,3907,,,,10.0,25,,,,40.7,10419,,,,0.0,0,,,,15.0,7680,
408,,,489.6,3917,,,,10.0,25,,,,40.8,10445,,,,0.0,0,,,,15.0,7680,
409,,,490.8,3926,,,,10.0,25,,,,40.9,10470,,,,0.0,0,,,,15.0,7680,
410,,,492.0,3936,,,,10.0,25,,,,41.0,10496,,,,0.0,0,,,,15.0,7680,
411,,,493.2,3946,,,,10.0,25,,,,41.1,10522,,,,0.0,0,,,,15.0,7680,
412,,,494.4,3955,,,,10.0,25,,,,41.2,10547,,,,0.0,0,,,,15.0,7680,
413,,,495.6,3965,,,,10.0,25,,,,41.3,10573,,,,0.0,0,,,,15.0,7680,
414,,,496.8,3974,,,,10.0,25,,,,41.4,10598,,,,0.0,0,,,,15.0,7680,
415,,,498.0,3984,,,,10.0,25,,,,41.5,10624,,,,0.0,0,,,,15.0,7680,
416,,,499.2,3994,,,,10.0,25,,,,41.6,10650,,,,0.0,0,,,,15.0,7680,
417,1550.0,12400,500.4,4003,1049.6,,,10.0,25,,,,41.7,10675,,,,0.0,0,,,,15.0,7680,
418,,,501.6,4013,,50.0,125,10.0,25,40.0,100.0,25600,41.8,10701,58.2,120.0,2400,0.0,0,120.0,15.0,7680,15.0,7680,0.0
419,,,502.8,4022,,,,10.0,25,,,,41.9,10726,,,,0.0,0,,,,15.0,7680,
420,,,504.0,4032,,,,10.0,25,,,,42.0,10752,,,,0.0,0,,,,15.0,7680,
421,,,505.2,4042,,,,10.0,25,,,,42.1,10778,,,,0.0,0,,,,15.0,7680,
422,,,506.4,4051,,,,10.0,25,,,,42.2,10803,,,,0.0,0,,,,15.0,7680,
423,,,507.6,4061,,,,10.0,25,,,,42.3,10829,,,,0.0,0,,,,15.0,7680,
424,,,508.8,4070,,,,10.0,25,,,,42.4,10854,,,,0.0,0,,,,15.0,7680,
425,,,510.0,4080,,,,10.0,25,,,,42.5,10880,,,,0.0,0,,,,15.0,7680,
426,,,511.2,4090,,,,10.0,25,,,,42.6,10906,,,,0.0,0,,,,15.0,7680,
427,,,512.4,4099,,,,10.0,25,,,,42.7,10931,,,,0.0,0,,,,15.0,7680,
428,,,513.6,4109,,,,10.0,25,,,,42.8,10957,,,,0.0,0,,,,15.0,7680,
429,,,514.8,4118,,,,10.0,25,,,,42.9,10982,,,,0.0,0,,,,15.0,7680,
430,,,516.0,4128,,,,10.0,25,,,,43.0,11008,,,,0.0,0,,,,15.0,7680,
431,,,517.2,4138,,,,10.0,25,,,,43.1,11034,,,,0.0,0,,,,15.0,7680,
432,,,518.4,4147,,,,10.0,25,,,,43.2,11059,,,,0.0,0,,,,15.0,7680,
433,,,519.6,4157,,,,10.0,25,,,,43.3,11085,,,,0.0,0,,,,15.0,7680,
434,1580.0,12640,520.8,4166,1059.2,50.0,125,10.0,25,40.0,,,43.4,11110,,,,0.0,0,,,,15.0,7680,
435,,,522.0,4176,,,,10.0,25,,99.8984,25574,43.5,11136,56.3984,120.0,2400,0.0,0,120.0,15.0,7680,15.0,7680,0.0
436,,,523.2,4186,,,,10.0,25,,,,43.6,11162,,,,0.0,0,,,,15.0,7680,
437,,,524.4,4195,,,,10.0,25,,,,43.7,11187,,,,0.0,0,,,,15.0,7680,
438,,,525.6,4205,,,,10.0,25,,,,43.8,11213,,,,0.0,0,,,,15.0,7680,
439,,,526.8,4214,,,,10.0,25,,,,43.9,11238,,,,0.0,0,,,,15.0,7680,
440,,,528.0,4224,,,,10.0,25,,,,44.0,11264,,,,0.0,0,,,,15.0,7680,
441,,,529.2,4234,,,,10.0,25,,,,44.1,11290,,,,0.0,0,,,,15.0,7680,
442,,,530.4,4243,,,,10.0,25,,,,44.2,11315,,,,0.0,0,,,,15.0,7680,
443,,,531.6,4253,,,,10.0,25,,,,44.3,11341,,,,0.0,0,,,,15.0,7680,
444,,,532.8,4262,,,,10.0,25,,,,44.4,11366,,,,0.0,0,,,,15.0,7680,
445,,,534.0,4272,,,,10.0,25,,,,44.5,11392,,,,0.0,0,,,,15.0,7680,
446,,,535.2,4282,,,,10.0,25,,,,44.6,11418,,,,0.0,0,,,,15.0,7680,
447,,,536.4,4291,,,,10.0,25,,,,44.7,11443,,,,0.0,0,,,,15.0,7680,
448,,,537.6,4301,,,,10.0,25,,,,44.8,11469,,,,0.0,0,,,,15.0,7680,
449,,,538.8,4310,,,,10.0,25,,,,44.9,11494,,,,0.0,0,,,,15.0,7680,
450,,,540.0,4320,,,,10.0,25,,,,45.0,11520,,,,0.0,0,,,,15.0,7680,
451,1610.0,12880,541.2,4330,1068.8,50.0,125,10.0,25,40.0,99.6992,25523,45.1,11546,54.5992,120.0,2400,0.0,0,120.0,15.0,7680,15.0,7680,0.0
452,,,542.4,4339,,,,10.0,25,,,,45.2,11571,,,,0.0,0,,,,15.0,7680,
453,,,543.6,4349,,,,10.0,25,,,,45.3,11597,,,,0.0,0,,,,15.0,7680,
454,,,544.8,4358,,,,10.0,25,,,,45.4,11622,,,,0.0,0,,,,15.0,7680,
455,,,546.0,4368,,,,10.0,25,,,,45.5,11648,,,,0.0,0,,,,15.0,7680,
456,,,547.2,4378,,,,10.0,25,,,,45.6,11674,,,,0.0,0,,,,15.0,7680,
457,,,548.4,4387,,,,10.0,25,,,,45.7,11699,,,,0.0,0,,,,15.0,7680,
458,,,549.6,4397,,,,10.0,25,,,,45.8,11725,,,,0.0,0,,,,15.0,7680,
459,,,550.8,4406,,,,10.0,25,,,,45.9,11750,,,,0.0,0,,,,15.0,7680,
460,,,552.0,4416,,,,10.0,25,,,,46.0,11776,,,,0.0,0,,,,15.0,7680,
461,,,553.2,4426,,,,10.0,25,,,,46.1,11802,,,,0.0,0,,,,15.0,7680,
462,,,554.4,4435,,,,10.0,25,,,,46.2,11827,,,,0.0,0,,,,15.0,7680,
463,,,555.6,4445,,,,10.0,25,,,,46.3,11853,,,,0.0,0,,,,15.0,7680,
464,,,556.8,4454,,,,10.0,25,,,,46.4,11878,,,,0.0,0,,,,15.0,7680,
465,,,558.0,4464,,,,10.0,25,,,,46.5,11904,,,,0.0,0,,,,15.0,7680,
466,,,559.2,4474,,,,10.0,25,,,,46.6,11930,,,,0.0,0,,,,15.0,7680,
467,,,560.4,4483,,,,10.0,25,,,,46.7,11955,,,,0.0,0,,,,15.0,7680,
468,1640.0,13120,561.6,4493,1078.4,50.0,125,10.0,25,40.0,99.3008,25421,46.8,11981,52.5008,120.0,2400,0.0,0,120.0,15.0,7680,15.0,7680,0.0
469,,,562.8,4502,,,,10.0,25,,,,46.9,12006,,,,0.0,0,,,,15.0,7680,
470,,,564.0,4512,,,,10.0,25,,,,47.0,12032,,,,0.0,0,,,,15.0,7680,
471,,,565.2,4522,,,,10.0,25,,,,47.1,12058,,,,0.0,0,,,,15.0,7680,
472,,,566.4,4531,,,,10.0,25,,,,47.2,12083,,,,0.0,0,,,,15.0,7680,
473,,,567.6,4541,,,,10.0,25,,,,47.3,12109,,,,0.0,0,,,,15.0,7680,
474,,,568.8,4550,,,,10.0,25,,,,47.4,12134,,,,0.0,0,,,,15.0,7680,
475,,,570.0,4560,,,,10.0,25,,,,47.5,12160,,,,0.0,0,,,,15.0,7680,
476,,,571.2,4570,,,,10.0,25,,,,47.6,12186,,,,0.0,0,,,,15.0,7680,
477,,,572.4,4579,,,,10.0,25,,,,47.7,12211,,,,0.0,0,,,,15.0,7680,
478,,,573.6,4589,,,,10.0,25,,,,47.8,12237,,,,0.0,0,,,,15.0,7680,
479,,,574.8,4598,,,,10.0,25,,,,47.9,12262,,,,0.0,0,,,,15.0,7680,
480,,,576.0,4608,,,,10.0,25,,,,48.0,12288,,,,0.0,0,,,,15.0,7680,
481,,,577.2,4618,,,,10.0,25,,,,48.1,12314,,,,0.0,0,,,,15.0,7680,
482,,,578.4,4627,,,,10.0,25,,,,48.2,12339,,,,0.0,0,,,,15.0,7680,
483,,,579.6,4637,,,,10.0,25,,,,48.3,12365,,,,0.0,0,,,,15.0,7680,
484,1670.0,13360,580.8,4646,1089.2,,,10.0,25,,,,48.4,12390,,,,0.0,0,,,,15.0,7680,
485,,,582.0,4656,,50.0,125,10.0,25,40.0,98.6992,25267,48.5,12416,50.1992,120.0,2400,0.0,0,120.0,15.0,7680,15.0,7680,0.0
486,,,583.2,4666,,,,10.0,25,,,,48.6,12442,,,,0.0,0,,,,15.0,7680,
487,,,584.4,4675,,,,10.0,25,,,,48.7,12467,,,,0.0,0,,,,15.0,7680,
488,,,585.6,4685,,,,10.0,25,,,,48.8,12493,,,,0.0,0,,,,15.0,7680,
489,,,586.8,4694,,,,10.0,25,,,,48.9,12518,,,,0.0,0,,,,15.0,7680,
490,,,588.0,4704,,,,10.0,25,,,,49.0,12544,,,,0.0,0,,,,15.0,7680,
491,,,589.2,4714,,,,10.0,25,,,,49.1,12570,,,,0.0,0,,,,15.0,7680,
492,,,590.4,4723,,,,10.0,25,,,,49.2,12595,,,,0.0,0,,,,15.0,7680,
493,,,591.6,4733,,,,10.0,25,,,,49.3,12621,,,,0.0,0,,,,15.0,7680,
494,,,592.8,4742,,,,10.0,25,,,,49.4,12646,,,,0.0,0,,,,15.0,7680,
495,,,594.0,4752,,,,10.0,25,,,,49.5,12672,,,,0.0,0,,,,15.0,7680,
496,,,595.2,4762,,,,10.0,25,,,,49.6,12698,,,,0.0,0,,,,15.0,7680,
497,,,596.4,4771,,,,10.0,25,,,,49.7,12723,,,,0.0,0,,,,15.0,7680,
498,,,597.6,4781,,,,10.0,25,,,,49.8,12749,,,,0.0,0,,,,15.0,7680,
499,,,598.8,4790,,,,10.0,25,,,,49.9,12774,,,,0.0,0,,,,15.0,7680,
500,,,600.0,4800,,,,20.0,50,,,,50.0,12800,,,,0.0,0,,,,15.0,7680,
501,1700.0,13600,601.2,4810,1098.8,58.0,145,20.0,50,38.0,98.0,25088,50.0471,12812,47.9529,,,0.0,0,,,,15.0,7680,
502,,,602.4,4819,,,,20.0,50,,,,50.0942,12824,,120.0,2400,0.0,0,120.0,15.0,7680,15.0,7680,0.0
503,,,603.6,4829,,,,20.0,50,,,,50.1414,12836,,,,0.0,0,,,,15.0,7680,
504,,,604.8,4838,,,,20.0,50,,,,50.1885,12848,,,,0.0,0,,,,15.0,7680,
505,,,606.0,4848,,,,20.0,50,,,,50.2356,12860,,,,0.0,0,,,,15.0,7680,
506,,,607.2,4858,,,,20.0,50,,,,50.2827,12872,,,,0.0,0,,,,15.0,7680,
507,,,608.4,4867,,,,20.0,50,,,,50.3299,12884,,,,0.0,0,,,,15.0,7680,
508,,,609.6,4877,,,,20.0,50,,,,50.377,12897,,,,0.0,0,,,,15.0,7680,
509,,,610.8,4886,,,,20.0,50,,,,50.4241,12909,,,,0.0,0,,,,15.0,7680,
510,,,612.0,4896,,,,20.0,50,,,,50.4712,12921,,,,0.0,0,,,,15.0,7680,
511,,,613.2,4906,,,,20.0,50,,,,50.5183,12933,,,,0.0,0,,,,15.0,7680,
512,,,614.4,4915,,,,20.0,50,,,,50.5655,12945,,,,0.0,0,,,,15.0,7680,
513,,,615.6,4925,,,,20.0,50,,,,50.6126,12957,,,,0.0,0,,,,15.0,7680,
514,,,616.8,4934,,,,20.0,50,,,,50.6597,12969,,,,0.0,0,,,,15.0,7680,
515,,,618.0,4944,,,,20.0,50,,,,50.7068,12981,,,,0.0,0,,,,15.0,7680,
516,,,619.2,4954,,,,20.0,50,,,,50.7539,12993,,,,0.0,0,,,,15.0,7680,
517,,,620.4,4963,,,,20.0,50,,,,50.801,13005,,,,0.0,0,,,,15.0,7680,
518,1730.0,13840,621.6,4973,1108.4,58.0,145,20.0,50,38.0,97.1992,24883,50.8481,13017,46.3511,120.0,2400,0.0,0,120.0,15.0,7680,15.0,7680,0.0
519,,,622.8,4982,,,,20.0,50,,,,50.8952,13029,,,,0.0,0,,,,15.0,7680,
520,,,624.0,4992,,,,20.0,50,,,,50.9423,13041,,,,0.0,0,,,,15.0,7680,
521,,,625.2,5002,,,,20.0,50,,,,50.9894,13053,,,,0.0,0,,,,15.0,7680,
522,,,626.4,5011,,,,20.0,50,,,,51.0365,13065,,,,0.0,0,,,,15.0,7680,
523,,,627.6,5021,,,,20.0,50,,,,51.0836,13077,,,,0.0,0,,,,15.0,7680,
524,,,628.8,5030,,,,20.0,50,,,,51.1307,13089,,,,0.0,0,,,,15.0,7680,
525,,,630.0,5040,,,,20.0,50,,,,51.1778,13102,,,,0.0,0,,,,15.0,7680,
526,,,631.2,5050,,,,20.0,50,,,,51.2249,13114,,,,0.0,0,,,,15.0,7680,
527,,,632.4,5059,,,,20.0,50,,,,51.272,13126,,,,0.0,0,,,,15.0,7680,
528,,,633.6,5069,,,,20.0,50,,,,51.319,13138,,,,0.0,0,,,,15.0,7680,
529,,,634.8,5078,,,,20.0,50,,,,51.3661,13150,,,,0.0,0,,,,15.0,7680,
530,,,636.0,5088,,,,20.0,50,,,,51.4132,13162,,,,0.0,0,,,,15.0,7680,
531,,,637.2,5098,,,,20.0,50,,,,51.4603,13174,,,,0.0,0,,,,15.0,7680,
532,,,638.4,5107,,,,20.0,50,,,,51.5073,13186,,,,0.0,0,,,,15.0,7680,
533,,,639.6,5117,,,,20.0,50,,,,51.5544,13198,,,,0.0,0,,,,15.0,7680,
534,1760.0,14080,640.8,5126,1119.2,,,20.0,50,,,,51.6015,13210,,,,0.0,0,,,,15.0,7680,
535,,,642.0,5136,,58.0,145,20.0,50,38.0,96.1992,24627,51.6485,13222,44.5507,120.0,2400,0.0,0,120.0,15.0,7680,15.0,7680,0.0
536,,,643.2,5146,,,,20.0,50,,,,51.6956,13234,,,,0.0,0,,,,15.0,7680,
537,,,644.4,5155,,,,20.0,50,,,,51.7426,13246,,,,0.0,0,,,,15.0,7680,
538,,,645.6,5165,,,,20.0,50,,,,51.7896,13258,,,,0.0,0,,,,15.0,7680,
539,,,646.8,5174,,,,20.0,50,,,,51.8367,13270,,,,0.0,0,,,,15.0,7680,
540,,,648.0,5184,,,,20.0,50,,,,51.8837,13282,,,,0.0,0,,,,15.0,7680,
541,,,649.2,5194,,,,20.0,50,,,,51.9307,13294,,,,0.0,0,,,,15.0,7680,
542,,,650.4,5203,,,,20.0,50,,,,51.9778,13306,,,,0.0,0,,,,15.0,7680,
543,,,651.6,5213,,,,20.0,50,,,,52.0248,13318,,,,0.0,0,,,,15.0,7680,
544,,,652.8,5222,,,,20.0,50,,,,52.0718,13330,,,,0.0,0,,,,15.0,7680,
545,,,654.0,5232,,,,20.0,50,,,,52.1188,13342,,,,0.0,0,,,,15.0,7680,
546,,,655.2,5242,,,,20.0,50,,,,52.1658,13354,,,,0.0,0,,,,15.0,7680,
547,,,656.4,5251,,,,20.0,50,,,,52.2128,13366,,,,0.0,0,,,,15.0,7680,
548,,,657.6,5261,,,,20.0,50,,,,52.2598,13379,,,,0.0,0,,,,15.0,7680,
549,,,658.8,5270,,,,20.0,50,,,,52.3068,13391,,,,0.0,0,,,,15.0,7680,
550,,,660.0,5280,,,,20.0,50,,,,52.3538,13403,,,,0.0,0,,,,15.0,7680,
551,1790.0,14320,661.2,5290,1128.8,58.0,145,20.0,50,38.0,,,52.4007,13415,,,,0.0,0,,,,15.0,7680,
552,,,662.4,5299,,,,20.0,50,,95.0,24320,52.4477,13427,42.5523,120.0,2400,0.0,0,120.0,15.0,7680,15.0,7680,0.0
553,,,663.6,5309,,,,20.0,50,,,,52.4947,13439,,,,0.0,0,,,,15.0,7680,
554,,,664.8,5318,,,,20.0,50,,,,52.5416,13451,,,,0.0,0,,,,15.0,7680,
555,,,666.0,5328,,,,20.0,50,,,,52.5886,13463,,,,0.0,0,,,,15.0,7680,
556,,,667.2,5338,,,,20.0,50,,,,52.6355,13475,,,,0.0,0,,,,15.0,7680,
557,,,668.4,5347,,,,20.0,50,,,,52.6825,13487,,,,0.0,0,,,,15.0,7680,
558,,,669.6,5357,,,,20.0,50,,,,52.7294,13499,,,,0.0,0,,,,15.0,7680,
559,,,670.8,5366,,,,20.0,50,,,,52.7763,13511,,,,0.0,0,,,,15.0,7680,
560,,,672.0,5376,,,,20.0,50,,,,52.8232,13523,,,,0.0,0,,,,15.0,7680,
561,,,673.2,5386,,,,20.0,50,,,,52.8702,13535,,,,0.0,0,,,,15.0,7680,
562,,,674.4,5395,,,,20.0,50,,,,52.9171,13547,,,,0.0,0,,,,15.0,7680,
563,,,675.6,5405,,,,20.0,50,,,,52.964,13559,,,,0.0,0,,,,15.0,7680,
564,,,676.8,5414,,,,20.0,50,,,,53.0109,13571,,,,0.0,0,,,,15.0,7680,
565,,,678.0,5424,,,,20.0,50,,,,53.0577,13583,,,,0.0,0,,,,15.0,7680,
566,,,679.2,5434,,,,20.0,50,,,,53.1046,13595,,,,0.0,0,,,,15.0,7680,
567,,,680.4,5443,,,,20.0,50,,,,53.1515,13607,,,,0.0,0,,,,15.0,7680,
568,1820.0,14560,681.6,5453,1138.4,58.0,145,20.0,50,38.0,93.8008,24013,53.1983,13619,40.6024,120.0,2400,0.0,0,120.0,15.0,7680,15.0,7680,0.0
569,,,682.8,5462,,,,20.0,50,,,,53.2452,13631,,,,0.0,0,,,,15.0,7680,
570,,,684.0,5472,,,,20.0,50,,,,53.292,13643,,,,0.0,0,,,,15.0,7680,
571,,,685.2,5482,,,,20.0,50,,,,53.3389,13655,,,,0.0,0,,,,15.0,7680,
572,,,686.4,5491,,,,20.0,50,,,,53.3857,13667,,,,0.0,0,,,,15.0,7680,
573,,,687.6,5501,,,,20.0,50,,,,53.4325,13679,,,,0.0,0,,,,15.0,7680,
574,,,688.8,5510,,,,20.0,50,,,,53.4793,13691,,,,0.0,0,,,,15.0,7680,
575,,,690.0,5520,,,,20.0,50,,,,53.5261,13703,,,,0.0,0,,,,15.0,7680,
576,,,691.2,5530,,,,20.0,50,,,,53.5729,13715,,,,0.0,0,,,,15.0,7680,
577,,,692.4,5539,,,,20.0,50,,,,53.6197,13727,,,,0.0,0,,,,15.0,7680,
578,,,693.6,5549,,,,20.0,50,,,,53.6665,13739,,,,0.0,0,,,,15.0,7680,
579,,,694.8,5558,,,,20.0,50,,,,53.7132,13751,,,,0.0,0,,,,15.0,7680,
580,,,696.0,5568,,,,20.0,50,,,,53.76,13763,,,,0.0,0,,,,15.0,7680,
581,,,697.2,5578,,,,20.0,50,,,,53.8067,13775,,,,0.0,0,,,,15.0,7680,
582,,,698.4,5587,,,,20.0,50,,,,53.8535,13786,,,,0.0,0,,,,15.0,7680,
583,,,699.6,5597,,,,20.0,50,,,,53.9002,13798,,,,0.0,0,,,,15.0,7680,
584,,,700.8,5606,,,,20.0,50,,,,53.9469,13810,,,,0.0,0,,,,15.0,7680,
585,1850.0,14800,702.0,5616,1148.0,66.0,165,20.0,50,46.0,92.3984,23654,53.9936,13822,38.4048,120.0,2400,0.0,0,120.0,15.0,7680,15.0,7680,0.0
586,,,703.2,5626,,,,20.0,50,,,,54.0403,13834,,,,0.0,0,,,,15.0,7680,
587,,,704.4,5635,,,,20.0,50,,,,54.087,13846,,,,0.0,0,,,,15.0,7680,
588,,,705.6,5645,,,,20.0,50,,,,54.1337,13858,,,,0.0,0,,,,15.0,7680,
589,,,706.8,5654,,,,20.0,50,,,,54.1804,13870,,,,0.0,0,,,,15.0,7680,
590,,,708.0,5664,,,,20.0,50,,,,54.227,13882,,,,0.0,0,,,,15.0,7680,
591,,,709.2,5674,,,,20.0,50,,,,54.2737,13894,,,,0.0,0,,,,15.0,7680,
592,,,710.4,5683,,,,20.0,50,,,,54.3203,13906,,,,0.0,0,,,,15.0,7680,
593,,,711.6,5693,,,,20.0,50,,,,54.367,13918,,,,0.0,0,,,,15.0,7680,
594,,,712.8,5702,,,,20.0,50,,,,54.4136,13930,,,,0.0,0,,,,15.0,7680,
595,,,714.0,5712,,,,20.0,50,,,,54.4602,13942,,,,0.0,0,,,,15.0,7680,
596,,,715.2,5722,,,,20.0,50,,,,54.5068,13954,,,,0.0,0,,,,15.0,7680,
597,,,716.4,5731,,,,20.0,50,,,,54.5534,13966,,,,0.0,0,,,,15.0,7680,
598,,,717.6,5741,,,,20.0,50,,,,54.5999,13978,,,,0.0,0,,,,15.0,7680,
599,,,718.8,5750,,,,20.0,50,,,,54.6465,13990,,,,0.0,0,,,,15.0,7680,
600,,,720.0,5760,,,,20.0,50,,,,54.693,14001,,,,0.0,0,,,,15.0,7680,
601,1880.0,15040,721.2,5770,1158.8,,,20.0,50,,,,54.7396,14013,,,,0.0,0,,,,15.0,7680,
602,,,722.4,5779,,66.0,165,20.0,50,46.0,90.8008,23245,54.7861,14025,36.0147,120.0,2400,0.0,0,120.0,15.0,7680,15.0,7680,0.0
603,,,723.6,5789,,,,20.0,50,,,,54.8326,14037,,,,0.0,0,,,,15.0,7680,
604,,,724.8,5798,,,,20.0,50,,,,54.8791,14049,,,,0.0,0,,,,15.0,7680,
605,,,726.0,5808,,,,20.0,50,,,,54.9256,14061,,,,0.0,0,,,,15.0,7680,
606,,,727.2,5818,,,,20.0,50,,,,54.9721,14073,,,,0.0,0,,,,15.0,7680,
607,,,728.4,5827,,,,20.0,50,,,,55.0185,14085,,,,0.0,0,,,,15.0,7680,
608,,,729.6,5837,,,,20.0,50,,,,55.065,14097,,,,0.0,0,,,,15.0,7680,
609,,,730.8,5846,,,,20.0,50,,,,55.1114,14109,,,,0.0,0,,,,15.0,7680,
610,,,732.0,5856,,,,20.0,50,,,,55.1579,14120,,,,0.0,0,,,,15.0,7680,
611,,,733.2,5866,,,,20.0,50,,,,55.2043,14132,,,,0.0,0,,,,15.0,7680,
612,,,734.4,5875,,,,20.0,50,,,,55.2507,14144,,,,0.0,0,,,,15.0,7680,
613,,,735.6,5885,,,,20.0,50,,,,55.2971,14156,,,,0.0,0,,,,15.0,7680,
614,,,736.8,5894,,,,20.0,50,,,,55.3435,14168,,,,0.0,0,,,,15.0,7680,
615,,,738.0,5904,,,,20.0,50,,,,55.3898,14180,,,,0.0,0,,,,15.0,7680,
616,,,739.2,5914,,,,20.0,50,,,,55.4362,14192,,,,0.0,0,,,,15.0,7680,
617,,,740.4,5923,,,,20.0,50,,,,55.4825,14204,,,,0.0,0,,,,15.0,7680,
618,1910.0,15280,741.6,5933,1168.4,66.0,165,20.0,50,46.0,89.1992,22835,55.5288,14215,33.6704,,,0.0,0,,,,15.0,7680,
619,,,742.8,5942,,,,20.0,50,,,,55.5751,14227,,120.0,2400,0.0,0,120.0,15.0,7680,15.0,7680,0.0
620,,,744.0,5952,,,,20.0,50,,,,55.6214,14239,,,,0.0,0,,,,15.0,7680,
621,,,745.2,5962,,,,20.0,50,,,,55.6677,14251,,,,0.0,0,,,,15.0,7680,
622,,,746.4,5971,,,,20.0,50,,,,55.714,14263,,,,0.0,0,,,,15.0,7680,
623,,,747.6,5981,,,,20.0,50,,,,55.7602,14275,,,,0.0,0,,,,15.0,7680,
624,,,748.8,5990,,,,20.0,50,,,,55.8065,14286,,,,0.0,0,,,,15.0,7680,
625,,,750.0,6000,,,,20.0,50,,,,55.8527,14298,,,,0.0,0,,,,15.0,7680,
626,,,751.2,6010,,,,20.0,50,,,,55.8989,14310,,,,0.0,0,,,,15.0,7680,
627,,,752.4,6019,,,,20.0,50,,,,55.9451,14322,,,,0.0,0,,,,15.0,7680,
628,,,753.6,6029,,,,20.0,50,,,,55.9913,14334,,,,0.0,0,,,,15.0,7680,
629,,,754.8,6038,,,,20.0,50,,,,56.0375,14346,,,,0.0,0,,,,15.0,7680,
630,,,756.0,6048,,,,20.0,50,,,,56.0836,14357,,,,0.0,0,,,,15.0,7680,
631,,,757.2,6058,,,,20.0,50,,,,56.1298,14369,,,,0.0,0,,,,15.0,7680,
632,,,758.4,6067,,,,20.0,50,,,,56.1759,14381,,,,0.0,0,,,,15.0,7680,
633,,,759.6,6077,,,,20.0,50,,,,56.222,14393,,,,0.0,0,,,,15.0,7680,
634,,,760.8,6086,,,,20.0,50,,,,56.2681,14405,,,,0.0,0,,,,15.0,7680,
635,1940.0,15520,762.0,6096,1178.0,66.0,165,20.0,50,46.0,87.3984,22374,56.3142,14416,31.0843,120.0,2400,0.0,0,120.0,15.0,7680,15.0,7680,0.0
636,,,763.2,6106,,,,20.0,50,,,,56.3602,14428,,,,0.0,0,,,,15.0,7680,
637,,,764.4,6115,,,,20.0,50,,,,56.4063,14440,,,,0.0,0,,,,15.0,7680,
638,,,765.6,6125,,,,20.0,50,,,,56.4523,14452,,,,0.0,0,,,,15.0,7680,
639,,,766.8,6134,,,,20.0,50,,,,56.4983,14464,,,,0.0,0,,,,15.0,7680,
640,,,768.0,6144,,,,20.0,50,,,,56.5443,14475,,,,0.0,0,,,,15.0,7680,
641,,,769.2,6154,,,,20.0,50,,,,56.5903,14487,,,,0.0,0,,,,15.0,7680,
642,,,770.4,6163,,,,20.0,50,,,,56.6362,14499,,,,0.0,0,,,,15.0,7680,
643,,,771.6,6173,,,,20.0,50,,,,56.6822,14511,,,,0.0,0,,,,15.0,7680,
644,,,772.8,6182,,,,20.0,50,,,,56.7281,14522,,,,0.0,0,,,,15.0,7680,
645,,,774.0,6192,,,,20.0,50,,,,56.774,14534,,,,0.0,0,,,,15.0,7680,
646,,,775.2,6202,,,,20.0,50,,,,56.8199,14546,,,,0.0,0,,,,15.0,7680,
647,,,776.4,6211,,,,20.0,50,,,,56.8658,14558,,,,0.0,0,,,,15.0,7680,
648,,,777.6,6221,,,,20.0,50,,,,56.9117,14569,,,,0.0,0,,,,15.0,7680,
649,,,778.8,6230,,,,20.0,50,,,,56.9575,14581,,,,0.0,0,,,,15.0,7680,
650,,,780.0,6240,,,,20.0,50,,,,57.0034,14593,,,,0.0,0,,,,15.0,7680,
651,,,781.2,6250,,,,20.0,50,,,,57.0492,14605,,,,0.0,0,,,,15.0,7680,
652,1970.0,15760,782.4,6259,1187.6,66.0,165,20.0,50,46.0,85.5,21888,57.095,14616,28.405,120.0,2400,0.0,0,120.0,15.0,7680,15.0,7680,0.0
653,,,783.6,6269,,,,20.0,50,,,,57.1407,14628,,,,0.0,0,,,,15.0,7680,
654,,,784.8,6278,,,,20.0,50,,,,57.1865,14640,,,,0.0,0,,,,15.0,7680,
655,,,786.0,6288,,,,20.0,50,,,,57.2323,14651,,,,0.0,0,,,,15.0,7680,
656,,,787.2,6298,,,,20.0,50,,,,57.278,14663,,,,0.0,0,,,,15.0,7680,
657,,,788.4,6307,,,,20.0,50,,,,57.3237,14675,,,,0.0,0,,,,15.0,7680,
658,,,789.6,6317,,,,20.0,50,,,,57.3694,14687,,,,0.0,0,,,,15.0,7680,
659,,,790.8,6326,,,,20.0,50,,,,57.415,14698,,,,0.0,0,,,,15.0,7680,
660,,,792.0,6336,,,,20.0,50,,,,57.4607,14710,,,,0.0,0,,,,15.0,7680,
661,,,793.2,6346,,,,20.0,50,,,,57.5063,14722,,,,0.0,0,,,,15.0,7680,
662,,,794.4,6355,,,,20.0,50,,,,57.5519,14733,,,,0.0,0,,,,15.0,7680,
663,,,795.6,6365,,,,20.0,50,,,,57.5975,14745,,,,0.0,0,,,,15.0,7680,
664,,,796.8,6374,,,,20.0,50,,,,57.6431,14757,,,,0.0,0,,,,15.0,7680,
665,,,798.0,6384,,,,20.0,50,,,,57.6887,14768,,,,0.0,0,,,,15.0,7680,
666,,,799.2,6394,,,,20.0,50,,,,57.7342,14780,,,,0.0,0,,,,15.0,7680,
667,,,800.4,6403,,,,20.0,50,,,,57.7797,14792,,,,0.0,0,,,,15.0,7680,
668,2000.0,16000,801.6,6413,1198.4,74.0,185,20.0,50,54.0,,,57.8252,14803,,,,0.0,0,,,,15.0,7680,
669,,,802.8,6422,,,,20.0,50,,83.5,21376,57.8707,14815,25.6293,120.0,2400,0.0,0,120.0,15.0,7680,15.0,7680,0.0
670,,,804.0,6432,,,,20.0,50,,,,57.9162,14827,,,,0.0,0,,,,15.0,7680,
671,,,805.2,6442,,,,20.0,50,,,,57.9616,14838,,,,0.0,0,,,,15.0,7680,
672,,,806.4,6451,,,,20.0,50,,,,58.0071,14850,,,,0.0,0,,,,15.0,7680,
673,,,807.6,6461,,,,20.0,50,,,,58.0525,14861,,,,0.0,0,,,,15.0,7680,
674,,,808.8,6470,,,,20.0,50,,,,58.0978,14873,,,,0.0,0,,,,15.0,7680,
675,,,810.0,6480,,,,20.0,50,,,,58.1432,14885,,,,0.0,0,,,,15.0,7680,
676,,,811.2,6490,,,,20.0,50,,,,58.1886,14896,,,,0.0,0,,,,15.0,7680,
677,,,812.4,6499,,,,20.0,50,,,,58.2339,14908,,,,0.0,0,,,,15.0,7680,
678,,,813.6,6509,,,,20.0,50,,,,58.2792,14919,,,,0.0,0,,,,15.0,7680,
679,,,814.8,6518,,,,20.0,50,,,,58.3245,14931,,,,0.0,0,,,,15.0,7680,
680,,,816.0,6528,,,,20.0,50,,,,58.3697,14943,,,,0.0,0,,,,15.0,7680,
681,,,817.2,6538,,,,20.0,50,,,,58.415,14954,,,,0.0,0,,,,15.0,7680,
682,,,818.4,6547,,,,20.0,50,,,,58.4602,14966,,,,0.0,0,,,,15.0,7680,
683,,,819.6,6557,,,,20.0,50,,,,58.5054,14977,,,,0.0,0,,,,15.0,7680,
684,,,820.8,6566,,,,20.0,50,,,,58.5506,14989,,,,0.0,0,,,,15.0,7680,
685,2030.0,16240,822.0,6576,1208.0,74.0,185,20.0,50,54.0,81.3984,20838,58.5957,15001,22.8027,,,0.0,0,,,,15.0,7680,
686,,,823.2,6586,,,,20.0,50,,,,58.6409,15012,,120.0,2400,0.0,0,120.0,15.0,7680,15.0,7680,0.0
687,,,824.4,6595,,,,20.0,50,,,,58.686,15024,,,,0.0,0,,,,15.0,7680,
688,,,825.6,6605,,,,20.0,50,,,,58.7311,15035,,,,0.0,0,,,,15.0,7680,
689,,,826.8,6614,,,,20.0,50,,,,58.7762,15047,,,,0.0,0,,,,15.0,7680,
690,,,828.0,6624,,,,20.0,50,,,,58.8212,15058,,,,0.0,0,,,,15.0,7680,
691,,,829.2,6634,,,,20.0,50,,,,58.8662,15070,,,,0.0,0,,,,15.0,7680,
692,,,830.4,6643,,,,20.0,50,,,,58.9112,15081,,,,0.0,0,,,,15.0,7680,
693,,,831.6,6653,,,,20.0,50,,,,58.9562,15093,,,,0.0,0,,,,15.0,7680,
694,,,832.8,6662,,,,20.0,50,,,,59.0012,15104,,,,0.0,0,,,,15.0,7680,
695,,,834.0,6672,,,,20.0,50,,,,59.0461,15116,,,,0.0,0,,,,15.0,7680,
696,,,835.2,6682,,,,20.0,50,,,,59.0911,15127,,,,0.0,0,,,,15.0,7680,
697,,,836.4,6691,,,,20.0,50,,,,59.136,15139,,,,0.0,0,,,,15.0,7680,
698,,,837.6,6701,,,,20.0,50,,,,59.1808,15150,,,,0.0,0,,,,15.0,7680,
699,,,838.8,6710,,,,20.0,50,,,,59.2257,15162,,,,0.0,0,,,,15.0,7680,
700,,,840.0,6720,,,,20.0,50,,,,59.2705,15173,,,,0.0,0,,,,15.0,7680,
701,,,841.2,6730,,,,20.0,50,,,,59.3153,15185,,,,0.0,0,,,,15.0,7680,
702,2060.0,16480,842.4,6739,1217.6,74.0,185,20.0,50,54.0,79.3008,20301,59.3601,15196,19.9407,120.0,2400,0.0,0,120.0,15.0,7680,15.0,7680,0.0
703,,,843.6,6749,,,,20.0,50,,,,59.4049,15208,,,,0.0,0,,,,15.0,7680,
704,,,844.8,6758,,,,20.0,50,,,,59.4496,15219,,,,0.0,0,,,,15.0,7680,
705,,,846.0,6768,,,,20.0,50,,,,59.4943,15231,,,,0.0,0,,,,15.0,7680,
706,,,847.2,6778,,,,20.0,50,,,,59.539,15242,,,,0.0,0,,,,15.0,7680,
707,,,848.4,6787,,,,20.0,50,,,,59.5837,15253,,,,0.0,0,,,,15.0,7680,
708,,,849.6,6797,,,,20.0,50,,,,59.6283,15265,,,,0.0,0,,,,15.0,7680,
709,,,850.8,6806,,,,20.0,50,,,,59.6729,15276,,,,0.0,0,,,,15.0,7680,
710,,,852.0,6816,,,,20.0,50,,,,59.7175,15288,,,,0.0,0,,,,15.0,7680,
711,,,853.2,6826,,,,20.0,50,,,,59.7621,15299,,,,0.0,0,,,,15.0,7680,
712,,,854.4,6835,,,,20.0,50,,,,59.8066,15311,,,,0.0,0,,,,15.0,7680,
713,,,855.6,6845,,,,20.0,50,,,,59.8512,15322,,,,0.0,0,,,,15.0,7680,
714,,,856.8,6854,,,,20.0,50,,,,59.8957,15333,,,,0.0,0,,,,15.0,7680,
715,,,858.0,6864,,,,20.0,50,,,,59.9401,15345,,,,0.0,0,,,,15.0,7680,
716,,,859.2,6874,,,,20.0,50,,,,59.9846,15356,,,,0.0,0,,,,15.0,7680,
717,,,860.4,6883,,,,20.0,50,,,,60.029,15367,,,,0.0,0,,,,15.0,7680,
718,2090.0,16720,861.6,6893,1228.4,,,20.0,50,,,,60.0734,15379,,,,0.0,0,,,,15.0,7680,
719,,,862.8,6902,,74.0,185,20.0,50,54.0,77.0,19712,60.1178,15390,16.8822,120.0,2400,0.0,0,120.0,15.0,7680,15.0,7680,0.0
720,,,864.0,6912,,,,20.0,50,,,,60.1621,15402,,,,0.0,0,,,,15.0,7680,
721,,,865.2,6922,,,,20.0,50,,,,60.2065,15413,,,,0.0,0,,,,15.0,7680,
722,,,866.4,6931,,,,20.0,50,,,,60.2508,15424,,,,0.0,0,,,,15.0,7680,
723,,,867.6,6941,,,,20.0,50,,,,60.295,15436,,,,0.0,0,,,,15.0,7680,
724,,,868.8,6950,,,,20.0,50,,,,60.3393,15447,,,,0.0,0,,,,15.0,7680,
725,,,870.0,6960,,,,20.0,50,,,,60.3835,15458,,,,0.0,0,,,,15.0,7680,
726,,,871.2,6970,,,,20.0,50,,,,60.4277,15469,,,,0.0,0,,,,15.0,7680,
727,,,872.4,6979,,,,20.0,50,,,,60.4719,15481,,,,0.0,0,,,,15.0,7680,
728,,,873.6,6989,,,,20.0,50,,,,60.516,15492,,,,0.0,0,,,,15.0,7680,
729,,,874.8,6998,,,,20.0,50,,,,60.5602,15503,,,,0.0,0,,,,15.0,7680,
730,,,876.0,7008,,,,20.0,50,,,,60.6042,15515,,,,0.0,0,,,,15.0,7680,
731,,,877.2,7018,,,,20.0,50,,,,60.6483,15526,,,,0.0,0,,,,15.0,7680,
732,,,878.4,7027,,,,20.0,50,,,,60.6924,15537,,,,0.0,0,,,,15.0,7680,
733,,,879.6,7037,,,,20.0,50,,,,60.7364,15549,,,,0.0,0,,,,15.0,7680,
734,,,880.8,7046,,,,20.0,50,,,,60.7804,15560,,,,0.0,0,,,,15.0,7680,
735,2120.0,16960,882.0,7056,1238.0,74.0,185,20.0,50,54.0,74.6992,19123,60.8243,15571,13.8749,,,0.0,0,,,,15.0,7680,
736,,,883.2,7066,,,,20.0,50,,,,60.8683,15582,,120.0,2400,0.0,0,120.0,15.0,7680,15.0,7680,0.0
737,,,884.4,7075,,,,20.0,50,,,,60.9122,15594,,,,0.0,0,,,,15.0,7680,
738,,,885.6,7085,,,,20.0,50,,,,60.9561,15605,,,,0.0,0,,,,15.0,7680,
739,,,886.8,7094,,,,20.0,50,,,,60.9999,15616,,,,0.0,0,,,,15.0,7680,
740,,,888.0,7104,,,,20.0,50,,,,61.0437,15627,,,,0.0,0,,,,15.0,7680,
741,,,889.2,7114,,,,20.0,50,,,,61.0875,15638,,,,0.0,0,,,,15.0,7680,
742,,,890.4,7123,,,,20.0,50,,,,61.1313,15650,,,,0.0,0,,,,15.0,7680,
743,,,891.6,7133,,,,20.0,50,,,,61.1751,15661,,,,0.0,0,,,,15.0,7680,
744,,,892.8,7142,,,,20.0,50,,,,61.2188,15672,,,,0.0,0,,,,15.0,7680,
745,,,894.0,7152,,,,20.0,50,,,,61.2625,15683,,,,0.0,0,,,,15.0,7680,
746,,,895.2,7162,,,,20.0,50,,,,61.3061,15694,,,,0.0,0,,,,15.0,7680,
747,,,896.4,7171,,,,20.0,50,,,,61.3498,15706,,,,0.0,0,,,,15.0,7680,
748,,,897.6,7181,,,,20.0,50,,,,61.3934,15717,,,,0.0,0,,,,15.0,7680,
749,,,898.8,7190,,,,20.0,50,,,,61.437,15728,,,,0.0,0,,,,15.0,7680,
750,,,900.0,7200,,,,30.0,75,,,,61.4805,15739,,,,0.0,0,,,,15.0,7680,
751,,,901.2,7210,,,,30.0,75,,,,61.524,15750,,,,0.0,0,,,,15.0,7680,
752,2150.0,17200,902.4,7219,1247.6,82.0,205,30.0,75,52.0,72.3984,18534,61.5675,15761,10.8309,120.0,2400,0.0,0,120.0,15.0,7680,15.0,7680,0.0
753,,,903.6,7229,,,,30.0,75,,,,61.611,15772,,,,0.0,0,,,,15.0,7680,
754,,,904.8,7238,,,,30.0,75,,,,61.6544,15784,,,,0.0,0,,,,15.0,7680,
755,,,906.0,7248,,,,30.0,75,,,,61.6978,15795,,,,0.0,0,,,,15.0,7680,
756,,,907.2,7258,,,,30.0,75,,,,61.7412,15806,,,,0.0,0,,,,15.0,7680,
757,,,908.4,7267,,,,30.0,75,,,,61.7846,15817,,,,0.0,0,,,,15.0,7680,
758,,,909.6,7277,,,,30.0,75,,,,61.8279,15828,,,,0.0,0,,,,15.0,7680,
759,,,910.8,7286,,,,30.0,75,,,,61.8712,15839,,,,0.0,0,,,,15.0,7680,
760,,,912.0,7296,,,,30.0,75,,,,61.9144,15850,,,,0.0,0,,,,15.0,7680,
761,,,913.2,7306,,,,30.0,75,,,,61.9577,15861,,,,0.0,0,,,,15.0,7680,
762,,,914.4,7315,,,,30.0,75,,,,62.0009,15872,,,,0.0,0,,,,15.0,7680,
763,,,915.6,7325,,,,30.0,75,,,,62.044,15883,,,,0.0,0,,,,15.0,7680,
764,,,916.8,7334,,,,30.0,75,,,,62.0872,15894,,,,0.0,0,,,,15.0,7680,
765,,,918.0,7344,,,,30.0,75,,,,62.1303,15905,,,,0.0,0,,,,15.0,7680,
766,,,919.2,7354,,,,30.0,75,,,,62.1734,15916,,,,0.0,0,,,,15.0,7680,
767,,,920.4,7363,,,,30.0,75,,,,62.2164,15927,,,,0.0,0,,,,15.0,7680,
768,,,921.6,7373,,,,30.0,75,,,,62.2595,15938,,,,0.0,0,,,,15.0,7680,
769,2180.0,17440,922.8,7382,1257.2,82.0,205,30.0,75,52.0,70.0,17920,62.3025,15949,7.6975,120.0,2400,0.0,0,120.0,15.0,7680,15.0,7680,0.0
770,,,924.0,7392,,,,30.0,75,,,,62.3454,15960,,,,0.0,0,,,,15.0,7680,
771,,,925.2,7402,,,,30.0,75,,,,62.3884,15971,,,,0.0,0,,,,15.0,7680,
772,,,926.4,7411,,,,30.0,75,,,,62.4313,15982,,,,0.0,0,,,,15.0,7680,
773,,,927.6,7421,,,,30.0,75,,,,62.4741,15993,,,,0.0,0,,,,15.0,7680,
774,,,928.8,7430,,,,30.0,75,,,,62.517,16004,,,,0.0,0,,,,15.0,7680,
775,,,930.0,7440,,,,30.0,75,,,,62.5598,16015,,,,0.0,0,,,,15.0,7680,
776,,,931.2,7450,,,,30.0,75,,,,62.6026,16026,,,,0.0,0,,,,15.0,7680,
777,,,932.4,7459,,,,30.0,75,,,,62.6453,16037,,,,0.0,0,,,,15.0,7680,
778,,,933.6,7469,,,,30.0,75,,,,62.688,16048,,,,0.0,0,,,,15.0,7680,
779,,,934.8,7478,,,,30.0,75,,,,62.7307,16059,,,,0.0,0,,,,15.0,7680,
780,,,936.0,7488,,,,30.0,75,,,,62.7734,16070,,,,0.0,0,,,,15.0,7680,
781,,,937.2,7498,,,,30.0,75,,,,62.816,16081,,,,0.0,0,,,,15.0,7680,
782,,,938.4,7507,,,,30.0,75,,,,62.8586,16092,,,,0.0,0,,,,15.0,7680,
783,,,939.6,7517,,,,30.0,75,,,,62.9012,16103,,,,0.0,0,,,,15.0,7680,
784,,,940.8,7526,,,,30.0,75,,,,62.9437,16114,,,,0.0,0,,,,15.0,7680,
785,2210.0,17680,942.0,7536,1268.0,82.0,205,30.0,75,52.0,,,62.9862,16124,,,,0.0,0,,,,15.0,7680,
786,,,943.2,7546,,,,30.0,75,,67.5,17280,63.0286,16135,4.4714,120.0,2400,0.0,0,120.0,15.0,7680,15.0,7680,0.0
787,,,944.4,7555,,,,30.0,75,,,,63.0711,16146,,,,0.0,0,,,,15.0,7680,
788,,,945.6,7565,,,,30.0,75,,,,63.1135,16157,,,,0.0,0,,,,15.0,7680,
789,,,946.8,7574,,,,30.0,75,,,,63.1558,16168,,,,0.0,0,,,,15.0,7680,
790,,,948.0,7584,,,,30.0,75,,,,63.1982,16179,,,,0.0,0,,,,15.0,7680,
791,,,949.2,7594,,,,30.0,75,,,,63.2405,16190,,,,0.0,0,,,,15.0,7680,
792,,,950.4,7603,,,,30.0,75,,,,63.2827,16200,,,,0.0,0,,,,15.0,7680,
793,,,951.6,7613,,,,30.0,75,,,,63.325,16211,,,,0.0,0,,,,15.0,7680,
794,,,952.8,7622,,,,30.0,75,,,,63.3672,16222,,,,0.0,0,,,,15.0,7680,
795,,,954.0,7632,,,,30.0,75,,,,63.4094,16233,,,,0.0,0,,,,15.0,7680,
796,,,955.2,7642,,,,30.0,75,,,,63.4515,16244,,,,0.0,0,,,,15.0,7680,
797,,,956.4,7651,,,,30.0,75,,,,63.4936,16254,,,,0.0,0,,,,15.0,7680,
798,,,957.6,7661,,,,30.0,75,,,,63.5357,16265,,,,0.0,0,,,,15.0,7680,
799,,,958.8,7670,,,,30.0,75,,,,63.5777,16276,,,,0.0,0,,,,15.0,7680,
800,,,960.0,7680,,,,30.0,75,,,,63.6197,16287,,,,0.0,0,,,,15.0,7680,
801,,,961.2,7690,,,,30.0,75,,,,63.6617,16297,,,,0.0,0,,,,15.0,7680,
802,2240.0,17920,962.4,7699,1277.6,82.0,205,30.0,75,52.0,65.0,16640,63.7036,16308,1.2964,,,0.0,0,,,,15.0,7680,
803,,,963.6,7709,,,,30.0,75,,,,63.7455,16319,,120.0,2400,0.0,0,120.0,15.0,7680,15.0,7680,0.0
804,,,964.8,7718,,,,30.0,75,,,,63.7874,16330,,,,0.0,0,,,,15.0,7680,
805,,,966.0,7728,,,,30.0,75,,,,63.8292,16340,,,,0.0,0,,,,15.0,7680,
806,,,967.2,7738,,,,30.0,75,,,,63.871,16351,,,,0.0,0,,,,15.0,7680,
807,,,968.4,7747,,,,30.0,75,,,,63.9128,16362,,,,0.0,0,,,,15.0,7680,
808,,,969.6,7757,,,,30.0,75,,,,63.9545,16372,,,,0.0,0,,,,15.0,7680,
809,,,970.8,7766,,,,30.0,75,,,,63.9962,16383,,,,0.0,0,,,,15.0,7680,
810,,,972.0,7776,,,,30.0,75,,,,64.0379,16394,,,,0.0,0,,,,15.0,7680,
811,,,973.2,7786,,,,30.0,75,,,,64.0795,16404,,,,0.0,0,,,,15.0,7680,
812,,,974.4,7795,,,,30.0,75,,,,64.1211,16415,,,,0.0,0,,,,15.0,7680,
813,,,975.6,7805,,,,30.0,75,,,,64.1627,16426,,,,0.0,0,,,,15.0,7680,
814,,,976.8,7814,,,,30.0,75,,,,64.2042,16436,,,,0.0,0,,,,15.0,7680,
815,,,978.0,7824,,,,30.0,75,,,,64.2457,16447,,,,0.0,0,,,,15.0,7680,
816,,,979.2,7834,,,,30.0,75,,,,64.2871,16458,,,,0.0,0,,,,15.0,7680,
817,,,980.4,7843,,,,30.0,75,,,,64.3286,16468,,,,0.0,0,,,,15.0,7680,
818,,,981.6,7853,,,,30.0,75,,,,64.3699,16479,,,,0.0,0,,,,15.0,7680,
819,2270.0,18160,982.8,7862,1287.2,82.0,205,30.0,75,52.0,62.5,16000,64.4113,16489,-1.9113,120.0,2400,0.0,0,120.0,15.0,7680,15.0,7680,0.0
820,,,984.0,7872,,,,30.0,75,,,,64.4526,16500,,,,0.0,0,,,,15.0,7680,
821,,,985.2,7882,,,,30.0,75,,,,64.4939,16510,,,,0.0,0,,,,15.0,7680,
822,,,986.4,7891,,,,30.0,75,,,,64.5351,16521,,,,0.0,0,,,,15.0,7680,
823,,,987.6,7901,,,,30.0,75,,,,64.5763,16532,,,,0.0,0,,,,15.0,7680,
824,,,988.8,7910,,,,30.0,75,,,,64.6175,16542,,,,0.0,0,,,,15.0,7680,
825,,,990.0,7920,,,,30.0,75,,,,64.6586,16553,,,,0.0,0,,,,15.0,7680,
826,,,991.2,7930,,,,30.0,75,,,,64.6997,16563,,,,0.0,0,,,,15.0,7680,
827,,,992.4,7939,,,,30.0,75,,,,64.7408,16574,,,,0.0,0,,,,15.0,7680,
828,,,993.6,7949,,,,30.0,75,,,,64.7818,16584,,,,0.0,0,,,,15.0,7680,
829,,,994.8,7958,,,,30.0,75,,,,64.8228,16595,,,,0.0,0,,,,15.0,7680,
830,,,996.0,7968,,,,30.0,75,,,,64.8638,16605,,,,0.0,0,,,,15.0,7680,
831,,,997.2,7978,,,,30.0,75,,,,64.9047,16616,,,,0.0,0,,,,15.0,7680,
832,,,998.4,7987,,,,30.0,75,,,,64.9456,16626,,,,0.0,0,,,,15.0,7680,
833,,,999.6,7997,,,,30.0,75,,,,64.9864,16637,,,,0.0,0,,,,15.0,7680,
834,,,1000.8,8006,,,,30.0,75,,,,65.0272,16647,,,,0.0,0,,,,15.0,7680,
835,2270.0,18160,1002.0,8016,1268.0,,,30.0,75,,,,65.068,16657,,,,0.0,0,,,,15.0,7680,
836,,,1003.2,8026,,82.0,205,30.0,75,52.0,60.0,15360,65.1087,16668,-5.1087,250.0,5000,0.0,0,250.0,15.0,7680,15.0,7680,0.0
837,,,1004.4,8035,,,,30.0,75,,,,65.1494,16678,,,,0.0,0,,,,15.0,7680,
838,,,1005.6,8045,,,,30.0,75,,,,65.19,16689,,,,0.0,0,,,,15.0,7680,
839,,,1006.8,8054,,,,30.0,75,,,,65.2307,16699,,,,0.0,0,,,,15.0,7680,
840,,,1008.0,8064,,,,30.0,75,,,,65.2712,16709,,,,0.0,0,,,,15.0,7680,
841,,,1009.2,8074,,,,30.0,75,,,,65.3118,16720,,,,0.0,0,,,,15.0,7680,
842,,,1010.4,8083,,,,30.0,75,,,,65.3523,16730,,,,0.0,0,,,,15.0,7680,
843,,,1011.6,8093,,,,30.0,75,,,,65.3928,16741,,,,0.0,0,,,,15.0,7680,
844,,,1012.8,8102,,,,30.0,75,,,,65.4332,16751,,,,0.0,0,,,,15.0,7680,
845,,,1014.0,8112,,,,30.0,75,,,,65.4736,16761,,,,0.0,0,,,,15.0,7680,
846,,,1015.2,8122,,,,30.0,75,,,,65.5139,16772,,,,0.0,0,,,,15.0,7680,
847,,,1016.4,8131,,,,30.0,75,,,,65.5542,16782,,,,0.0,0,,,,15.0,7680,
848,,,1017.6,8141,,,,30.0,75,,,,65.5945,16792,,,,0.0,0,,,,15.0,7680,
849,,,1018.8,8150,,,,30.0,75,,,,65.6348,16802,,,,0.0,0,,,,15.0,7680,
850,,,1020.0,8160,,,,30.0,75,,,,65.675,16813,,,,0.0,0,,,,15.0,7680,
851,,,1021.2,8170,,,,30.0,75,,,,65.7151,16823,,,,0.0,0,,,,15.0,7680,
852,2240.0,17920,1022.4,8179,1217.6,82.0,205,30.0,75,52.0,,,65.7552,16833,,,,0.0,0,,,,15.0,7680,
853,,,1023.6,8189,,,,30.0,75,,57.5,14720,65.7953,16844,-8.2953,250.0,5000,0.0,0,250.0,15.0,7680,15.0,7680,0.0
854,,,1024.8,8198,,,,30.0,75,,,,65.8354,16854,,,,0.0,0,,,,15.0,7680,
855,,,1026.0,8208,,,,30.0,75,,,,65.8754,16864,,,,0.0,0,,,,15.0,7680,
856,,,1027.2,8218,,,,30.0,75,,,,65.9153,16874,,,,0.0,0,,,,15.0,7680,
857,,,1028.4,8227,,,,30.0,75,,,,65.9553,16885,,,,0.0,0,,,,15.0,7680,
858,,,1029.6,8237,,,,30.0,75,,,,65.9951,16895,,,,0.0,0,,,,15.0,7680,
859,,,1030.8,8246,,,,30.0,75,,,,66.035,16905,,,,0.0,0,,,,15.0,7680,
860,,,1032.0,8256,,,,30.0,75,,,,66.0748,16915,,,,0.0,0,,,,15.0,7680,
861,,,1033.2,8266,,,,30.0,75,,,,66.1146,16925,,,,0.0,0,,,,15.0,7680,
862,,,1034.4,8275,,,,30.0,75,,,,66.1543,16936,,,,0.0,0,,,,15.0,7680,
863,,,1035.6,8285,,,,30.0,75,,,,66.194,16946,,,,0.0,0,,,,15.0,7680,
864,,,1036.8,8294,,,,30.0,75,,,,66.2336,16956,,,,0.0,0,,,,15.0,7680,
865,,,1038.0,8304,,,,30.0,75,,,,66.2732,16966,,,,0.0,0,,,,15.0,7680,
866,,,1039.2,8314,,,,30.0,75,,,,66.3128,16976,,,,0.0,0,,,,15.0,7680,
867,,,1040.4,8323,,,,30.0,75,,,,66.3523,16986,,,,0.0,0,,,,15.0,7680,
868,,,1041.6,8333,,,,30.0,75,,,,66.3918,16996,,,,0.0,0,,,,15.0,7680,
869,2210.0,17680,1042.8,8342,1167.2,82.0,205,30.0,75,52.0,55.0,14080,66.4313,17006,-11.4313,250.0,5000,0.0,0,250.0,15.0,7680,15.0,7680,0.0
870,,,1044.0,8352,,,,30.0,75,,,,66.4707,17016,,,,0.0,0,,,,15.0,7680,
871,,,1045.2,8362,,,,30.0,75,,,,66.5101,17027,,,,0.0,0,,,,15.0,7680,
872,,,1046.4,8371,,,,30.0,75,,,,66.5494,17037,,,,0.0,0,,,,15.0,7680,
873,,,1047.6,8381,,,,30.0,75,,,,66.5887,17047,,,,0.0,0,,,,15.0,7680,
874,,,1048.8,8390,,,,30.0,75,,,,66.6279,17057,,,,0.0,0,,,,15.0,7680,
875,,,1050.0,8400,,,,30.0,75,,,,66.6671,17067,,,,0.0,0,,,,15.0,7680,
876,,,1051.2,8410,,,,30.0,75,,,,66.7063,17077,,,,0.0,0,,,,15.0,7680,
877,,,1052.4,8419,,,,30.0,75,,,,66.7454,17087,,,,0.0,0,,,,15.0,7680,
878,,,1053.6,8429,,,,30.0,75,,,,66.7845,17097,,,,0.0,0,,,,15.0,7680,
879,,,1054.8,8438,,,,30.0,75,,,,66.8235,17107,,,,0.0,0,,,,15.0,7680,
880,,,1056.0,8448,,,,30.0,75,,,,66.8625,17117,,,,0.0,0,,,,15.0,7680,
881,,,1057.2,8458,,,,30.0,75,,,,66.9015,17127,,,,0.0,0,,,,15.0,7680,
882,,,1058.4,8467,,,,30.0,75,,,,66.9404,17137,,,,0.0,0,,,,15.0,7680,
883,,,1059.6,8477,,,,30.0,75,,,,66.9792,17147,,,,0.0,0,,,,15.0,7680,
884,,,1060.8,8486,,,,30.0,75,,,,67.0181,17157,,,,0.0,0,,,,15.0,7680,
885,,,1062.0,8496,,,,30.0,75,,,,67.0569,17167,,,,0.0,0,,,,15.0,7680,
886,2180.0,17440,1063.2,8506,1116.8,82.0,205,30.0,75,52.0,52.5,13440,67.0956,17176,-14.5956,250.0,5000,0.0,0,250.0,15.0,7680,15.0,7680,0.0
887,,,1064.4,8515,,,,30.0,75,,,,67.1343,17186,,,,0.0,0,,,,15.0,7680,
888,,,1065.6,8525,,,,30.0,75,,,,67.173,17196,,,,0.0,0,,,,15.0,7680,
889,,,1066.8,8534,,,,30.0,75,,,,67.2116,17206,,,,0.0,0,,,,15.0,7680,
890,,,1068.0,8544,,,,30.0,75,,,,67.2502,17216,,,,0.0,0,,,,15.0,7680,
891,,,1069.2,8554,,,,30.0,75,,,,67.2887,17226,,,,0.0,0,,,,15.0,7680,
892,,,1070.4,8563,,,,30.0,75,,,,67.3272,17236,,,,0.0,0,,,,15.0,7680,
893,,,1071.6,8573,,,,30.0,75,,,,67.3656,17246,,,,0.0,0,,,,15.0,7680,
894,,,1072.8,8582,,,,30.0,75,,,,67.404,17255,,,,0.0,0,,,,15.0,7680,
895,,,1074.0,8592,,,,30.0,75,,,,67.4424,17265,,,,0.0,0,,,,15.0,7680,
896,,,1075.2,8602,,,,30.0,75,,,,67.4807,17275,,,,0.0,0,,,,15.0,7680,
897,,,1076.4,8611,,,,30.0,75,,,,67.519,17285,,,,0.0,0,,,,15.0,7680,
898,,,1077.6,8621,,,,30.0,75,,,,67.5572,17295,,,,0.0,0,,,,15.0,7680,
899,,,1078.8,8630,,,,30.0,75,,,,67.5954,17304,,,,0.0,0,,,,15.0,7680,
900,,,1080.0,8640,,,,30.0,75,,,,67.6336,17314,,,,0.0,0,,,,15.0,7680,
901,,,1081.2,8650,,,,30.0,75,,,,67.6717,17324,,,,0.0,0,,,,15.0,7680,
902,2150.0,17200,1082.4,8659,1067.6,82.0,205,30.0,75,52.0,,,67.7097,17334,,,,0.0,0,,,,15.0,7680,
903,,,1083.6,8669,,,,30.0,75,,50.0,12800,67.7477,17343,-17.7477,250.0,5000,0.0,0,250.0,15.0,7680,15.0,7680,0.0
904,,,1084.8,8678,,,,30.0,75,,,,67.7857,17353,,,,0.0,0,,,,15.0,7680,
905,,,1086.0,8688,,,,30.0,75,,,,67.8236,17363,,,,0.0,0,,,,15.0,7680,
906,,,1087.2,8698,,,,30.0,75,,,,67.8615,17373,,,,0.0,0,,,,15.0,7680,
907,,,1088.4,8707,,,,30.0,75,,,,67.8994,17382,,,,0.0,0,,,,15.0,7680,
908,,,1089.6,8717,,,,30.0,75,,,,67.9371,17392,,,,0.0,0,,,,15.0,7680,
909,,,1090.8,8726,,,,30.0,75,,,,67.9749,17402,,,,0.0,0,,,,15.0,7680,
910,,,1092.0,8736,,,,30.0,75,,,,68.0126,17411,,,,0.0,0,,,,15.0,7680,
911,,,1093.2,8746,,,,30.0,75,,,,68.0503,17421,,,,0.0,0,,,,15.0,7680,
912,,,1094.4,8755,,,,30.0,75,,,,68.0879,17430,,,,0.0,0,,,,15.0,7680,
913,,,1095.6,8765,,,,30.0,75,,,,68.1255,17440,,,,0.0,0,,,,15.0,7680,
914,,,1096.8,8774,,,,30.0,75,,,,68.163,17450,,,,0.0,0,,,,15.0,7680,
915,,,1098.0,8784,,,,30.0,75,,,,68.2005,17459,,,,0.0,0,,,,15.0,7680,
916,,,1099.2,8794,,,,30.0,75,,,,68.2379,17469,,,,0.0,0,,,,15.0,7680,
917,,,1100.4,8803,,,,30.0,75,,,,68.2753,17478,,,,0.0,0,,,,15.0,7680,
918,,,1101.6,8813,,,,30.0,75,,,,68.3127,17488,,,,0.0,0,,,,15.0,7680,
919,2120.0,16960,1102.8,8822,1017.2,74.0,185,30.0,75,44.0,47.6016,12186,68.35,17498,-20.7484,,,0.0,0,,,,15.0,7680,
920,,,1104.0,8832,,,,30.0,75,,,,68.3872,17507,,250.0,5000,0.0,0,250.0,15.0,7680,15.0,7680,0.0
921,,,1105.2,8842,,,,30.0,75,,,,68.4244,17517,,,,0.0,0,,,,15.0,7680,
922,,,1106.4,8851,,,,30.0,75,,,,68.4616,17526,,,,0.0,0,,,,15.0,7680,
923,,,1107.6,8861,,,,30.0,75,,,,68.4987,17536,,,,0.0,0,,,,15.0,7680,
924,,,1108.8,8870,,,,30.0,75,,,,68.5358,17545,,,,0.0,0,,,,15.0,7680,
925,,,1110.0,8880,,,,30.0,75,,,,68.5728,17555,,,,0.0,0,,,,15.0,7680,
926,,,1111.2,8890,,,,30.0,75,,,,68.6098,17564,,,,0.0,0,,,,15.0,7680,
927,,,1112.4,8899,,,,30.0,75,,,,68.6467,17574,,,,0.0,0,,,,15.0,7680,
928,,,1113.6,8909,,,,30.0,75,,,,68.6836,17583,,,,0.0,0,,,,15.0,7680,
929,,,1114.8,8918,,,,30.0,75,,,,68.7205,17592,,,,0.0,0,,,,15.0,7680,
930,,,1116.0,8928,,,,30.0,75,,,,68.7573,17602,,,,0.0,0,,,,15.0,7680,
931,,,1117.2,8938,,,,30.0,75,,,,68.794,17611,,,,0.0,0,,,,15.0,7680,
932,,,1118.4,8947,,,,30.0,75,,,,68.8307,17621,,,,0.0,0,,,,15.0,7680,
933,,,1119.6,8957,,,,30.0,75,,,,68.8674,17630,,,,0.0,0,,,,15.0,7680,
934,,,1120.8,8966,,,,30.0,75,,,,68.904,17639,,,,0.0,0,,,,15.0,7680,
935,,,1122.0,8976,,,,30.0,75,,,,68.9406,17649,,,,0.0,0,,,,15.0,7680,
936,2090.0,16720,1123.2,8986,966.8,74.0,185,30.0,75,44.0,45.3008,11597,68.9771,17658,-23.6763,250.0,5000,0.0,0,250.0,15.0,7680,15.0,7680,0.0
937,,,1124.4,8995,,,,30.0,75,,,,69.0136,17667,,,,0.0,0,,,,15.0,7680,
938,,,1125.6,9005,,,,30.0,75,,,,69.05,17677,,,,0.0,0,,,,15.0,7680,
939,,,1126.8,9014,,,,30.0,75,,,,69.0864,17686,,,,0.0,0,,,,15.0,7680,
940,,,1128.0,9024,,,,30.0,75,,,,69.1227,17695,,,,0.0,0,,,,15.0,7680,
941,,,1129.2,9034,,,,30.0,75,,,,69.159,17705,,,,0.0,0,,,,15.0,7680,
942,,,1130.4,9043,,,,30.0,75,,,,69.1952,17714,,,,0.0,0,,,,15.0,7680,
943,,,1131.6,9053,,,,30.0,75,,,,69.2314,17723,,,,0.0,0,,,,15.0,7680,
944,,,1132.8,9062,,,,30.0,75,,,,69.2676,17733,,,,0.0,0,,,,15.0,7680,
945,,,1134.0,9072,,,,30.0,75,,,,69.3037,17742,,,,0.0,0,,,,15.0,7680,
946,,,1135.2,9082,,,,30.0,75,,,,69.3397,17751,,,,0.0,0,,,,15.0,7680,
947,,,1136.4,9091,,,,30.0,75,,,,69.3757,17760,,,,0.0,0,,,,15.0,7680,
948,,,1137.6,9101,,,,30.0,75,,,,69.4117,17769,,,,0.0,0,,,,15.0,7680,
949,,,1138.8,9110,,,,30.0,75,,,,69.4476,17779,,,,0.0,0,,,,15.0,7680,
950,,,1140.0,9120,,,,30.0,75,,,,69.4834,17788,,,,0.0,0,,,,15.0,7680,
951,,,1141.2,9130,,,,30.0,75,,,,69.5193,17797,,,,0.0,0,,,,15.0,7680,
952,2060.0,16480,1142.4,9139,917.6,,,30.0,75,,,,69.555,17806,,,,0.0,0,,,,15.0,7680,
953,,,1143.6,9149,,74.0,185,30.0,75,44.0,43.0,11008,69.5907,17815,-26.5907,250.0,5000,0.0,0,250.0,15.0,7680,15.0,7680,0.0
954,,,1144.8,9158,,,,30.0,75,,,,69.6264,17824,,,,0.0,0,,,,15.0,7680,
955,,,1146.0,9168,,,,30.0,75,,,,69.662,17833,,,,0.0,0,,,,15.0,7680,
956,,,1147.2,9178,,,,30.0,75,,,,69.6976,17843,,,,0.0,0,,,,15.0,7680,
957,,,1148.4,9187,,,,30.0,75,,,,69.7331,17852,,,,0.0,0,,,,15.0,7680,
958,,,1149.6,9197,,,,30.0,75,,,,69.7686,17861,,,,0.0,0,,,,15.0,7680,
959,,,1150.8,9206,,,,30.0,75,,,,69.804,17870,,,,0.0,0,,,,15.0,7680,
960,,,1152.0,9216,,,,30.0,75,,,,69.8394,17879,,,,0.0,0,,,,15.0,7680,
961,,,1153.2,9226,,,,30.0,75,,,,69.8747,17888,,,,0.0,0,,,,15.0,7680,
962,,,1154.4,9235,,,,30.0,75,,,,69.91,17897,,,,0.0,0,,,,15.0,7680,
963,,,1155.6,9245,,,,30.0,75,,,,69.9452,17906,,,,0.0,0,,,,15.0,7680,
964,,,1156.8,9254,,,,30.0,75,,,,69.9804,17915,,,,0.0,0,,,,15.0,7680,
965,,,1158.0,9264,,,,30.0,75,,,,70.0155,17924,,,,0.0,0,,,,15.0,7680,
966,,,1159.2,9274,,,,30.0,75,,,,70.0506,17933,,,,0.0,0,,,,15.0,7680,
967,,,1160.4,9283,,,,30.0,75,,,,70.0856,17942,,,,0.0,0,,,,15.0,7680,
968,,,1161.6,9293,,,,30.0,75,,,,70.1206,17951,,,,0.0,0,,,,15.0,7680,
969,2030.0,16240,1162.8,9302,867.2,74.0,185,30.0,75,44.0,,,70.1555,17960,,,,0.0,0,,,,15.0,7680,
970,,,1164.0,9312,,,,30.0,75,,40.6992,10419,70.1904,17969,-29.4912,250.0,5000,0.0,0,250.0,15.0,7680,15.0,7680,0.0
971,,,1165.2,9322,,,,30.0,75,,,,70.2252,17978,,,,0.0,0,,,,15.0,7680,
972,,,1166.4,9331,,,,30.0,75,,,,70.26,17987,,,,0.0,0,,,,15.0,7680,
973,,,1167.6,9341,,,,30.0,75,,,,70.2947,17995,,,,0.0,0,,,,15.0,7680,
974,,,1168.8,9350,,,,30.0,75,,,,70.3294,18004,,,,0.0,0,,,,15.0,7680,
975,,,1170.0,9360,,,,30.0,75,,,,70.364,18013,,,,0.0,0,,,,15.0,7680,
976,,,1171.2,9370,,,,30.0,75,,,,70.3986,18022,,,,0.0,0,,,,15.0,7680,
977,,,1172.4,9379,,,,30.0,75,,,,70.4331,18031,,,,0.0,0,,,,15.0,7680,
978,,,1173.6,9389,,,,30.0,75,,,,70.4676,18040,,,,0.0,0,,,,15.0,7680,
979,,,1174.8,9398,,,,30.0,75,,,,70.502,18049,,,,0.0,0,,,,15.0,7680,
980,,,1176.0,9408,,,,30.0,75,,,,70.5364,18057,,,,0.0,0,,,,15.0,7680,
981,,,1177.2,9418,,,,30.0,75,,,,70.5707,18066,,,,0.0,0,,,,15.0,7680,
982,,,1178.4,9427,,,,30.0,75,,,,70.605,18075,,,,0.0,0,,,,15.0,7680,
983,,,1179.6,9437,,,,30.0,75,,,,70.6392,18084,,,,0.0,0,,,,15.0,7680,
984,,,1180.8,9446,,,,30.0,75,,,,70.6734,18092,,,,0.0,0,,,,15.0,7680,
985,,,1182.0,9456,,,,30.0,75,,,,70.7075,18101,,,,0.0,0,,,,15.0,7680,
986,2000.0,16000,1183.2,9466,816.8,74.0,185,30.0,75,44.0,38.6016,9882,70.7416,18110,-32.14,250.0,5000,0.0,0,250.0,15.0,7680,15.0,7680,0.0
987,,,1184.4,9475,,,,30.0,75,,,,70.7756,18119,,,,0.0,0,,,,15.0,7680,
988,,,1185.6,9485,,,,30.0,75,,,,70.8096,18127,,,,0.0,0,,,,15.0,7680,
989,,,1186.8,9494,,,,30.0,75,,,,70.8435,18136,,,,0.0,0,,,,15.0,7680,
990,,,1188.0,9504,,,,30.0,75,,,,70.8774,18145,,,,0.0,0,,,,15.0,7680,
991,,,1189.2,9514,,,,30.0,75,,,,70.9112,18153,,,,0.0,0,,,,15.0,7680,
992,,,1190.4,9523,,,,30.0,75,,,,70.945,18162,,,,0.0,0,,,,15.0,7680,
993,,,1191.6,9533,,,,30.0,75,,,,70.9787,18171,,,,0.0,0,,,,15.0,7680,
994,,,1192.8,9542,,,,30.0,75,,,,71.0123,18179,,,,0.0,0,,,,15.0,7680,
995,,,1194.0,9552,,,,30.0,75,,,,71.0459,18188,,,,0.0,0,,,,15.0,7680,
996,,,1195.2,9562,,,,30.0,75,,,,71.0795,18196,,,,0.0,0,,,,15.0,7680,
997,,,1196.4,9571,,,,30.0,75,,,,71.113,18205,,,,0.0,0,,,,15.0,7680,
998,,,1197.6,9581,,,,30.0,75,,,,71.1465,18213,,,,0.0,0,,,,15.0,7680,
999,,,1198.8,9590,,,,30.0,75,,,,71.1799,18222,,,,0.0,0,,,,15.0,7680,
1000,,,1200.0,9600,,,,40.0,100,,,,71.2132,18231,,,,120.0,2400,,,,15.0,7680,
1001,,,1201.2,9610,,,,40.0,100,,,,71.2465,18239,,,,120.0,2400,,,,15.0,7680,
1002,,,1202.4,9619,,,,40.0,100,,,,71.2797,18248,,,,120.0,2400,,,,15.0,7680,
1003,1970.0,15760,1203.6,9629,766.4,66.0,165,40.0,100,26.0,36.5,9344,71.3129,18256,-34.8129,250.0,5000,120.0,2400,130.0,15.0,7680,15.0,7680,0.0
1004,,,1204.8,9638,,,,40.0,100,,,,71.3461,18265,,,,120.0,2400,,,,15.0,7680,
1005,,,1206.0,9648,,,,40.0,100,,,,71.3792,18273,,,,120.0,2400,,,,15.0,7680,
1006,,,1207.2,9658,,,,40.0,100,,,,71.4122,18282,,,,120.0,2400,,,,15.0,7680,
1007,,,1208.4,9667,,,,40.0,100,,,,71.4452,18290,,,,120.0,2400,,,,15.0,7680,
1008,,,1209.6,9677,,,,40.0,100,,,,71.4781,18298,,,,120.0,2400,,,,15.0,7680,
1009,,,1210.8,9686,,,,40.0,100,,,,71.511,18307,,,,120.0,2400,,,,15.0,7680,
1010,,,1212.0,9696,,,,40.0,100,,,,71.5438,18315,,,,120.0,2400,,,,15.0,7680,
1011,,,1213.2,9706,,,,40.0,100,,,,71.5766,18324,,,,120.0,2400,,,,15.0,7680,
1012,,,1214.4,9715,,,,40.0,100,,,,71.6093,18332,,,,120.0,2400,,,,15.0,7680,
1013,,,1215.6,9725,,,,40.0,100,,,,71.6419,18340,,,,120.0,2400,,,,15.0,7680,
1014,,,1216.8,9734,,,,40.0,100,,,,71.6745,18349,,,,120.0,2400,,,,15.0,7680,
1015,,,1218.0,9744,,,,40.0,100,,,,71.7071,18357,,,,120.0,2400,,,,15.0,7680,
1016,,,1219.2,9754,,,,40.0,100,,,,71.7396,18365,,,,120.0,2400,,,,15.0,7680,
1017,,,1220.4,9763,,,,40.0,100,,,,71.772,18374,,,,120.0,2400,,,,15.0,7680,
1018,,,1221.6,9773,,,,40.0,100,,,,71.8044,18382,,,,120.0,2400,,,,15.0,7680,
1019,1940.0,15520,1222.8,9782,717.2,,,40.0,100,,,,71.8368,18390,,,,120.0,2400,,,,15.0,7680,
1020,,,1224.0,9792,,66.0,165,40.0,100,26.0,34.5,8832,71.8691,18398,-37.3691,250.0,5000,120.0,2400,130.0,15.0,7680,15.0,7680,0.0
1021,,,1225.2,9802,,,,40.0,100,,,,71.9013,18407,,,,120.0,2400,,,,15.0,7680,
1022,,,1226.4,9811,,,,40.0,100,,,,71.9335,18415,,,,120.0,2400,,,,15.0,7680,
1023,,,1227.6,9821,,,,40.0,100,,,,71.9656,18423,,,,120.0,2400,,,,15.0,7680,
1024,,,1228.8,9830,,,,40.0,100,,,,71.9977,18431,,,,120.0,2400,,,,15.0,7680,
1025,,,1230.0,9840,,,,40.0,100,,,,72.0297,18440,,,,120.0,2400,,,,15.0,7680,
1026,,,1231.2,9850,,,,40.0,100,,,,72.0616,18448,,,,120.0,2400,,,,15.0,7680,
1027,,,1232.4,9859,,,,40.0,100,,,,72.0935,18456,,,,120.0,2400,,,,15.0,7680,
1028,,,1233.6,9869,,,,40.0,100,,,,72.1254,18464,,,,120.0,2400,,,,15.0,7680,
1029,,,1234.8,9878,,,,40.0,100,,,,72.1572,18472,,,,120.0,2400,,,,15.0,7680,
1030,,,1236.0,9888,,,,40.0,100,,,,72.1889,18480,,,,120.0,2400,,,,15.0,7680,
1031,,,1237.2,9898,,,,40.0,100,,,,72.2206,18488,,,,120.0,2400,,,,15.0,7680,
1032,,,1238.4,9907,,,,40.0,100,,,,72.2523,18497,,,,120.0,2400,,,,15.0,7680,
1033,,,1239.6,9917,,,,40.0,100,,,,72.2838,18505,,,,120.0,2400,,,,15.0,7680,
1034,,,1240.8,9926,,,,40.0,100,,,,72.3154,18513,,,,120.0,2400,,,,15.0,7680,
1035,,,1242.0,9936,,,,40.0,100,,,,72.3468,18521,,,,120.0,2400,,,,15.0,7680,
1036,1910.0,15280,1243.2,9946,666.8,66.0,165,40.0,100,26.0,32.6016,8346,72.3782,18529,-39.7767,,,120.0,2400,,,,15.0,7680,
1037,,,1244.4,9955,,,,40.0,100,,,,72.4096,18537,,250.0,5000,120.0,2400,130.0,15.0,7680,15.0,7680,0.0
1038,,,1245.6,9965,,,,40.0,100,,,,72.4409,18545,,,,120.0,2400,,,,15.0,7680,
1039,,,1246.8,9974,,,,40.0,100,,,,72.4721,18553,,,,120.0,2400,,,,15.0,7680,
1040,,,1248.0,9984,,,,40.0,100,,,,72.5033,18561,,,,120.0,2400,,,,15.0,7680,
1041,,,1249.2,9994,,,,40.0,100,,,,72.5345,18569,,,,120.0,2400,,,,15.0,7680,
1042,,,1250.4,10003,,,,40.0,100,,,,72.5655,18577,,,,120.0,2400,,,,15.0,7680,
1043,,,1251.6,10013,,,,40.0,100,,,,72.5966,18585,,,,120.0,2400,,,,15.0,7680,
1044,,,1252.8,10022,,,,40.0,100,,,,72.6275,18593,,,,120.0,2400,,,,15.0,7680,
1045,,,1254.0,10032,,,,40.0,100,,,,72.6585,18601,,,,120.0,2400,,,,15.0,7680,
1046,,,1255.2,10042,,,,40.0,100,,,,72.6893,18608,,,,120.0,2400,,,,15.0,7680,
1047,,,1256.4,10051,,,,40.0,100,,,,72.7201,18616,,,,120.0,2400,,,,15.0,7680,
1048,,,1257.6,10061,,,,40.0,100,,,,72.7509,18624,,,,120.0,2400,,,,15.0,7680,
1049,,,1258.8,10070,,,,40.0,100,,,,72.7815,18632,,,,120.0,2400,,,,15.0,7680,
1050,,,1260.0,10080,,,,40.0,100,,,,72.8122,18640,,,,120.0,2400,,,,15.0,7680,
1051,,,1261.2,10090,,,,40.0,100,,,,72.8428,18648,,,,120.0,2400,,,,15.0,7680,
1052,,,1262.4,10099,,,,40.0,100,,,,72.8733,18656,,,,120.0,2400,,,,15.0,7680,
1053,1880.0,15040,1263.6,10109,616.4,66.0,165,40.0,100,26.0,30.8008,7885,72.9037,18663,-42.103,250.0,5000,120.0,2400,130.0,15.0,7680,15.0,7680,0.0
1054,,,1264.8,10118,,,,40.0,100,,,,72.9341,18671,,,,120.0,2400,,,,15.0,7680,
1055,,,1266.0,10128,,,,40.0,100,,,,72.9645,18679,,,,120.0,2400,,,,15.0,7680,
1056,,,1267.2,10138,,,,40.0,100,,,,72.9948,18687,,,,120.0,2400,,,,15.0,7680,
1057,,,1268.4,10147,,,,40.0,100,,,,73.025,18694,,,,120.0,2400,,,,15.0,7680,
1058,,,1269.6,10157,,,,40.0,100,,,,73.0552,18702,,,,120.0,2400,,,,15.0,7680,
1059,,,1270.8,10166,,,,40.0,100,,,,73.0853,18710,,,,120.0,2400,,,,15.0,7680,
1060,,,1272.0,10176,,,,40.0,100,,,,73.1154,18718,,,,120.0,2400,,,,15.0,7680,
1061,,,1273.2,10186,,,,40.0,100,,,,73.1454,18725,,,,120.0,2400,,,,15.0,7680,
1062,,,1274.4,10195,,,,40.0,100,,,,73.1754,18733,,,,120.0,2400,,,,15.0,7680,
1063,,,1275.6,10205,,,,40.0,100,,,,73.2053,18741,,,,120.0,2400,,,,15.0,7680,
1064,,,1276.8,10214,,,,40.0,100,,,,73.2351,18748,,,,120.0,2400,,,,15.0,7680,
1065,,,1278.0,10224,,,,40.0,100,,,,73.2649,18756,,,,120.0,2400,,,,15.0,7680,
1066,,,1279.2,10234,,,,40.0,100,,,,73.2946,18763,,,,120.0,2400,,,,15.0,7680,
1067,,,1280.4,10243,,,,40.0,100,,,,73.3243,18771,,,,120.0,2400,,,,15.0,7680,
1068,,,1281.6,10253,,,,40.0,100,,,,73.3539,18779,,,,120.0,2400,,,,15.0,7680,
1069,,,1282.8,10262,,,,40.0,100,,,,73.3834,18786,,,,120.0,2400,,,,15.0,7680,
1070,1850.0,14800,1284.0,10272,566.0,66.0,165,40.0,100,26.0,29.1992,7475,73.4129,18794,-44.2137,250.0,5000,120.0,2400,130.0,15.0,7680,15.0,7680,0.0
1071,,,1285.2,10282,,,,40.0,100,,,,73.4423,18801,,,,120.0,2400,,,,15.0,7680,
1072,,,1286.4,10291,,,,40.0,100,,,,73.4717,18809,,,,120.0,2400,,,,15.0,7680,
1073,,,1287.6,10301,,,,40.0,100,,,,73.501,18816,,,,120.0,2400,,,,15.0,7680,
1074,,,1288.8,10310,,,,40.0,100,,,,73.5303,18824,,,,120.0,2400,,,,15.0,7680,
1075,,,1290.0,10320,,,,40.0,100,,,,73.5595,18831,,,,120.0,2400,,,,15.0,7680,
1076,,,1291.2,10330,,,,40.0,100,,,,73.5887,18839,,,,120.0,2400,,,,15.0,7680,
1077,,,1292.4,10339,,,,40.0,100,,,,73.6177,18846,,,,120.0,2400,,,,15.0,7680,
1078,,,1293.6,10349,,,,40.0,100,,,,73.6468,18854,,,,120.0,2400,,,,15.0,7680,
1079,,,1294.8,10358,,,,40.0,100,,,,73.6757,18861,,,,120.0,2400,,,,15.0,7680,
1080,,,1296.0,10368,,,,40.0,100,,,,73.7047,18868,,,,120.0,2400,,,,15.0,7680,
1081,,,1297.2,10378,,,,40.0,100,,,,73.7335,18876,,,,120.0,2400,,,,15.0,7680,
1082,,,1298.4,10387,,,,40.0,100,,,,73.7623,18883,,,,120.0,2400,,,,15.0,7680,
1083,,,1299.6,10397,,,,40.0,100,,,,73.791,18891,,,,120.0,2400,,,,15.0,7680,
1084,,,1300.8,10406,,,,40.0,100,,,,73.8197,18898,,,,120.0,2400,,,,15.0,7680,
1085,,,1302.0,10416,,,,40.0,100,,,,73.8483,18905,,,,120.0,2400,,,,15.0,7680,
1086,1820.0,14560,1303.2,10426,516.8,58.0,145,40.0,100,18.0,,,73.8769,18912,,,,120.0,2400,,,,15.0,7680,
1087,,,1304.4,10435,,,,40.0,100,,27.6016,7066,73.9054,18920,-46.3038,250.0,5000,120.0,2400,130.0,15.0,7680,15.0,7680,0.0
1088,,,1305.6,10445,,,,40.0,100,,,,73.9338,18927,,,,120.0,2400,,,,15.0,7680,
1089,,,1306.8,10454,,,,40.0,100,,,,73.9622,18934,,,,120.0,2400,,,,15.0,7680,
1090,,,1308.0,10464,,,,40.0,100,,,,73.9905,18942,,,,120.0,2400,,,,15.0,7680,
1091,,,1309.2,10474,,,,40.0,100,,,,74.0188,18949,,,,120.0,2400,,,,15.0,7680,
1092,,,1310.4,10483,,,,40.0,100,,,,74.047,18956,,,,120.0,2400,,,,15.0,7680,
1093,,,1311.6,10493,,,,40.0,100,,,,74.0752,18963,,,,120.0,2400,,,,15.0,7680,
1094,,,1312.8,10502,,,,40.0,100,,,,74.1032,18970,,,,120.0,2400,,,,15.0,7680,
1095,,,1314.0,10512,,,,40.0,100,,,,74.1313,18978,,,,120.0,2400,,,,15.0,7680,
1096,,,1315.2,10522,,,,40.0,100,,,,74.1592,18985,,,,120.0,2400,,,,15.0,7680,
1097,,,1316.4,10531,,,,40.0,100,,,,74.1871,18992,,,,120.0,2400,,,,15.0,7680,
1098,,,1317.6,10541,,,,40.0,100,,,,74.215,18999,,,,120.0,2400,,,,15.0,7680,
1099,,,1318.8,10550,,,,40.0,100,,,,74.2428,19006,,,,120.0,2400,,,,15.0,7680,
1100,,,1320.0,10560,,,,40.0,100,,,,74.2705,19013,,,,120.0,2400,,,,15.0,7680,
1101,,,1321.2,10570,,,,40.0,100,,,,74.2982,19020,,,,120.0,2400,,,,15.0,7680,
1102,,,1322.4,10579,,,,40.0,100,,,,74.3258,19027,,,,120.0,2400,,,,15.0,7680,
1103,1790.0,14320,1323.6,10589,466.4,58.0,145,40.0,100,18.0,26.1992,6707,74.3533,19034,-48.1541,,,120.0,2400,,,,15.0,7680,
1104,,,1324.8,10598,,,,40.0,100,,,,74.3808,19041,,250.0,5000,120.0,2400,130.0,15.0,7680,15.0,7680,0.0
1105,,,1326.0,10608,,,,40.0,100,,,,74.4083,19049,,,,120.0,2400,,,,15.0,7680,
1106,,,1327.2,10618,,,,40.0,100,,,,74.4356,19056,,,,120.0,2400,,,,15.0,7680,
1107,,,1328.4,10627,,,,40.0,100,,,,74.4629,19063,,,,120.0,2400,,,,15.0,7680,
1108,,,1329.6,10637,,,,40.0,100,,,,74.4902,19069,,,,120.0,2400,,,,15.0,7680,
1109,,,1330.8,10646,,,,40.0,100,,,,74.5174,19076,,,,120.0,2400,,,,15.0,7680,
1110,,,1332.0,10656,,,,40.0,100,,,,74.5445,19083,,,,120.0,2400,,,,15.0,7680,
1111,,,1333.2,10666,,,,40.0,100,,,,74.5716,19090,,,,120.0,2400,,,,15.0,7680,
1112,,,1334.4,10675,,,,40.0,100,,,,74.5986,19097,,,,120.0,2400,,,,15.0,7680,
1113,,,1335.6,10685,,,,40.0,100,,,,74.6255,19104,,,,120.0,2400,,,,15.0,7680,
1114,,,1336.8,10694,,,,40.0,100,,,,74.6524,19111,,,,120.0,2400,,,,15.0,7680,
1115,,,1338.0,10704,,,,40.0,100,,,,74.6792,19118,,,,120.0,2400,,,,15.0,7680,
1116,,,1339.2,10714,,,,40.0,100,,,,74.706,19125,,,,120.0,2400,,,,15.0,7680,
1117,,,1340.4,10723,,,,40.0,100,,,,74.7327,19132,,,,120.0,2400,,,,15.0,7680,
1118,,,1341.6,10733,,,,40.0,100,,,,74.7593,19138,,,,120.0,2400,,,,15.0,7680,
1119,,,1342.8,10742,,,,40.0,100,,,,74.7859,19145,,,,120.0,2400,,,,15.0,7680,
1120,1760.0,14080,1344.0,10752,416.0,58.0,145,40.0,100,18.0,24.8984,6374,74.8124,19152,-49.914,250.0,5000,120.0,2400,130.0,15.0,7680,15.0,7680,0.0
1121,,,1345.2,10762,,,,40.0,100,,,,74.8389,19159,,,,120.0,2400,,,,15.0,7680,
1122,,,1346.4,10771,,,,40.0,100,,,,74.8653,19166,,,,120.0,2400,,,,15.0,7680,
1123,,,1347.6,10781,,,,40.0,100,,,,74.8916,19172,,,,120.0,2400,,,,15.0,7680,
1124,,,1348.8,10790,,,,40.0,100,,,,74.9179,19179,,,,120.0,2400,,,,15.0,7680,
1125,,,1350.0,10800,,,,40.0,100,,,,74.9441,19186,,,,120.0,2400,,,,15.0,7680,
1126,,,1351.2,10810,,,,40.0,100,,,,74.9702,19192,,,,120.0,2400,,,,15.0,7680,
1127,,,1352.4,10819,,,,40.0,100,,,,74.9963,19199,,,,120.0,2400,,,,15.0,7680,
1128,,,1353.6,10829,,,,40.0,100,,,,75.0224,19206,,,,120.0,2400,,,,15.0,7680,
1129,,,1354.8,10838,,,,40.0,100,,,,75.0483,19212,,,,120.0,2400,,,,15.0,7680,
1130,,,1356.0,10848,,,,40.0,100,,,,75.0742,19219,,,,120.0,2400,,,,15.0,7680,
1131,,,1357.2,10858,,,,40.0,100,,,,75.1001,19226,,,,120.0,2400,,,,15.0,7680,
1132,,,1358.4,10867,,,,40.0,100,,,,75.1258,19232,,,,120.0,2400,,,,15.0,7680,
1133,,,1359.6,10877,,,,40.0,100,,,,75.1516,19239,,,,120.0,2400,,,,15.0,7680,
1134,,,1360.8,10886,,,,40.0,100,,,,75.1772,19245,,,,120.0,2400,,,,15.0,7680,
1135,,,1362.0,10896,,,,40.0,100,,,,75.2028,19252,,,,120.0,2400,,,,15.0,7680,
1136,1730.0,13840,1363.2,10906,366.8,,,40.0,100,,,,75.2283,19258,,,,120.0,2400,,,,15.0,7680,
1137,,,1364.4,10915,,58.0,145,40.0,100,18.0,23.8008,6093,75.2538,19265,-51.453,250.0,5000,120.0,2400,130.0,15.0,7680,15.0,7680,0.0
1138,,,1365.6,10925,,,,40.0,100,,,,75.2792,19271,,,,120.0,2400,,,,15.0,7680,
1139,,,1366.8,10934,,,,40.0,100,,,,75.3046,19278,,,,120.0,2400,,,,15.0,7680,
1140,,,1368.0,10944,,,,40.0,100,,,,75.3298,19284,,,,120.0,2400,,,,15.0,7680,
1141,,,1369.2,10954,,,,40.0,100,,,,75.3551,19291,,,,120.0,2400,,,,15.0,7680,
1142,,,1370.4,10963,,,,40.0,100,,,,75.3802,19297,,,,120.0,2400,,,,15.0,7680,
1143,,,1371.6,10973,,,,40.0,100,,,,75.4053,19304,,,,120.0,2400,,,,15.0,7680,
1144,,,1372.8,10982,,,,40.0,100,,,,75.4303,19310,,,,120.0,2400,,,,15.0,7680,
1145,,,1374.0,10992,,,,40.0,100,,,,75.4553,19317,,,,120.0,2400,,,,15.0,7680,
1146,,,1375.2,11002,,,,40.0,100,,,,75.4802,19323,,,,120.0,2400,,,,15.0,7680,
1147,,,1376.4,11011,,,,40.0,100,,,,75.5051,19329,,,,120.0,2400,,,,15.0,7680,
1148,,,1377.6,11021,,,,40.0,100,,,,75.5298,19336,,,,120.0,2400,,,,15.0,7680,
1149,,,1378.8,11030,,,,40.0,100,,,,75.5546,19342,,,,120.0,2400,,,,15.0,7680,
1150,,,1380.0,11040,,,,40.0,100,,,,75.5792,19348,,,,120.0,2400,,,,15.0,7680,
1151,,,1381.2,11050,,,,40.0,100,,,,75.6038,19355,,,,120.0,2400,,,,15.0,7680,
1152,,,1382.4,11059,,,,40.0,100,,,,75.6283,19361,,,,120.0,2400,,,,15.0,7680,
1153,1700.0,13600,1383.6,11069,316.4,58.0,145,40.0,100,18.0,22.8008,5837,75.6528,19367,-52.852,,,120.0,2400,,,,15.0,7680,
1154,,,1384.8,11078,,,,40.0,100,,,,75.6772,19373,,250.0,5000,120.0,2400,130.0,15.0,7680,15.0,7680,0.0
1155,,,1386.0,11088,,,,40.0,100,,,,75.7015,19380,,,,120.0,2400,,,,15.0,7680,
1156,,,1387.2,11098,,,,40.0,100,,,,75.7258,19386,,,,120.0,2400,,,,15.0,7680,
1157,,,1388.4,11107,,,,40.0,100,,,,75.75,19392,,,,120.0,2400,,,,15.0,7680,
1158,,,1389.6,11117,,,,40.0,100,,,,75.7742,19398,,,,120.0,2400,,,,15.0,7680,
1159,,,1390.8,11126,,,,40.0,100,,,,75.7982,19404,,,,120.0,2400,,,,15.0,7680,
1160,,,1392.0,11136,,,,40.0,100,,,,75.8223,19410,,,,120.0,2400,,,,15.0,7680,
1161,,,1393.2,11146,,,,40.0,100,,,,75.8462,19417,,,,120.0,2400,,,,15.0,7680,
1162,,,1394.4,11155,,,,40.0,100,,,,75.8701,19423,,,,120.0,2400,,,,15.0,7680,
1163,,,1395.6,11165,,,,40.0,100,,,,75.8939,19429,,,,120.0,2400,,,,15.0,7680,
1164,,,1396.8,11174,,,,40.0,100,,,,75.9177,19435,,,,120.0,2400,,,,15.0,7680,
1165,,,1398.0,11184,,,,40.0,100,,,,75.9414,19441,,,,120.0,2400,,,,15.0,7680,
1166,,,1399.2,11194,,,,40.0,100,,,,75.965,19447,,,,120.0,2400,,,,15.0,7680,
1167,,,1400.4,11203,,,,40.0,100,,,,75.9886,19453,,,,120.0,2400,,,,15.0,7680,
1168,,,1401.6,11213,,,,40.0,100,,,,76.0121,19459,,,,120.0,2400,,,,15.0,7680,
1169,,,1402.8,11222,,,,40.0,100,,,,76.0356,19465,,,,120.0,2400,,,,15.0,7680,
1170,1670.0,13360,1404.0,11232,266.0,50.0,125,40.0,100,10.0,22.0,5632,76.0589,19471,-54.0589,250.0,5000,120.0,2400,130.0,15.0,7680,15.0,7680,0.0
1171,,,1405.2,11242,,,,40.0,100,,,,76.0823,19477,,,,120.0,2400,,,,15.0,7680,
1172,,,1406.4,11251,,,,40.0,100,,,,76.1055,19483,,,,120.0,2400,,,,15.0,7680,
1173,,,1407.6,11261,,,,40.0,100,,,,76.1287,19489,,,,120.0,2400,,,,15.0,7680,
1174,,,1408.8,11270,,,,40.0,100,,,,76.1518,19495,,,,120.0,2400,,,,15.0,7680,
1175,,,1410.0,11280,,,,40.0,100,,,,76.1749,19501,,,,120.0,2400,,,,15.0,7680,
1176,,,1411.2,11290,,,,40.0,100,,,,76.1979,19507,,,,120.0,2400,,,,15.0,7680,
1177,,,1412.4,11299,,,,40.0,100,,,,76.2208,19513,,,,120.0,2400,,,,15.0,7680,
1178,,,1413.6,11309,,,,40.0,100,,,,76.2437,19518,,,,120.0,2400,,,,15.0,7680,
1179,,,1414.8,11318,,,,40.0,100,,,,76.2665,19524,,,,120.0,2400,,,,15.0,7680,
1180,,,1416.0,11328,,,,40.0,100,,,,76.2892,19530,,,,120.0,2400,,,,15.0,7680,
1181,,,1417.2,11338,,,,40.0,100,,,,76.3119,19536,,,,120.0,2400,,,,15.0,7680,
1182,,,1418.4,11347,,,,40.0,100,,,,76.3345,19542,,,,120.0,2400,,,,15.0,7680,
1183,,,1419.6,11357,,,,40.0,100,,,,76.357,19547,,,,120.0,2400,,,,15.0,7680,
1184,,,1420.8,11366,,,,40.0,100,,,,76.3795,19553,,,,120.0,2400,,,,15.0,7680,
1185,,,1422.0,11376,,,,40.0,100,,,,76.4019,19559,,,,120.0,2400,,,,15.0,7680,
1186,,,1423.2,11386,,,,40.0,100,,,,76.4242,19565,,,,120.0,2400,,,,15.0,7680,
1187,1640.0,13120,1424.4,11395,215.6,50.0,125,40.0,100,10.0,21.3008,5453,76.4465,19570,-55.1457,250.0,5000,120.0,2400,130.0,15.0,7680,15.0,7680,0.0
1188,,,1425.6,11405,,,,40.0,100,,,,76.4687,19576,,,,120.0,2400,,,,15.0,7680,
1189,,,1426.8,11414,,,,40.0,100,,,,76.4909,19582,,,,120.0,2400,,,,15.0,7680,
1190,,,1428.0,11424,,,,40.0,100,,,,76.513,19587,,,,120.0,2400,,,,15.0,7680,
1191,,,1429.2,11434,,,,40.0,100,,,,76.535,19593,,,,120.0,2400,,,,15.0,7680,
1192,,,1430.4,11443,,,,40.0,100,,,,76.5569,19599,,,,120.0,2400,,,,15.0,7680,
1193,,,1431.6,11453,,,,40.0,100,,,,76.5788,19604,,,,120.0,2400,,,,15.0,7680,
1194,,,1432.8,11462,,,,40.0,100,,,,76.6006,19610,,,,120.0,2400,,,,15.0,7680,
1195,,,1434.0,11472,,,,40.0,100,,,,76.6224,19615,,,,120.0,2400,,,,15.0,7680,
1196,,,1435.2,11482,,,,40.0,100,,,,76.6441,19621,,,,120.0,2400,,,,15.0,7680,
1197,,,1436.4,11491,,,,40.0,100,,,,76.6657,19626,,,,120.0,2400,,,,15.0,7680,
1198,,,1437.6,11501,,,,40.0,100,,,,76.6873,19632,,,,120.0,2400,,,,15.0,7680,
1199,,,1438.8,11510,,,,40.0,100,,,,76.7088,19637,,,,120.0,2400,,,,15.0,7680,
1200,,,1440.0,11520,,,,40.0,100,,,,76.7302,19643,,,,120.0,2400,,,,15.0,7680,
1201,,,1441.2,11530,,,,40.0,100,,,,76.7516,19648,,,,120.0,2400,,,,15.0,7680,
1202,,,1442.4,11539,,,,40.0,100,,,,76.7729,19654,,,,120.0,2400,,,,15.0,7680,
1203,1610.0,12880,1443.6,11549,166.4,50.0,125,40.0,100,10.0,,,76.7941,19659,,,,120.0,2400,,,,15.0,7680,
1204,,,1444.8,11558,,,,40.0,100,,20.6992,5299,76.8152,19665,-56.116,250.0,5000,120.0,2400,130.0,15.0,7680,15.0,7680,0.0
1205,,,1446.0,11568,,,,40.0,100,,,,76.8363,19670,,,,120.0,2400,,,,15.0,7680,
1206,,,1447.2,11578,,,,40.0,100,,,,76.8574,19675,,,,120.0,2400,,,,15.0,7680,
1207,,,1448.4,11587,,,,40.0,100,,,,76.8783,19681,,,,120.0,2400,,,,15.0,7680,
1208,,,1449.6,11597,,,,40.0,100,,,,76.8992,19686,,,,120.0,2400,,,,15.0,7680,
1209,,,1450.8,11606,,,,40.0,100,,,,76.9201,19692,,,,120.0,2400,,,,15.0,7680,
1210,,,1452.0,11616,,,,40.0,100,,,,76.9408,19697,,,,120.0,2400,,,,15.0,7680,
1211,,,1453.2,11626,,,,40.0,100,,,,76.9615,19702,,,,120.0,2400,,,,15.0,7680,
1212,,,1454.4,11635,,,,40.0,100,,,,76.9822,19707,,,,120.0,2400,,,,15.0,7680,
1213,,,1455.6,11645,,,,40.0,100,,,,77.0027,19713,,,,120.0,2400,,,,15.0,7680,
1214,,,1456.8,11654,,,,40.0,100,,,,77.0232,19718,,,,120.0,2400,,,,15.0,7680,
1215,,,1458.0,11664,,,,40.0,100,,,,77.0437,19723,,,,120.0,2400,,,,15.0,7680,
1216,,,1459.2,11674,,,,40.0,100,,,,77.064,19728,,,,120.0,2400,,,,15.0,7680,
1217,,,1460.4,11683,,,,40.0,100,,,,77.0843,19734,,,,120.0,2400,,,,15.0,7680,
1218,,,1461.6,11693,,,,40.0,100,,,,77.1045,19739,,,,120.0,2400,,,,15.0,7680,
1219,,,1462.8,11702,,,,40.0,100,,,,77.1247,19744,,,,120.0,2400,,,,15.0,7680,
1220,1580.0,12640,1464.0,11712,116.0,50.0,125,40.0,100,10.0,20.3008,5197,77.1448,19749,-56.844,,,120.0,2400,,,,15.0,7680,
1221,,,1465.2,11722,,,,40.0,100,,,,77.1648,19754,,250.0,5000,120.0,2400,130.0,15.0,7680,15.0,7680,0.0
1222,,,1466.4,11731,,,,40.0,100,,,,77.1848,19759,,,,120.0,2400,,,,15.0,7680,
1223,,,1467.6,11741,,,,40.0,100,,,,77.2047,19764,,,,120.0,2400,,,,15.0,7680,
1224,,,1468.8,11750,,,,40.0,100,,,,77.2245,19769,,,,120.0,2400,,,,15.0,7680,
1225,,,1470.0,11760,,,,40.0,100,,,,77.2443,19775,,,,120.0,2400,,,,15.0,7680,
1226,,,1471.2,11770,,,,40.0,100,,,,77.264,19780,,,,120.0,2400,,,,15.0,7680,
1227,,,1472.4,11779,,,,40.0,100,,,,77.2836,19785,,,,120.0,2400,,,,15.0,7680,
1228,,,1473.6,11789,,,,40.0,100,,,,77.3032,19790,,,,120.0,2400,,,,15.0,7680,
1229,,,1474.8,11798,,,,40.0,100,,,,77.3227,19795,,,,120.0,2400,,,,15.0,7680,
1230,,,1476.0,11808,,,,40.0,100,,,,77.3421,19800,,,,120.0,2400,,,,15.0,7680,
1231,,,1477.2,11818,,,,40.0,100,,,,77.3615,19805,,,,120.0,2400,,,,15.0,7680,
1232,,,1478.4,11827,,,,40.0,100,,,,77.3807,19809,,,,120.0,2400,,,,15.0,7680,
1233,,,1479.6,11837,,,,40.0,100,,,,77.4,19814,,,,120.0,2400,,,,15.0,7680,
1234,,,1480.8,11846,,,,40.0,100,,,,77.4191,19819,,,,120.0,2400,,,,15.0,7680,
1235,,,1482.0,11856,,,,40.0,100,,,,77.4382,19824,,,,120.0,2400,,,,15.0,7680,
1236,,,1483.2,11866,,,,40.0,100,,,,77.4572,19829,,,,120.0,2400,,,,15.0,7680,
1237,1550.0,12400,1484.4,11875,65.6,50.0,125,40.0,100,10.0,20.1016,5146,77.4762,19834,-57.3746,250.0,5000,120.0,2400,130.0,15.0,7680,15.0,7680,0.0
1238,,,1485.6,11885,,,,40.0,100,,,,77.4951,19839,,,,120.0,2400,,,,15.0,7680,
1239,,,1486.8,11894,,,,40.0,100,,,,77.5139,19844,,,,120.0,2400,,,,15.0,7680,
1240,,,1488.0,11904,,,,40.0,100,,,,77.5326,19848,,,,120.0,2400,,,,15.0,7680,
1241,,,1489.2,11914,,,,40.0,100,,,,77.5513,19853,,,,120.0,2400,,,,15.0,7680,
1242,,,1490.4,11923,,,,40.0,100,,,,77.5699,19858,,,,120.0,2400,,,,15.0,7680,
1243,,,1491.6,11933,,,,40.0,100,,,,77.5885,19863,,,,120.0,2400,,,,15.0,7680,
1244,,,1492.8,11942,,,,40.0,100,,,,77.607,19867,,,,120.0,2400,,,,15.0,7680,
1245,,,1494.0,11952,,,,40.0,100,,,,77.6254,19872,,,,120.0,2400,,,,15.0,7680,
1246,,,1495.2,11962,,,,40.0,100,,,,77.6437,19877,,,,120.0,2400,,,,15.0,7680,
1247,,,1496.4,11971,,,,40.0,100,,,,77.662,19881,,,,120.0,2400,,,,15.0,7680,
1248,,,1497.6,11981,,,,40.0,100,,,,77.6802,19886,,,,120.0,2400,,,,15.0,7680,
1249,,,1498.8,11990,,,,40.0,100,,,,77.6983,19891,,,,120.0,2400,,,,15.0,7680,
1250,,,1500.0,12000,,,,50.0,125,,,,77.7164,19895,,,,120.0,2400,,,,15.0,7680,
1251,,,1501.2,12010,,,,50.0,125,,,,77.7344,19900,,,,120.0,2400,,,,15.0,7680,
1252,,,1502.4,12019,,,,50.0,125,,,,77.7523,19905,,,,120.0,2400,,,,15.0,7680,
1253,1520.0,12160,1503.6,12029,16.4,,,50.0,125,,,,77.7702,19909,,,,120.0,2400,,,,15.0,7680,
1254,,,1504.8,12038,,42.0,105,50.0,125,-8.0,20.0,5120,77.788,19914,-57.788,380.0,7600,120.0,2400,260.0,15.0,7680,15.0,7680,0.0
1255,,,1506.0,12048,,,,50.0,125,,,,77.8057,19918,,,,120.0,2400,,,,15.0,7680,
1256,,,1507.2,12058,,,,50.0,125,,,,77.8234,19923,,,,120.0,2400,,,,15.0,7680,
1257,,,1508.4,12067,,,,50.0,125,,,,77.8409,19927,,,,120.0,2400,,,,15.0,7680,
1258,,,1509.6,12077,,,,50.0,125,,,,77.8585,19932,,,,120.0,2400,,,,15.0,7680,
1259,,,1510.8,12086,,,,50.0,125,,,,77.8759,19936,,,,120.0,2400,,,,15.0,7680,
1260,,,1512.0,12096,,,,50.0,125,,,,77.8933,19941,,,,120.0,2400,,,,15.0,7680,
1261,,,1513.2,12106,,,,50.0,125,,,,77.9106,19945,,,,120.0,2400,,,,15.0,7680,
1262,,,1514.4,12115,,,,50.0,125,,,,77.9279,19950,,,,120.0,2400,,,,15.0,7680,
1263,,,1515.6,12125,,,,50.0,125,,,,77.945,19954,,,,120.0,2400,,,,15.0,7680,
1264,,,1516.8,12134,,,,50.0,125,,,,77.9621,19958,,,,120.0,2400,,,,15.0,7680,
1265,,,1518.0,12144,,,,50.0,125,,,,77.9792,19963,,,,120.0,2400,,,,15.0,7680,
1266,,,1519.2,12154,,,,50.0,125,,,,77.9961,19967,,,,120.0,2400,,,,15.0,7680,
1267,,,1520.4,12163,,,,50.0,125,,,,78.013,19971,,,,120.0,2400,,,,15.0,7680,
1268,,,1521.6,12173,,,,50.0,125,,,,78.0299,19976,,,,120.0,2400,,,,15.0,7680,
1269,,,1522.8,12182,,,,50.0,125,,,,78.0466,19980,,,,120.0,2400,,,,15.0,7680,
1270,1490.0,11920,1524.0,12192,-34.0,42.0,105,50.0,125,-8.0,,,78.0633,19984,,,,120.0,2400,,,,15.0,7680,
1271,,,1525.2,12202,,,,50.0,125,,20.1016,5146,78.0799,19988,-57.9784,380.0,7600,120.0,2400,260.0,15.0,7680,15.0,7680,0.0
1272,,,1526.4,12211,,,,50.0,125,,,,78.0965,19993,,,,120.0,2400,,,,15.0,7680,
1273,,,1527.6,12221,,,,50.0,125,,,,78.113,19997,,,,120.0,2400,,,,15.0,7680,
1274,,,1528.8,12230,,,,50.0,125,,,,78.1294,20001,,,,120.0,2400,,,,15.0,7680,
1275,,,1530.0,12240,,,,50.0,125,,,,78.1457,20005,,,,120.0,2400,,,,15.0,7680,
1276,,,1531.2,12250,,,,50.0,125,,,,78.162,20009,,,,120.0,2400,,,,15.0,7680,
1277,,,1532.4,12259,,,,50.0,125,,,,78.1782,20014,,,,120.0,2400,,,,15.0,7680,
1278,,,1533.6,12269,,,,50.0,125,,,,78.1944,20018,,,,120.0,2400,,,,15.0,7680,
1279,,,1534.8,12278,,,,50.0,125,,,,78.2104,20022,,,,120.0,2400,,,,15.0,7680,
1280,,,1536.0,12288,,,,50.0,125,,,,78.2264,20026,,,,120.0,2400,,,,15.0,7680,
1281,,,1537.2,12298,,,,50.0,125,,,,78.2424,20030,,,,120.0,2400,,,,15.0,7680,
1282,,,1538.4,12307,,,,50.0,125,,,,78.2582,20034,,,,120.0,2400,,,,15.0,7680,
1283,,,1539.6,12317,,,,50.0,125,,,,78.274,20038,,,,120.0,2400,,,,15.0,7680,
1284,,,1540.8,12326,,,,50.0,125,,,,78.2897,20042,,,,120.0,2400,,,,15.0,7680,
1285,,,1542.0,12336,,,,50.0,125,,,,78.3054,20046,,,,120.0,2400,,,,15.0,7680,
1286,,,1543.2,12346,,,,50.0,125,,,,78.3209,20050,,,,120.0,2400,,,,15.0,7680,
1287,1460.0,11680,1544.4,12355,-84.4,42.0,105,50.0,125,-8.0,20.3008,5197,78.3365,20054,-58.0357,380.0,7600,120.0,2400,260.0,15.0,7680,15.0,7680,0.0
1288,,,1545.6,12365,,,,50.0,125,,,,78.3519,20058,,,,120.0,2400,,,,15.0,7680,
1289,,,1546.8,12374,,,,50.0,125,,,,78.3673,20062,,,,120.0,2400,,,,15.0,7680,
1290,,,1548.0,12384,,,,50.0,125,,,,78.3826,20066,,,,120.0,2400,,,,15.0,7680,
1291,,,1549.2,12394,,,,50.0,125,,,,78.3978,20070,,,,120.0,2400,,,,15.0,7680,
1292,,,1550.4,12403,,,,50.0,125,,,,78.4129,20074,,,,120.0,2400,,,,15.0,7680,
1293,,,1551.6,12413,,,,50.0,125,,,,78.428,20078,,,,120.0,2400,,,,15.0,7680,
1294,,,1552.8,12422,,,,50.0,125,,,,78.4431,20081,,,,120.0,2400,,,,15.0,7680,
1295,,,1554.0,12432,,,,50.0,125,,,,78.458,20085,,,,120.0,2400,,,,15.0,7680,
1296,,,1555.2,12442,,,,50.0,125,,,,78.4729,20089,,,,120.0,2400,,,,15.0,7680,
1297,,,1556.4,12451,,,,50.0,125,,,,78.4877,20093,,,,120.0,2400,,,,15.0,7680,
1298,,,1557.6,12461,,,,50.0,125,,,,78.5024,20097,,,,120.0,2400,,,,15.0,7680,
1299,,,1558.8,12470,,,,50.0,125,,,,78.5171,20100,,,,120.0,2400,,,,15.0,7680,
1300,,,1560.0,12480,,,,50.0,125,,,,78.5317,20104,,,,120.0,2400,,,,15.0,7680,
1301,,,1561.2,12490,,,,50.0,125,,,,78.5462,20108,,,,120.0,2400,,,,15.0,7680,
1302,,,1562.4,12499,,,,50.0,125,,,,78.5607,20112,,,,120.0,2400,,,,15.0,7680,
1303,,,1563.6,12509,,,,50.0,125,,,,78.5751,20115,,,,120.0,2400,,,,15.0,7680,
1304,1430.0,11440,1564.8,12518,-134.8,42.0,105,50.0,125,-8.0,20.6992,5299,78.5894,20119,-57.8902,380.0,7600,120.0,2400,260.0,15.0,7680,15.0,7680,0.0
1305,,,1566.0,12528,,,,50.0,125,,,,78.6036,20123,,,,120.0,2400,,,,15.0,7680,
1306,,,1567.2,12538,,,,50.0,125,,,,78.6178,20126,,,,120.0,2400,,,,15.0,7680,
1307,,,1568.4,12547,,,,50.0,125,,,,78.6319,20130,,,,120.0,2400,,,,15.0,7680,
1308,,,1569.6,12557,,,,50.0,125,,,,78.6459,20133,,,,120.0,2400,,,,15.0,7680,
1309,,,1570.8,12566,,,,50.0,125,,,,78.6599,20137,,,,120.0,2400,,,,15.0,7680,
1310,,,1572.0,12576,,,,50.0,125,,,,78.6738,20140,,,,120.0,2400,,,,15.0,7680,
1311,,,1573.2,12586,,,,50.0,125,,,,78.6876,20144,,,,120.0,2400,,,,15.0,7680,
1312,,,1574.4,12595,,,,50.0,125,,,,78.7014,20148,,,,120.0,2400,,,,15.0,7680,
1313,,,1575.6,12605,,,,50.0,125,,,,78.715,20151,,,,120.0,2400,,,,15.0,7680,
1314,,,1576.8,12614,,,,50.0,125,,,,78.7286,20155,,,,120.0,2400,,,,15.0,7680,
1315,,,1578.0,12624,,,,50.0,125,,,,78.7422,20158,,,,120.0,2400,,,,15.0,7680,
1316,,,1579.2,12634,,,,50.0,125,,,,78.7557,20161,,,,120.0,2400,,,,15.0,7680,
1317,,,1580.4,12643,,,,50.0,125,,,,78.769,20165,,,,120.0,2400,,,,15.0,7680,
1318,,,1581.6,12653,,,,50.0,125,,,,78.7824,20168,,,,120.0,2400,,,,15.0,7680,
1319,,,1582.8,12662,,,,50.0,125,,,,78.7956,20172,,,,120.0,2400,,,,15.0,7680,
1320,1400.0,11200,1584.0,12672,-184.0,,,50.0,125,,,,78.8088,20175,,,,120.0,2400,,,,15.0,7680,
1321,,,1585.2,12682,,42.0,105,50.0,125,-8.0,21.3008,5453,78.8219,20178,-57.5211,380.0,7600,120.0,2400,260.0,15.0,7680,15.0,7680,0.0
1322,,,1586.4,12691,,,,50.0,125,,,,78.835,20182,,,,120.0,2400,,,,15.0,7680,
1323,,,1587.6,12701,,,,50.0,125,,,,78.8479,20185,,,,120.0,2400,,,,15.0,7680,
1324,,,1588.8,12710,,,,50.0,125,,,,78.8608,20188,,,,120.0,2400,,,,15.0,7680,
1325,,,1590.0,12720,,,,50.0,125,,,,78.8737,20192,,,,120.0,2400,,,,15.0,7680,
1326,,,1591.2,12730,,,,50.0,125,,,,78.8864,20195,,,,120.0,2400,,,,15.0,7680,
1327,,,1592.4,12739,,,,50.0,125,,,,78.8991,20198,,,,120.0,2400,,,,15.0,7680,
1328,,,1593.6,12749,,,,50.0,125,,,,78.9117,20201,,,,120.0,2400,,,,15.0,7680,
1329,,,1594.8,12758,,,,50.0,125,,,,78.9243,20205,,,,120.0,2400,,,,15.0,7680,
1330,,,1596.0,12768,,,,50.0,125,,,,78.9367,20208,,,,120.0,2400,,,,15.0,7680,
1331,,,1597.2,12778,,,,50.0,125,,,,78.9491,20211,,,,120.0,2400,,,,15.0,7680,
1332,,,1598.4,12787,,,,50.0,125,,,,78.9614,20214,,,,120.0,2400,,,,15.0,7680,
1333,,,1599.6,12797,,,,50.0,125,,,,78.9737,20217,,,,120.0,2400,,,,15.0,7680,
1334,,,1600.8,12806,,,,50.0,125,,,,78.9859,20220,,,,120.0,2400,,,,15.0,7680,
1335,,,1602.0,12816,,,,50.0,125,,,,78.998,20223,,,,120.0,2400,,,,15.0,7680,
1336,,,1603.2,12826,,,,50.0,125,,,,79.01,20227,,,,120.0,2400,,,,15.0,7680,
1337,1370.0,10960,1604.4,12835,-234.4,34.0,85,50.0,125,-16.0,22.0,5632,79.022,20230,-57.022,,,120.0,2400,,,,15.0,7680,
1338,,,1605.6,12845,,,,50.0,125,,,,79.0339,20233,,380.0,7600,120.0,2400,260.0,15.0,7680,15.0,7680,0.0
1339,,,1606.8,12854,,,,50.0,125,,,,79.0457,20236,,,,120.0,2400,,,,15.0,7680,
1340,,,1608.0,12864,,,,50.0,125,,,,79.0575,20239,,,,120.0,2400,,,,15.0,7680,
1341,,,1609.2,12874,,,,50.0,125,,,,79.0692,20242,,,,120.0,2400,,,,15.0,7680,
1342,,,1610.4,12883,,,,50.0,125,,,,79.0808,20245,,,,120.0,2400,,,,15.0,7680,
1343,,,1611.6,12893,,,,50.0,125,,,,79.0923,20248,,,,120.0,2400,,,,15.0,7680,
1344,,,1612.8,12902,,,,50.0,125,,,,79.1038,20251,,,,120.0,2400,,,,15.0,7680,
1345,,,1614.0,12912,,,,50.0,125,,,,79.1152,20253,,,,120.0,2400,,,,15.0,7680,
1346,,,1615.2,12922,,,,50.0,125,,,,79.1265,20256,,,,120.0,2400,,,,15.0,7680,
1347,,,1616.4,12931,,,,50.0,125,,,,79.1378,20259,,,,120.0,2400,,,,15.0,7680,
1348,,,1617.6,12941,,,,50.0,125,,,,79.149,20262,,,,120.0,2400,,,,15.0,7680,
1349,,,1618.8,12950,,,,50.0,125,,,,79.1601,20265,,,,120.0,2400,,,,15.0,7680,
1350,,,1620.0,12960,,,,50.0,125,,,,79.1711,20268,,,,120.0,2400,,,,15.0,7680,
1351,,,1621.2,12970,,,,50.0,125,,,,79.1821,20271,,,,120.0,2400,,,,15.0,7680,
1352,,,1622.4,12979,,,,50.0,125,,,,79.193,20273,,,,120.0,2400,,,,15.0,7680,
1353,,,1623.6,12989,,,,50.0,125,,,,79.2038,20276,,,,120.0,2400,,,,15.0,7680,
1354,1340.0,10720,1624.8,12998,-284.8,34.0,85,50.0,125,-16.0,22.8008,5837,79.2145,20279,-56.4137,380.0,7600,120.0,2400,260.0,15.0,7680,15.0,7680,0.0
1355,,,1626.0,13008,,,,50.0,125,,,,79.2252,20282,,,,120.0,2400,,,,15.0,7680,
1356,,,1627.2,13018,,,,50.0,125,,,,79.2358,20284,,,,120.0,2400,,,,15.0,7680,
1357,,,1628.4,13027,,,,50.0,125,,,,79.2463,20287,,,,120.0,2400,,,,15.0,7680,
1358,,,1629.6,13037,,,,50.0,125,,,,79.2568,20290,,,,120.0,2400,,,,15.0,7680,
1359,,,1630.8,13046,,,,50.0,125,,,,79.2672,20292,,,,120.0,2400,,,,15.0,7680,
1360,,,1632.0,13056,,,,50.0,125,,,,79.2775,20295,,,,120.0,2400,,,,15.0,7680,
1361,,,1633.2,13066,,,,50.0,125,,,,79.2877,20298,,,,120.0,2400,,,,15.0,7680,
1362,,,1634.4,13075,,,,50.0,125,,,,79.2979,20300,,,,120.0,2400,,,,15.0,7680,
1363,,,1635.6,13085,,,,50.0,125,,,,79.308,20303,,,,120.0,2400,,,,15.0,7680,
1364,,,1636.8,13094,,,,50.0,125,,,,79.318,20305,,,,120.0,2400,,,,15.0,7680,
1365,,,1638.0,13104,,,,50.0,125,,,,79.328,20308,,,,120.0,2400,,,,15.0,7680,
1366,,,1639.2,13114,,,,50.0,125,,,,79.3379,20310,,,,120.0,2400,,,,15.0,7680,
1367,,,1640.4,13123,,,,50.0,125,,,,79.3477,20313,,,,120.0,2400,,,,15.0,7680,
1368,,,1641.6,13133,,,,50.0,125,,,,79.3574,20316,,,,120.0,2400,,,,15.0,7680,
1369,,,1642.8,13142,,,,50.0,125,,,,79.3671,20318,,,,120.0,2400,,,,15.0,7680,
1370,1310.0,10480,1644.0,13152,-334.0,,,50.0,125,,,,79.3767,20320,,,,120.0,2400,,,,15.0,7680,
1371,,,1645.2,13162,,34.0,85,50.0,125,-16.0,23.8008,6093,79.3862,20323,-55.5854,380.0,7600,120.0,2400,260.0,15.0,7680,15.0,7680,0.0
1372,,,1646.4,13171,,,,50.0,125,,,,79.3957,20325,,,,120.0,2400,,,,15.0,7680,
1373,,,1647.6,13181,,,,50.0,125,,,,79.405,20328,,,,120.0,2400,,,,15.0,7680,
1374,,,1648.8,13190,,,,50.0,125,,,,79.4143,20330,,,,120.0,2400,,,,15.0,7680,
1375,,,1650.0,13200,,,,50.0,125,,,,79.4236,20332,,,,120.0,2400,,,,15.0,7680,
1376,,,1651.2,13210,,,,50.0,125,,,,79.4327,20335,,,,120.0,2400,,,,15.0,7680,
1377,,,1652.4,13219,,,,50.0,125,,,,79.4418,20337,,,,120.0,2400,,,,15.0,7680,
1378,,,1653.6,13229,,,,50.0,125,,,,79.4508,20339,,,,120.0,2400,,,,15.0,7680,
1379,,,1654.8,13238,,,,50.0,125,,,,79.4598,20342,,,,120.0,2400,,,,15.0,7680,
1380,,,1656.0,13248,,,,50.0,125,,,,79.4686,20344,,,,120.0,2400,,,,15.0,7680,
1381,,,1657.2,13258,,,,50.0,125,,,,79.4774,20346,,,,120.0,2400,,,,15.0,7680,
1382,,,1658.4,13267,,,,50.0,125,,,,79.4861,20348,,,,120.0,2400,,,,15.0,7680,
1383,,,1659.6,13277,,,,50.0,125,,,,79.4948,20351,,,,120.0,2400,,,,15.0,7680,
1384,,,1660.8,13286,,,,50.0,125,,,,79.5034,20353,,,,120.0,2400,,,,15.0,7680,
1385,,,1662.0,13296,,,,50.0,125,,,,79.5119,20355,,,,120.0,2400,,,,15.0,7680,
1386,,,1663.2,13306,,,,50.0,125,,,,79.5203,20357,,,,120.0,2400,,,,15.0,7680,
1387,1280.0,10240,1664.4,13315,-384.4,34.0,85,50.0,125,-16.0,,,79.5286,20359,,,,120.0,2400,,,,15.0,7680,
1388,,,1665.6,13325,,,,50.0,125,,24.8984,6374,79.5369,20361,-54.6385,380.0,7600,120.0,2400,260.0,15.0,7680,15.0,7680,0.0
1389,,,1666.8,13334,,,,50.0,125,,,,79.5451,20364,,,,120.0,2400,,,,15.0,7680,
1390,,,1668.0,13344,,,,50.0,125,,,,79.5533,20366,,,,120.0,2400,,,,15.0,7680,
1391,,,1669.2,13354,,,,50.0,125,,,,79.5613,20368,,,,120.0,2400,,,,15.0,7680,
1392,,,1670.4,13363,,,,50.0,125,,,,79.5693,20370,,,,120.0,2400,,,,15.0,7680,
1393,,,1671.6,13373,,,,50.0,125,,,,79.5773,20372,,,,120.0,2400,,,,15.0,7680,
1394,,,1672.8,13382,,,,50.0,125,,,,79.5851,20374,,,,120.0,2400,,,,15.0,7680,
1395,,,1674.0,13392,,,,50.0,125,,,,79.5929,20376,,,,120.0,2400,,,,15.0,7680,
1396,,,1675.2,13402,,,,50.0,125,,,,79.6006,20378,,,,120.0,2400,,,,15.0,7680,
1397,,,1676.4,13411,,,,50.0,125,,,,79.6082,20380,,,,120.0,2400,,,,15.0,7680,
1398,,,1677.6,13421,,,,50.0,125,,,,79.6158,20382,,,,120.0,2400,,,,15.0,7680,
1399,,,1678.8,13430,,,,50.0,125,,,,79.6232,20384,,,,120.0,2400,,,,15.0,7680,
1400,,,1680.0,13440,,,,50.0,125,,,,79.6307,20385,,,,120.0,2400,,,,15.0,7680,
1401,,,1681.2,13450,,,,50.0,125,,,,79.638,20387,,,,120.0,2400,,,,15.0,7680,
1402,,,1682.4,13459,,,,50.0,125,,,,79.6452,20389,,,,120.0,2400,,,,15.0,7680,
1403,,,1683.6,13469,,,,50.0,125,,,,79.6524,20391,,,,120.0,2400,,,,15.0,7680,
1404,1250.0,10000,1684.8,13478,-434.8,34.0,85,50.0,125,-16.0,26.1992,6707,79.6596,20393,-53.4603,380.0,7600,120.0,2400,260.0,15.0,7680,15.0,7680,0.0
1405,,,1686.0,13488,,,,50.0,125,,,,79.6666,20395,,,,120.0,2400,,,,15.0,7680,
1406,,,1687.2,13498,,,,50.0,125,,,,79.6736,20396,,,,120.0,2400,,,,15.0,7680,
1407,,,1688.4,13507,,,,50.0,125,,,,79.6805,20398,,,,120.0,2400,,,,15.0,7680,
1408,,,1689.6,13517,,,,50.0,125,,,,79.6873,20400,,,,120.0,2400,,,,15.0,7680,
1409,,,1690.8,13526,,,,50.0,125,,,,79.694,20402,,,,120.0,2400,,,,15.0,7680,
1410,,,1692.0,13536,,,,50.0,125,,,,79.7007,20403,,,,120.0,2400,,,,15.0,7680,
1411,,,1693.2,13546,,,,50.0,125,,,,79.7073,20405,,,,120.0,2400,,,,15.0,7680,
1412,,,1694.4,13555,,,,50.0,125,,,,79.7138,20407,,,,120.0,2400,,,,15.0,7680,
1413,,,1695.6,13565,,,,50.0,125,,,,79.7203,20408,,,,120.0,2400,,,,15.0,7680,
1414,,,1696.8,13574,,,,50.0,125,,,,79.7267,20410,,,,120.0,2400,,,,15.0,7680,
1415,,,1698.0,13584,,,,50.0,125,,,,79.733,20412,,,,120.0,2400,,,,15.0,7680,
1416,,,1699.2,13594,,,,50.0,125,,,,79.7392,20413,,,,120.0,2400,,,,15.0,7680,
1417,,,1700.4,13603,,,,50.0,125,,,,79.7454,20415,,,,120.0,2400,,,,15.0,7680,
1418,,,1701.6,13613,,,,50.0,125,,,,79.7515,20416,,,,120.0,2400,,,,15.0,7680,
1419,,,1702.8,13622,,,,50.0,125,,,,79.7575,20418,,,,120.0,2400,,,,15.0,7680,
1420,,,1704.0,13632,,,,50.0,125,,,,79.7634,20419,,,,120.0,2400,,,,15.0,7680,
1421,1220.0,9760,1705.2,13642,-485.2,26.0,65,50.0,125,-24.0,27.6016,7066,79.7693,20421,-52.1677,380.0,7600,120.0,2400,260.0,15.0,7680,15.0,7680,0.0
1422,,,1706.4,13651,,,,50.0,125,,,,79.7751,20422,,,,120.0,2400,,,,15.0,7680,
1423,,,1707.6,13661,,,,50.0,125,,,,79.7808,20424,,,,120.0,2400,,,,15.0,7680,
1424,,,1708.8,13670,,,,50.0,125,,,,79.7865,20425,,,,120.0,2400,,,,15.0,7680,
1425,,,1710.0,13680,,,,50.0,125,,,,79.7921,20427,,,,120.0,2400,,,,15.0,7680,
1426,,,1711.2,13690,,,,50.0,125,,,,79.7976,20428,,,,120.0,2400,,,,15.0,7680,
1427,,,1712.4,13699,,,,50.0,125,,,,79.803,20430,,,,120.0,2400,,,,15.0,7680,
1428,,,1713.6,13709,,,,50.0,125,,,,79.8083,20431,,,,120.0,2400,,,,15.0,7680,
1429,,,1714.8,13718,,,,50.0,125,,,,79.8136,20432,,,,120.0,2400,,,,15.0,7680,
1430,,,1716.0,13728,,,,50.0,125,,,,79.8188,20434,,,,120.0,2400,,,,15.0,7680,
1431,,,1717.2,13738,,,,50.0,125,,,,79.824,20435,,,,120.0,2400,,,,15.0,7680,
1432,,,1718.4,13747,,,,50.0,125,,,,79.829,20436,,,,120.0,2400,,,,15.0,7680,
1433,,,1719.6,13757,,,,50.0,125,,,,79.834,20438,,,,120.0,2400,,,,15.0,7680,
1434,,,1720.8,13766,,,,50.0,125,,,,79.8389,20439,,,,120.0,2400,,,,15.0,7680,
1435,,,1722.0,13776,,,,50.0,125,,,,79.8438,20440,,,,120.0,2400,,,,15.0,7680,
1436,,,1723.2,13786,,,,50.0,125,,,,79.8485,20441,,,,120.0,2400,,,,15.0,7680,
1437,1190.0,9520,1724.4,13795,-534.4,,,50.0,125,,,,79.8532,20442,,,,120.0,2400,,,,15.0,7680,
1438,,,1725.6,13805,,26.0,65,50.0,125,-24.0,29.1992,7475,79.8578,20444,-50.6586,380.0,7600,120.0,2400,260.0,15.0,7680,15.0,7680,0.0
1439,,,1726.8,13814,,,,50.0,125,,,,79.8624,20445,,,,120.0,2400,,,,15.0,7680,
1440,,,1728.0,13824,,,,50.0,125,,,,79.8669,20446,,,,120.0,2400,,,,15.0,7680,
1441,,,1729.2,13834,,,,50.0,125,,,,79.8713,20447,,,,120.0,2400,,,,15.0,7680,
1442,,,1730.4,13843,,,,50.0,125,,,,79.8756,20448,,,,120.0,2400,,,,15.0,7680,
1443,,,1731.6,13853,,,,50.0,125,,,,79.8798,20449,,,,120.0,2400,,,,15.0,7680,
1444,,,1732.8,13862,,,,50.0,125,,,,79.884,20450,,,,120.0,2400,,,,15.0,7680,
1445,,,1734.0,13872,,,,50.0,125,,,,79.8881,20451,,,,120.0,2400,,,,15.0,7680,
1446,,,1735.2,13882,,,,50.0,125,,,,79.8921,20452,,,,120.0,2400,,,,15.0,7680,
1447,,,1736.4,13891,,,,50.0,125,,,,79.8961,20453,,,,120.0,2400,,,,15.0,7680,
1448,,,1737.6,13901,,,,50.0,125,,,,79.9,20454,,,,120.0,2400,,,,15.0,7680,
1449,,,1738.8,13910,,,,50.0,125,,,,79.9038,20455,,,,120.0,2400,,,,15.0,7680,
1450,,,1740.0,13920,,,,50.0,125,,,,79.9075,20456,,,,120.0,2400,,,,15.0,7680,
1451,,,1741.2,13930,,,,50.0,125,,,,79.9112,20457,,,,120.0,2400,,,,15.0,7680,
1452,,,1742.4,13939,,,,50.0,125,,,,79.9148,20458,,,,120.0,2400,,,,15.0,7680,
1453,,,1743.6,13949,,,,50.0,125,,,,79.9183,20459,,,,120.0,2400,,,,15.0,7680,
1454,1160.0,9280,1744.8,13958,-584.8,26.0,65,50.0,125,-24.0,30.8008,7885,79.9217,20460,-49.1209,,,120.0,2400,,,,15.0,7680,
1455,,,1746.0,13968,,,,50.0,125,,,,79.9251,20461,,380.0,7600,120.0,2400,260.0,15.0,7680,15.0,7680,0.0
1456,,,1747.2,13978,,,,50.0,125,,,,79.9284,20462,,,,120.0,2400,,,,15.0,7680,
1457,,,1748.4,13987,,,,50.0,125,,,,79.9316,20462,,,,120.0,2400,,,,15.0,7680,
1458,,,1749.6,13997,,,,50.0,125,,,,79.9347,20463,,,,120.0,2400,,,,15.0,7680,
1459,,,1750.8,14006,,,,50.0,125,,,,79.9378,20464,,,,120.0,2400,,,,15.0,7680,
1460,,,1752.0,14016,,,,50.0,125,,,,79.9408,20465,,,,120.0,2400,,,,15.0,7680,
1461,,,1753.2,14026,,,,50.0,125,,,,79.9437,20466,,,,120.0,2400,,,,15.0,7680,
1462,,,1754.4,14035,,,,50.0,125,,,,79.9466,20466,,,,120.0,2400,,,,15.0,7680,
1463,,,1755.6,14045,,,,50.0,125,,,,79.9493,20467,,,,120.0,2400,,,,15.0,7680,
1464,,,1756.8,14054,,,,50.0,125,,,,79.952,20468,,,,120.0,2400,,,,15.0,7680,
1465,,,1758.0,14064,,,,50.0,125,,,,79.9547,20468,,,,120.0,2400,,,,15.0,7680,
1466,,,1759.2,14074,,,,50.0,125,,,,79.9572,20469,,,,120.0,2400,,,,15.0,7680,
1467,,,1760.4,14083,,,,50.0,125,,,,79.9597,20470,,,,120.0,2400,,,,15.0,7680,
1468,,,1761.6,14093,,,,50.0,125,,,,79.9621,20470,,,,120.0,2400,,,,15.0,7680,
1469,,,1762.8,14102,,,,50.0,125,,,,79.9644,20471,,,,120.0,2400,,,,15.0,7680,
1470,,,1764.0,14112,,,,50.0,125,,,,79.9667,20471,,,,120.0,2400,,,,15.0,7680,
1471,1130.0,9040,1765.2,14122,-635.2,26.0,65,50.0,125,-24.0,32.6016,8346,79.9689,20472,-47.3673,380.0,7600,120.0,2400,260.0,15.0,7680,15.0,7680,0.0
1472,,,1766.4,14131,,,,50.0,125,,,,79.971,20473,,,,120.0,2400,,,,15.0,7680,
1473,,,1767.6,14141,,,,50.0,125,,,,79.973,20473,,,,120.0,2400,,,,15.0,7680,
1474,,,1768.8,14150,,,,50.0,125,,,,79.975,20474,,,,120.0,2400,,,,15.0,7680,
1475,,,1770.0,14160,,,,50.0,125,,,,79.9769,20474,,,,120.0,2400,,,,15.0,7680,
1476,,,1771.2,14170,,,,50.0,125,,,,79.9787,20475,,,,120.0,2400,,,,15.0,7680,
1477,,,1772.4,14179,,,,50.0,125,,,,79.9804,20475,,,,120.0,2400,,,,15.0,7680,
1478,,,1773.6,14189,,,,50.0,125,,,,79.9821,20475,,,,120.0,2400,,,,15.0,7680,
1479,,,1774.8,14198,,,,50.0,125,,,,79.9837,20476,,,,120.0,2400,,,,15.0,7680,
1480,,,1776.0,14208,,,,50.0,125,,,,79.9852,20476,,,,120.0,2400,,,,15.0,7680,
1481,,,1777.2,14218,,,,50.0,125,,,,79.9866,20477,,,,120.0,2400,,,,15.0,7680,
1482,,,1778.4,14227,,,,50.0,125,,,,79.988,20477,,,,120.0,2400,,,,15.0,7680,
1483,,,1779.6,14237,,,,50.0,125,,,,79.9893,20477,,,,120.0,2400,,,,15.0,7680,
1484,,,1780.8,14246,,,,50.0,125,,,,79.9905,20478,,,,120.0,2400,,,,15.0,7680,
1485,,,1782.0,14256,,,,50.0,125,,,,79.9917,20478,,,,120.0,2400,,,,15.0,7680,
1486,,,1783.2,14266,,,,50.0,125,,,,79.9927,20478,,,,120.0,2400,,,,15.0,7680,
1487,,,1784.4,14275,,,,50.0,125,,,,79.9937,20478,,,,120.0,2400,,,,15.0,7680,
1488,1100.0,8800,1785.6,14285,-685.6,26.0,65,50.0,125,-24.0,34.5,8832,79.9947,20479,-45.4947,380.0,7600,120.0,2400,260.0,15.0,7680,15.0,7680,0.0
1489,,,1786.8,14294,,,,50.0,125,,,,79.9955,20479,,,,120.0,2400,,,,15.0,7680,
1490,,,1788.0,14304,,,,50.0,125,,,,79.9963,20479,,,,120.0,2400,,,,15.0,7680,
1491,,,1789.2,14314,,,,50.0,125,,,,79.997,20479,,,,120.0,2400,,,,15.0,7680,
1492,,,1790.4,14323,,,,50.0,125,,,,79.9976,20479,,,,120.0,2400,,,,15.0,7680,
1493,,,1791.6,14333,,,,50.0,125,,,,79.9982,20480,,,,120.0,2400,,,,15.0,7680,
1494,,,1792.8,14342,,,,50.0,125,,,,79.9987,20480,,,,120.0,2400,,,,15.0,7680,
1495,,,1794.0,14352,,,,50.0,125,,,,79.9991,20480,,,,120.0,2400,,,,15.0,7680,
1496,,,1795.2,14362,,,,50.0,125,,,,79.9994,20480,,,,120.0,2400,,,,15.0,7680,
1497,,,1796.4,14371,,,,50.0,125,,,,79.9997,20480,,,,120.0,2400,,,,15.0,7680,
1498,,,1797.6,14381,,,,50.0,125,,,,79.9999,20480,,,,120.0,2400,,,,15.0,7680,
1499,,,1798.8,14390,,,,50.0,125,,,,80.0,20480,,,,120.0,2400,,,,15.0,7680,
1500,,,1800.0,14400,,,,60.0,150,,,,80.0,20480,,,,120.0,2400,,,,15.0,7680,
1501,,,1801.2,14410,,,,60.0,150,,,,80.0,20480,,,,120.0,2400,,,,15.0,7680,
1502,,,1802.4,14419,,,,60.0,150,,,,79.9999,20480,,,,120.0,2400,,,,15.0,7680,
1503,,,1803.6,14429,,,,60.0,150,,,,79.9997,20480,,,,120.0,2400,,,,15.0,7680,
1504,1070.0,8560,1804.8,14438,-734.8,18.0,45,60.0,150,-42.0,,,79.9994,20480,,,,120.0,2400,,,,15.0,7680,
1505,,,1806.0,14448,,,,60.0,150,,36.5,9344,79.9991,20480,-43.4991,380.0,7600,120.0,2400,260.0,15.0,7680,15.0,7680,0.0
1506,,,1807.2,14458,,,,60.0,150,,,,79.9987,20480,,,,120.0,2400,,,,15.0,7680,
1507,,,1808.4,14467,,,,60.0,150,,,,79.9982,20480,,,,120.0,2400,,,,15.0,7680,
1508,,,1809.6,14477,,,,60.0,150,,,,79.9976,20479,,,,120.0,2400,,,,15.0,7680,
1509,,,1810.8,14486,,,,60.0,150,,,,79.997,20479,,,,120.0,2400,,,,15.0,7680,
1510,,,1812.0,14496,,,,60.0,150,,,,79.9963,20479,,,,120.0,2400,,,,15.0,7680,
1511,,,1813.2,14506,,,,60.0,150,,,,79.9955,20479,,,,120.0,2400,,,,15.0,7680,
1512,,,1814.4,14515,,,,60.0,150,,,,79.9947,20479,,,,120.0,2400,,,,15.0,7680,
1513,,,1815.6,14525,,,,60.0,150,,,,79.9937,20478,,,,120.0,2400,,,,15.0,7680,
1514,,,1816.8,14534,,,,60.0,150,,,,79.9927,20478,,,,120.0,2400,,,,15.0,7680,
1515,,,1818.0,14544,,,,60.0,150,,,,79.9917,20478,,,,120.0,2400,,,,15.0,7680,
1516,,,1819.2,14554,,,,60.0,150,,,,79.9905,20478,,,,120.0,2400,,,,15.0,7680,
1517,,,1820.4,14563,,,,60.0,150,,,,79.9893,20477,,,,120.0,2400,,,,15.0,7680,
1518,,,1821.6,14573,,,,60.0,150,,,,79.988,20477,,,,120.0,2400,,,,15.0,7680,
1519,,,1822.8,14582,,,,60.0,150,,,,79.9866,20477,,,,120.0,2400,,,,15.0,7680,
1520,,,1824.0,14592,,,,60.0,150,,,,79.9852,20476,,,,120.0,2400,,,,15.0,7680,
1521,1040.0,8320,1825.2,14602,-785.2,18.0,45,60.0,150,-42.0,38.6016,9882,79.9837,20476,-41.3821,,,120.0,2400,,,,15.0,7680,
1522,,,1826.4,14611,,,,60.0,150,,,,79.9821,20475,,380.0,7600,120.0,2400,260.0,15.0,7680,15.0,7680,0.0
1523,,,1827.6,14621,,,,60.0,150,,,,79.9804,20475,,,,120.0,2400,,,,15.0,7680,
1524,,,1828.8,14630,,,,60.0,150,,,,79.9787,20475,,,,120.0,2400,,,,15.0,7680,
1525,,,1830.0,14640,,,,60.0,150,,,,79.9769,20474,,,,120.0,2400,,,,15.0,7680,
1526,,,1831.2,14650,,,,60.0,150,,,,79.975,20474,,,,120.0,2400,,,,15.0,7680,
1527,,,1832.4,14659,,,,60.0,150,,,,79.973,20473,,,,120.0,2400,,,,15.0,7680,
1528,,,1833.6,14669,,,,60.0,150,,,,79.971,20473,,,,120.0,2400,,,,15.0,7680,
1529,,,1834.8,14678,,,,60.0,150,,,,79.9689,20472,,,,120.0,2400,,,,15.0,7680,
1530,,,1836.0,14688,,,,60.0,150,,,,79.9667,20471,,,,120.0,2400,,,,15.0,7680,
1531,,,1837.2,14698,,,,60.0,150,,,,79.9644,20471,,,,120.0,2400,,,,15.0,7680,
1532,,,1838.4,14707,,,,60.0,150,,,,79.9621,20470,,,,120.0,2400,,,,15.0,7680,
1533,,,1839.6,14717,,,,60.0,150,,,,79.9597,20470,,,,120.0,2400,,,,15.0,7680,
1534,,,1840.8,14726,,,,60.0,150,,,,79.9572,20469,,,,120.0,2400,,,,15.0,7680,
1535,,,1842.0,14736,,,,60.0,150,,,,79.9547,20468,,,,120.0,2400,,,,15.0,7680,
1536,,,1843.2,14746,,,,60.0,150,,,,79.952,20468,,,,120.0,2400,,,,15.0,7680,
1537,,,1844.4,14755,,,,60.0,150,,,,79.9493,20467,,,,120.0,2400,,,,15.0,7680,
1538,1010.0,8080,1845.6,14765,-835.6,18.0,45,60.0,150,-42.0,40.6992,10419,79.9466,20466,-39.2474,380.0,7600,120.0,2400,260.0,15.0,7680,15.0,7680,0.0
1539,,,1846.8,14774,,,,60.0,150,,,,79.9437,20466,,,,120.0,2400,,,,15.0,7680,
1540,,,1848.0,14784,,,,60.0,150,,,,79.9408,20465,,,,120.0,2400,,,,15.0,7680,
1541,,,1849.2,14794,,,,60.0,150,,,,79.9378,20464,,,,120.0,2400,,,,15.0,7680,
1542,,,1850.4,14803,,,,60.0,150,,,,79.9347,20463,,,,120.0,2400,,,,15.0,7680,
1543,,,1851.6,14813,,,,60.0,150,,,,79.9316,20462,,,,120.0,2400,,,,15.0,7680,
1544,,,1852.8,14822,,,,60.0,150,,,,79.9284,20462,,,,120.0,2400,,,,15.0,7680,
1545,,,1854.0,14832,,,,60.0,150,,,,79.9251,20461,,,,120.0,2400,,,,15.0,7680,
1546,,,1855.2,14842,,,,60.0,150,,,,79.9217,20460,,,,120.0,2400,,,,15.0,7680,
1547,,,1856.4,14851,,,,60.0,150,,,,79.9183,20459,,,,120.0,2400,,,,15.0,7680,
1548,,,1857.6,14861,,,,60.0,150,,,,79.9148,20458,,,,120.0,2400,,,,15.0,7680,
1549,,,1858.8,14870,,,,60.0,150,,,,79.9112,20457,,,,120.0,2400,,,,15.0,7680,
1550,,,1860.0,14880,,,,60.0,150,,,,79.9075,20456,,,,120.0,2400,,,,15.0,7680,
1551,,,1861.2,14890,,,,60.0,150,,,,79.9038,20455,,,,120.0,2400,,,,15.0,7680,
1552,,,1862.4,14899,,,,60.0,150,,,,79.9,20454,,,,120.0,2400,,,,15.0,7680,
1553,,,1863.6,14909,,,,60.0,150,,,,79.8961,20453,,,,120.0,2400,,,,15.0,7680,
1554,980.0,7840,1864.8,14918,-884.8,,,60.0,150,,,,79.8921,20452,,,,120.0,2400,,,,15.0,7680,
1555,,,1866.0,14928,,18.0,45,60.0,150,-42.0,43.0,11008,79.8881,20451,-36.8881,380.0,7600,120.0,2400,260.0,15.0,7680,15.0,7680,0.0
1556,,,1867.2,14938,,,,60.0,150,,,,79.884,20450,,,,120.0,2400,,,,15.0,7680,
1557,,,1868.4,14947,,,,60.0,150,,,,79.8798,20449,,,,120.0,2400,,,,15.0,7680,
1558,,,1869.6,14957,,,,60.0,150,,,,79.8756,20448,,,,120.0,2400,,,,15.0,7680,
1559,,,1870.8,14966,,,,60.0,150,,,,79.8713,20447,,,,120.0,2400,,,,15.0,7680,
1560,,,1872.0,14976,,,,60.0,150,,,,79.8669,20446,,,,120.0,2400,,,,15.0,7680,
1561,,,1873.2,14986,,,,60.0,150,,,,79.8624,20445,,,,120.0,2400,,,,15.0,7680,
1562,,,1874.4,14995,,,,60.0,150,,,,79.8578,20444,,,,120.0,2400,,,,15.0,7680,
1563,,,1875.6,15005,,,,60.0,150,,,,79.8532,20442,,,,120.0,2400,,,,15.0,7680,
1564,,,1876.8,15014,,,,60.0,150,,,,79.8485,20441,,,,120.0,2400,,,,15.0,7680,
1565,,,1878.0,15024,,,,60.0,150,,,,79.8438,20440,,,,120.0,2400,,,,15.0,7680,
1566,,,1879.2,15034,,,,60.0,150,,,,79.8389,20439,,,,120.0,2400,,,,15.0,7680,
1567,,,1880.4,15043,,,,60.0,150,,,,79.834,20438,,,,120.0,2400,,,,15.0,7680,
1568,,,1881.6,15053,,,,60.0,150,,,,79.829,20436,,,,120.0,2400,,,,15.0,7680,
1569,,,1882.8,15062,,,,60.0,150,,,,79.824,20435,,,,120.0,2400,,,,15.0,7680,
1570,,,1884.0,15072,,,,60.0,150,,,,79.8188,20434,,,,120.0,2400,,,,15.0,7680,
1571,950.0,7600,1885.2,15082,-935.2,18.0,45,60.0,150,-42.0,,,79.8136,20432,,,,120.0,2400,,,,15.0,7680,
1572,,,1886.4,15091,,,,60.0,150,,45.3008,11597,79.8083,20431,-34.5076,380.0,7600,120.0,2400,260.0,15.0,7680,15.0,7680,0.0
1573,,,1887.6,15101,,,,60.0,150,,,,79.803,20430,,,,120.0,2400,,,,15.0,7680,
1574,,,1888.8,15110,,,,60.0,150,,,,79.7976,20428,,,,120.0,2400,,,,15.0,7680,
1575,,,1890.0,15120,,,,60.0,150,,,,79.7921,20427,,,,120.0,2400,,,,15.0,7680,
1576,,,1891.2,15130,,,,60.0,150,,,,79.7865,20425,,,,120.0,2400,,,,15.0,7680,
1577,,,1892.4,15139,,,,60.0,150,,,,79.7808,20424,,,,120.0,2400,,,,15.0,7680,
1578,,,1893.6,15149,,,,60.0,150,,,,79.7751,20422,,,,120.0,2400,,,,15.0,7680,
1579,,,1894.8,15158,,,,60.0,150,,,,79.7693,20421,,,,120.0,2400,,,,15.0,7680,
1580,,,1896.0,15168,,,,60.0,150,,,,79.7634,20419,,,,120.0,2400,,,,15.0,7680,
1581,,,1897.2,15178,,,,60.0,150,,,,79.7575,20418,,,,120.0,2400,,,,15.0,7680,
1582,,,1898.4,15187,,,,60.0,150,,,,79.7515,20416,,,,120.0,2400,,,,15.0,7680,
1583,,,1899.6,15197,,,,60.0,150,,,,79.7454,20415,,,,120.0,2400,,,,15.0,7680,
1584,,,1900.8,15206,,,,60.0,150,,,,79.7392,20413,,,,120.0,2400,,,,15.0,7680,
1585,,,1902.0,15216,,,,60.0,150,,,,79.733,20412,,,,120.0,2400,,,,15.0,7680,
1586,,,1903.2,15226,,,,60.0,150,,,,79.7267,20410,,,,120.0,2400,,,,15.0,7680,
1587,,,1904.4,15235,,,,60.0,150,,,,79.7203,20408,,,,120.0,2400,,,,15.0,7680,
1588,920.0,7360,1905.6,15245,-985.6,10.0,25,60.0,150,-50.0,47.6016,12186,79.7138,20407,-32.1123,380.0,7600,120.0,2400,260.0,15.0,7680,15.0,7680,0.0
1589,,,1906.8,15254,,,,60.0,150,,,,79.7073,20405,,,,120.0,2400,,,,15.0,7680,
1590,,,1908.0,15264,,,,60.0,150,,,,79.7007,20403,,,,120.0,2400,,,,15.0,7680,
1591,,,1909.2,15274,,,,60.0,150,,,,79.694,20402,,,,120.0,2400,,,,15.0,7680,
1592,,,1910.4,15283,,,,60.0,150,,,,79.6873,20400,,,,120.0,2400,,,,15.0,7680,
1593,,,1911.6,15293,,,,60.0,150,,,,79.6805,20398,,,,120.0,2400,,,,15.0,7680,
1594,,,1912.8,15302,,,,60.0,150,,,,79.6736,20396,,,,120.0,2400,,,,15.0,7680,
1595,,,1914.0,15312,,,,60.0,150,,,,79.6666,20395,,,,120.0,2400,,,,15.0,7680,
1596,,,1915.2,15322,,,,60.0,150,,,,79.6596,20393,,,,120.0,2400,,,,15.0,7680,
1597,,,1916.4,15331,,,,60.0,150,,,,79.6524,20391,,,,120.0,2400,,,,15.0,7680,
1598,,,1917.6,15341,,,,60.0,150,,,,79.6452,20389,,,,120.0,2400,,,,15.0,7680,
1599,,,1918.8,15350,,,,60.0,150,,,,79.638,20387,,,,120.0,2400,,,,15.0,7680,
1600,,,1920.0,15360,,,,60.0,150,,,,79.6307,20385,,,,120.0,2400,,,,15.0,7680,
1601,,,1921.2,15370,,,,60.0,150,,,,79.6232,20384,,,,120.0,2400,,,,15.0,7680,
1602,,,1922.4,15379,,,,60.0,150,,,,79.6158,20382,,,,120.0,2400,,,,15.0,7680,
1603,,,1923.6,15389,,,,60.0,150,,,,79.6082,20380,,,,120.0,2400,,,,15.0,7680,
1604,,,1924.8,15398,,,,60.0,150,,,,79.6006,20378,,,,120.0,2400,,,,15.0,7680,
1605,890.0,7120,1926.0,15408,-1036.0,10.0,25,60.0,150,-50.0,50.0,12800,79.5929,20376,-29.5929,380.0,7600,120.0,2400,260.0,15.0,7680,15.0,7680,0.0
1606,,,1927.2,15418,,,,60.0,150,,,,79.5851,20374,,,,120.0,2400,,,,15.0,7680,
1607,,,1928.4,15427,,,,60.0,150,,,,79.5773,20372,,,,120.0,2400,,,,15.0,7680,
1608,,,1929.6,15437,,,,60.0,150,,,,79.5693,20370,,,,120.0,2400,,,,15.0,7680,
1609,,,1930.8,15446,,,,60.0,150,,,,79.5613,20368,,,,120.0,2400,,,,15.0,7680,
1610,,,1932.0,15456,,,,60.0,150,,,,79.5533,20366,,,,120.0,2400,,,,15.0,7680,
1611,,,1933.2,15466,,,,60.0,150,,,,79.5451,20364,,,,120.0,2400,,,,15.0,7680,
1612,,,1934.4,15475,,,,60.0,150,,,,79.5369,20361,,,,120.0,2400,,,,15.0,7680,
1613,,,1935.6,15485,,,,60.0,150,,,,79.5286,20359,,,,120.0,2400,,,,15.0,7680,
1614,,,1936.8,15494,,,,60.0,150,,,,79.5203,20357,,,,120.0,2400,,,,15.0,7680,
1615,,,1938.0,15504,,,,60.0,150,,,,79.5119,20355,,,,120.0,2400,,,,15.0,7680,
1616,,,1939.2,15514,,,,60.0,150,,,,79.5034,20353,,,,120.0,2400,,,,15.0,7680,
1617,,,1940.4,15523,,,,60.0,150,,,,79.4948,20351,,,,120.0,2400,,,,15.0,7680,
1618,,,1941.6,15533,,,,60.0,150,,,,79.4861,20348,,,,120.0,2400,,,,15.0,7680,
1619,,,1942.8,15542,,,,60.0,150,,,,79.4774,20346,,,,120.0,2400,,,,15.0,7680,
1620,,,1944.0,15552,,,,60.0,150,,,,79.4686,20344,,,,120.0,2400,,,,15.0,7680,
1621,860.0,6880,1945.2,15562,-1085.2,10.0,25,60.0,150,-50.0,,,79.4598,20342,,,,120.0,2400,,,,15.0,7680,
1622,,,1946.4,15571,,,,60.0,150,,52.5,13440,79.4508,20339,-26.9508,380.0,7600,120.0,2400,260.0,15.0,7680,15.0,7680,0.0
1623,,,1947.6,15581,,,,60.0,150,,,,79.4418,20337,,,,120.0,2400,,,,15.0,7680,
1624,,,1948.8,15590,,,,60.0,150,,,,79.4327,20335,,,,120.0,2400,,,,15.0,7680,
1625,,,1950.0,15600,,,,60.0,150,,,,79.4236,20332,,,,120.0,2400,,,,15.0,7680,
1626,,,1951.2,15610,,,,60.0,150,,,,79.4143,20330,,,,120.0,2400,,,,15.0,7680,
1627,,,1952.4,15619,,,,60.0,150,,,,79.405,20328,,,,120.0,2400,,,,15.0,7680,
1628,,,1953.6,15629,,,,60.0,150,,,,79.3957,20325,,,,120.0,2400,,,,15.0,7680,
1629,,,1954.8,15638,,,,60.0,150,,,,79.3862,20323,,,,120.0,2400,,,,15.0,7680,
1630,,,1956.0,15648,,,,60.0,150,,,,79.3767,20320,,,,120.0,2400,,,,15.0,7680,
1631,,,1957.2,15658,,,,60.0,150,,,,79.3671,20318,,,,120.0,2400,,,,15.0,7680,
1632,,,1958.4,15667,,,,60.0,150,,,,79.3574,20316,,,,120.0,2400,,,,15.0,7680,
1633,,,1959.6,15677,,,,60.0,150,,,,79.3477,20313,,,,120.0,2400,,,,15.0,7680,
1634,,,1960.8,15686,,,,60.0,150,,,,79.3379,20310,,,,120.0,2400,,,,15.0,7680,
1635,,,1962.0,15696,,,,60.0,150,,,,79.328,20308,,,,120.0,2400,,,,15.0,7680,
1636,,,1963.2,15706,,,,60.0,150,,,,79.318,20305,,,,120.0,2400,,,,15.0,7680,
1637,,,1964.4,15715,,,,60.0,150,,,,79.308,20303,,,,120.0,2400,,,,15.0,7680,
1638,830.0,6640,1965.6,15725,-1135.6,10.0,25,60.0,150,-50.0,55.0,14080,79.2979,20300,-24.2979,,,120.0,2400,,,,15.0,7680,
1639,,,1966.8,15734,,,,60.0,150,,,,79.2877,20298,,380.0,7600,120.0,2400,260.0,15.0,7680,15.0,7680,0.0
1640,,,1968.0,15744,,,,60.0,150,,,,79.2775,20295,,,,120.0,2400,,,,15.0,7680,
1641,,,1969.2,15754,,,,60.0,150,,,,79.2672,20292,,,,120.0,2400,,,,15.0,7680,
1642,,,1970.4,15763,,,,60.0,150,,,,79.2568,20290,,,,120.0,2400,,,,15.0,7680,
1643,,,1971.6,15773,,,,60.0,150,,,,79.2463,20287,,,,120.0,2400,,,,15.0,7680,
1644,,,1972.8,15782,,,,60.0,150,,,,79.2358,20284,,,,120.0,2400,,,,15.0,7680,
1645,,,1974.0,15792,,,,60.0,150,,,,79.2252,20282,,,,120.0,2400,,,,15.0,7680,
1646,,,1975.2,15802,,,,60.0,150,,,,79.2145,20279,,,,120.0,2400,,,,15.0,7680,
1647,,,1976.4,15811,,,,60.0,150,,,,79.2038,20276,,,,120.0,2400,,,,15.0,7680,
1648,,,1977.6,15821,,,,60.0,150,,,,79.193,20273,,,,120.0,2400,,,,15.0,7680,
1649,,,1978.8,15830,,,,60.0,150,,,,79.1821,20271,,,,120.0,2400,,,,15.0,7680,
1650,,,1980.0,15840,,,,60.0,150,,,,79.1711,20268,,,,120.0,2400,,,,15.0,7680,
1651,,,1981.2,15850,,,,60.0,150,,,,79.1601,20265,,,,120.0,2400,,,,15.0,7680,
1652,,,1982.4,15859,,,,60.0,150,,,,79.149,20262,,,,120.0,2400,,,,15.0,7680,
1653,,,1983.6,15869,,,,60.0,150,,,,79.1378,20259,,,,120.0,2400,,,,15.0,7680,
1654,,,1984.8,15878,,,,60.0,150,,,,79.1265,20256,,,,120.0,2400,,,,15.0,7680,
1655,800.0,6400,1986.0,15888,-1186.0,10.0,25,60.0,150,-50.0,,,79.1152,20253,,,,120.0,2400,,,,15.0,7680,
1656,,,1987.2,15898,,,,60.0,150,,57.5,14720,79.1038,20251,-21.6038,380.0,7600,120.0,2400,260.0,15.0,7680,15.0,7680,0.0
1657,,,1988.4,15907,,,,60.0,150,,,,79.0923,20248,,,,120.0,2400,,,,15.0,7680,
1658,,,1989.6,15917,,,,60.0,150,,,,79.0808,20245,,,,120.0,2400,,,,15.0,7680,
1659,,,1990.8,15926,,,,60.0,150,,,,79.0692,20242,,,,120.0,2400,,,,15.0,7680,
1660,,,1992.0,15936,,,,60.0,150,,,,79.0575,20239,,,,120.0,2400,,,,15.0,7680,
1661,,,1993.2,15946,,,,60.0,150,,,,79.0457,20236,,,,120.0,2400,,,,15.0,7680,
1662,,,1994.4,15955,,,,60.0,150,,,,79.0339,20233,,,,120.0,2400,,,,15.0,7680,
1663,,,1995.6,15965,,,,60.0,150,,,,79.022,20230,,,,120.0,2400,,,,15.0,7680,
1664,,,1996.8,15974,,,,60.0,150,,,,79.01,20227,,,,120.0,2400,,,,15.0,7680,
1665,,,1998.0,15984,,,,60.0,150,,,,78.998,20223,,,,120.0,2400,,,,15.0,7680,
1666,,,1999.2,15994,,,,60.0,150,,,,78.9859,20220,,,,120.0,2400,,,,15.0,7680,
1667,,,2000.4,16003,,,,60.0,150,,,,78.9737,20217,,,,120.0,2400,,,,15.0,7680,
1668,,,2001.6,16013,,,,60.0,150,,,,78.9614,20214,,,,120.0,2400,,,,15.0,7680,
1669,,,2002.8,16022,,,,60.0,150,,,,78.9491,20211,,,,120.0,2400,,,,15.0,7680,
1670,,,2004.0,16032,,,,60.0,150,,,,78.9367,20208,,,,120.0,2400,,,,15.0,7680,
1671,5000.0,40000,2005.2,16042,2994.8,,,60.0,150,,,,78.9243,20205,,,,120.0,2400,,,,15.0,7680,
1672,,,2006.4,16051,,100.0,250,60.0,150,40.0,150.0,38400,78.9117,20201,71.0883,500.0,10000,120.0,2400,380.0,30.0,15360,15.0,7680,15.0
1673,,,2007.6,16061,,,,60.0,150,,,,78.8991,20198,,,,120.0,2400,,,,15.0,7680,
1674,,,2008.8,16070,,,,60.0,150,,,,78.8864,20195,,,,120.0,2400,,,,15.0,7680,
1675,,,2010.0,16080,,,,60.0,150,,,,78.8737,20192,,,,120.0,2400,,,,15.0,7680,
1676,,,2011.2,16090,,,,60.0,150,,,,78.8608,20188,,,,120.0,2400,,,,15.0,7680,
1677,,,2012.4,16099,,,,60.0,150,,,,78.8479,20185,,,,120.0,2400,,,,15.0,7680,
1678,,,2013.6,16109,,,,60.0,150,,,,78.835,20182,,,,120.0,2400,,,,15.0,7680,
1679,,,2014.8,16118,,,,60.0,150,,,,78.8219,20178,,,,120.0,2400,,,,15.0,7680,
1680,,,2016.0,16128,,,,60.0,150,,,,78.8088,20175,,,,120.0,2400,,,,15.0,7680,
1681,,,2017.2,16138,,,,60.0,150,,,,78.7956,20172,,,,120.0,2400,,,,15.0,7680,
1682,,,2018.4,16147,,,,60.0,150,,,,78.7824,20168,,,,120.0,2400,,,,15.0,7680,
1683,,,2019.6,16157,,,,60.0,150,,,,78.769,20165,,,,120.0,2400,,,,15.0,7680,
1684,,,2020.8,16166,,,,60.0,150,,,,78.7557,20161,,,,120.0,2400,,,,15.0,7680,
1685,,,2022.0,16176,,,,60.0,150,,,,78.7422,20158,,,,120.0,2400,,,,15.0,7680,
1686,,,2023.2,16186,,,,60.0,150,,,,78.7286,20155,,,,120.0,2400,,,,15.0,7680,
1687,,,2024.4,16195,,,,60.0,150,,,,78.715,20151,,,,120.0,2400,,,,15.0,7680,
1688,5000.0,40000,2025.6,16205,2974.4,100.0,250,60.0,150,40.0,,,78.7014,20148,,,,120.0,2400,,,,15.0,7680,
1689,,,2026.8,16214,,,,60.0,150,,150.0,38400,78.6876,20144,71.3124,500.0,10000,120.0,2400,380.0,30.0,15360,15.0,7680,15.0
1690,,,2028.0,16224,,,,60.0,150,,,,78.6738,20140,,,,120.0,2400,,,,15.0,7680,
1691,,,2029.2,16234,,,,60.0,150,,,,78.6599,20137,,,,120.0,2400,,,,15.0,7680,
1692,,,2030.4,16243,,,,60.0,150,,,,78.6459,20133,,,,120.0,2400,,,,15.0,7680,
1693,,,2031.6,16253,,,,60.0,150,,,,78.6319,20130,,,,120.0,2400,,,,15.0,7680,
1694,,,2032.8,16262,,,,60.0,150,,,,78.6178,20126,,,,120.0,2400,,,,15.0,7680,
1695,,,2034.0,16272,,,,60.0,150,,,,78.6036,20123,,,,120.0,2400,,,,15.0,7680,
1696,,,2035.2,16282,,,,60.0,150,,,,78.5894,20119,,,,120.0,2400,,,,15.0,7680,
1697,,,2036.4,16291,,,,60.0,150,,,,78.5751,20115,,,,120.0,2400,,,,15.0,7680,
1698,,,2037.6,16301,,,,60.0,150,,,,78.5607,20112,,,,120.0,2400,,,,15.0,7680,
1699,,,2038.8,16310,,,,60.0,150,,,,78.5462,20108,,,,120.0,2400,,,,15.0,7680,
1700,,,2040.0,16320,,,,60.0,150,,,,78.5317,20104,,,,120.0,2400,,,,15.0,7680,
1701,,,2041.2,16330,,,,60.0,150,,,,78.5171,20100,,,,120.0,2400,,,,15.0,7680,
1702,,,2042.4,16339,,,,60.0,150,,,,78.5024,20097,,,,120.0,2400,,,,15.0,7680,
1703,,,2043.6,16349,,,,60.0,150,,,,78.4877,20093,,,,120.0,2400,,,,15.0,7680,
1704,,,2044.8,16358,,,,60.0,150,,,,78.4729,20089,,,,120.0,2400,,,,15.0,7680,
1705,5000.0,40000,2046.0,16368,2954.0,100.0,250,60.0,150,40.0,150.0,38400,78.458,20085,71.542,500.0,10000,120.0,2400,380.0,30.0,15360,15.0,7680,15.0
1706,,,2047.2,16378,,,,60.0,150,,,,78.4431,20081,,,,120.0,2400,,,,15.0,7680,
1707,,,2048.4,16387,,,,60.0,150,,,,78.428,20078,,,,120.0,2400,,,,15.0,7680,
1708,,,2049.6,16397,,,,60.0,150,,,,78.4129,20074,,,,120.0,2400,,,,15.0,7680,
1709,,,2050.8,16406,,,,60.0,150,,,,78.3978,20070,,,,120.0,2400,,,,15.0,7680,
1710,,,2052.0,16416,,,,60.0,150,,,,78.3826,20066,,,,120.0,2400,,,,15.0,7680,
1711,,,2053.2,16426,,,,60.0,150,,,,78.3673,20062,,,,120.0,2400,,,,15.0,7680,
1712,,,2054.4,16435,,,,60.0,150,,,,78.3519,20058,,,,120.0,2400,,,,15.0,7680,
1713,,,2055.6,16445,,,,60.0,150,,,,78.3365,20054,,,,120.0,2400,,,,15.0,7680,
1714,,,2056.8,16454,,,,60.0,150,,,,78.3209,20050,,,,120.0,2400,,,,15.0,7680,
1715,,,2058.0,16464,,,,60.0,150,,,,78.3054,20046,,,,120.0,2400,,,,15.0,7680,
1716,,,2059.2,16474,,,,60.0,150,,,,78.2897,20042,,,,120.0,2400,,,,15.0,7680,
1717,,,2060.4,16483,,,,60.0,150,,,,78.274,20038,,,,120.0,2400,,,,15.0,7680,
1718,,,2061.6,16493,,,,60.0,150,,,,78.2582,20034,,,,120.0,2400,,,,15.0,7680,
1719,,,2062.8,16502,,,,60.0,150,,,,78.2424,20030,,,,120.0,2400,,,,15.0,7680,
1720,,,2064.0,16512,,,,60.0,150,,,,78.2264,20026,,,,120.0,2400,,,,15.0,7680,
1721,,,2065.2,16522,,,,60.0,150,,,,78.2104,20022,,,,120.0,2400,,,,15.0,7680,
1722,5000.0,40000,2066.4,16531,2933.6,100.0,250,60.0,150,40.0,150.0,38400,78.1944,20018,71.8056,500.0,10000,120.0,2400,380.0,30.0,15360,15.0,7680,15.0
1723,,,2067.6,16541,,,,60.0,150,,,,78.1782,20014,,,,120.0,2400,,,,15.0,7680,
1724,,,2068.8,16550,,,,60.0,150,,,,78.162,20009,,,,120.0,2400,,,,15.0,7680,
1725,,,2070.0,16560,,,,60.0,150,,,,78.1457,20005,,,,120.0,2400,,,,15.0,7680,
1726,,,2071.2,16570,,,,60.0,150,,,,78.1294,20001,,,,120.0,2400,,,,15.0,7680,
1727,,,2072.4,16579,,,,60.0,150,,,,78.113,19997,,,,120.0,2400,,,,15.0,7680,
1728,,,2073.6,16589,,,,60.0,150,,,,78.0965,19993,,,,120.0,2400,,,,15.0,7680,
1729,,,2074.8,16598,,,,60.0,150,,,,78.0799,19988,,,,120.0,2400,,,,15.0,7680,
1730,,,2076.0,16608,,,,60.0,150,,,,78.0633,19984,,,,120.0,2400,,,,15.0,7680,
1731,,,2077.2,16618,,,,60.0,150,,,,78.0466,19980,,,,120.0,2400,,,,15.0,7680,
1732,,,2078.4,16627,,,,60.0,150,,,,78.0299,19976,,,,120.0,2400,,,,15.0,7680,
1733,,,2079.6,16637,,,,60.0,150,,,,78.013,19971,,,,120.0,2400,,,,15.0,7680,
1734,,,2080.8,16646,,,,60.0,150,,,,77.9961,19967,,,,120.0,2400,,,,15.0,7680,
1735,,,2082.0,16656,,,,60.0,150,,,,77.9792,19963,,,,120.0,2400,,,,15.0,7680,
1736,,,2083.2,16666,,,,60.0,150,,,,77.9621,19958,,,,120.0,2400,,,,15.0,7680,
1737,,,2084.4,16675,,,,60.0,150,,,,77.945,19954,,,,120.0,2400,,,,15.0,7680,
1738,5000.0,40000,2085.6,16685,2914.4,,,60.0,150,,,,77.9279,19950,,,,120.0,2400,,,,15.0,7680,
1739,,,2086.8,16694,,100.0,250,60.0,150,40.0,150.0,38400,77.9106,19945,72.0894,500.0,10000,120.0,2400,380.0,30.0,15360,15.0,7680,15.0
1740,,,2088.0,16704,,,,60.0,150,,,,77.8933,19941,,,,120.0,2400,,,,15.0,7680,
1741,,,2089.2,16714,,,,60.0,150,,,,77.8759,19936,,,,120.0,2400,,,,15.0,7680,
1742,,,2090.4,16723,,,,60.0,150,,,,77.8585,19932,,,,120.0,2400,,,,15.0,7680,
1743,,,2091.6,16733,,,,60.0,150,,,,77.8409,19927,,,,120.0,2400,,,,15.0,7680,
1744,,,2092.8,16742,,,,60.0,150,,,,77.8234,19923,,,,120.0,2400,,,,15.0,7680,
1745,,,2094.0,16752,,,,60.0,150,,,,77.8057,19918,,,,120.0,2400,,,,15.0,7680,
1746,,,2095.2,16762,,,,60.0,150,,,,77.788,19914,,,,120.0,2400,,,,15.0,7680,
1747,,,2096.4,16771,,,,60.0,150,,,,77.7702,19909,,,,120.0,2400,,,,15.0,7680,
1748,,,2097.6,16781,,,,60.0,150,,,,77.7523,19905,,,,120.0,2400,,,,15.0,7680,
1749,,,2098.8,16790,,,,60.0,150,,,,77.7344,19900,,,,120.0,2400,,,,15.0,7680,
1750,,,2100.0,16800,,,,70.0,175,,,,77.7164,19895,,,,120.0,2400,,,,15.0,7680,
1751,,,2101.2,16810,,,,70.0,175,,,,77.6983,19891,,,,120.0,2400,,,,15.0,7680,
1752,,,2102.4,16819,,,,70.0,175,,,,77.6802,19886,,,,120.0,2400,,,,15.0,7680,
1753,,,2103.6,16829,,,,70.0,175,,,,77.662,19881,,,,120.0,2400,,,,15.0,7680,
1754,,,2104.8,16838,,,,70.0,175,,,,77.6437,19877,,,,120.0,2400,,,,15.0,7680,
1755,5000.0,40000,2106.0,16848,2894.0,100.0,250,70.0,175,30.0,150.0,38400,77.6254,19872,72.3746,,,120.0,2400,,,,15.0,7680,
1756,,,2107.2,16858,,,,70.0,175,,,,77.607,19867,,500.0,10000,120.0,2400,380.0,30.0,15360,15.0,7680,15.0
1757,,,2108.4,16867,,,,70.0,175,,,,77.5885,19863,,,,120.0,2400,,,,15.0,7680,
1758,,,2109.6,16877,,,,70.0,175,,,,77.5699,19858,,,,120.0,2400,,,,15.0,7680,
1759,,,2110.8,16886,,,,70.0,175,,,,77.5513,19853,,,,120.0,2400,,,,15.0,7680,
1760,,,2112.0,16896,,,,70.0,175,,,,77.5326,19848,,,,120.0,2400,,,,15.0,7680,
1761,,,2113.2,16906,,,,70.0,175,,,,77.5139,19844,,,,120.0,2400,,,,15.0,7680,
1762,,,2114.4,16915,,,,70.0,175,,,,77.4951,19839,,,,120.0,2400,,,,15.0,7680,
1763,,,2115.6,16925,,,,70.0,175,,,,77.4762,19834,,,,120.0,2400,,,,15.0,7680,
1764,,,2116.8,16934,,,,70.0,175,,,,77.4572,19829,,,,120.0,2400,,,,15.0,7680,
1765,,,2118.0,16944,,,,70.0,175,,,,77.4382,19824,,,,120.0,2400,,,,15.0,7680,
1766,,,2119.2,16954,,,,70.0,175,,,,77.4191,19819,,,,120.0,2400,,,,15.0,7680,
1767,,,2120.4,16963,,,,70.0,175,,,,77.4,19814,,,,120.0,2400,,,,15.0,7680,
1768,,,2121.6,16973,,,,70.0,175,,,,77.3807,19809,,,,120.0,2400,,,,15.0,7680,
1769,,,2122.8,16982,,,,70.0,175,,,,77.3615,19805,,,,120.0,2400,,,,15.0,7680,
1770,,,2124.0,16992,,,,70.0,175,,,,77.3421,19800,,,,120.0,2400,,,,15.0,7680,
1771,,,2125.2,17002,,,,70.0,175,,,,77.3227,19795,,,,120.0,2400,,,,15.0,7680,
1772,5000.0,40000,2126.4,17011,2873.6,100.0,250,70.0,175,30.0,150.0,38400,77.3032,19790,72.6968,500.0,10000,120.0,2400,380.0,30.0,15360,15.0,7680,15.0
1773,,,2127.6,17021,,,,70.0,175,,,,77.2836,19785,,,,120.0,2400,,,,15.0,7680,
1774,,,2128.8,17030,,,,70.0,175,,,,77.264,19780,,,,120.0,2400,,,,15.0,7680,
1775,,,2130.0,17040,,,,70.0,175,,,,77.2443,19775,,,,120.0,2400,,,,15.0,7680,
1776,,,2131.2,17050,,,,70.0,175,,,,77.2245,19769,,,,120.0,2400,,,,15.0,7680,
1777,,,2132.4,17059,,,,70.0,175,,,,77.2047,19764,,,,120.0,2400,,,,15.0,7680,
1778,,,2133.6,17069,,,,70.0,175,,,,77.1848,19759,,,,120.0,2400,,,,15.0,7680,
1779,,,2134.8,17078,,,,70.0,175,,,,77.1648,19754,,,,120.0,2400,,,,15.0,7680,
1780,,,2136.0,17088,,,,70.0,175,,,,77.1448,19749,,,,120.0,2400,,,,15.0,7680,
1781,,,2137.2,17098,,,,70.0,175,,,,77.1247,19744,,,,120.0,2400,,,,15.0,7680,
1782,,,2138.4,17107,,,,70.0,175,,,,77.1045,19739,,,,120.0,2400,,,,15.0,7680,
1783,,,2139.6,17117,,,,70.0,175,,,,77.0843,19734,,,,120.0,2400,,,,15.0,7680,
1784,,,2140.8,17126,,,,70.0,175,,,,77.064,19728,,,,120.0,2400,,,,15.0,7680,
1785,,,2142.0,17136,,,,70.0,175,,,,77.0437,19723,,,,120.0,2400,,,,15.0,7680,
1786,,,2143.2,17146,,,,70.0,175,,,,77.0232,19718,,,,120.0,2400,,,,15.0,7680,
1787,,,2144.4,17155,,,,70.0,175,,,,77.0027,19713,,,,120.0,2400,,,,15.0,7680,
1788,5000.0,40000,2145.6,17165,2854.4,,,70.0,175,,,,76.9822,19707,,,,120.0,2400,,,,15.0,7680,
1789,,,2146.8,17174,,100.0,250,70.0,175,30.0,150.0,38400,76.9615,19702,73.0385,500.0,10000,120.0,2400,380.0,30.0,15360,15.0,7680,15.0
1790,,,2148.0,17184,,,,70.0,175,,,,76.9408,19697,,,,120.0,2400,,,,15.0,7680,
1791,,,2149.2,17194,,,,70.0,175,,,,76.9201,19692,,,,120.0,2400,,,,15.0,7680,
1792,,,2150.4,17203,,,,70.0,175,,,,76.8992,19686,,,,120.0,2400,,,,15.0,7680,
1793,,,2151.6,17213,,,,70.0,175,,,,76.8783,19681,,,,120.0,2400,,,,15.0,7680,
1794,,,2152.8,17222,,,,70.0,175,,,,76.8574,19675,,,,120.0,2400,,,,15.0,7680,
1795,,,2154.0,17232,,,,70.0,175,,,,76.8363,19670,,,,120.0,2400,,,,15.0,7680,
1796,,,2155.2,17242,,,,70.0,175,,,,76.8152,19665,,,,120.0,2400,,,,15.0,7680,
1797,,,2156.4,17251,,,,70.0,175,,,,76.7941,19659,,,,120.0,2400,,,,15.0,7680,
1798,,,2157.6,17261,,,,70.0,175,,,,76.7729,19654,,,,120.0,2400,,,,15.0,7680,
1799,,,2158.8,17270,,,,70.0,175,,,,76.7516,19648,,,,120.0,2400,,,,15.0,7680,
1800,,,2160.0,17280,,,,70.0,175,,,,76.7302,19643,,,,120.0,2400,,,,15.0,7680,
1801,,,2161.2,17290,,,,70.0,175,,,,76.7088,19637,,,,120.0,2400,,,,15.0,7680,
1802,,,2162.4,17299,,,,70.0,175,,,,76.6873,19632,,,,120.0,2400,,,,15.0,7680,
1803,,,2163.6,17309,,,,70.0,175,,,,76.6657,19626,,,,120.0,2400,,,,15.0,7680,
1804,,,2164.8,17318,,,,70.0,175,,,,76.6441,19621,,,,120.0,2400,,,,15.0,7680,
1805,5000.0,40000,2166.0,17328,2834.0,100.0,250,70.0,175,30.0,,,76.6224,19615,,,,120.0,2400,,,,15.0,7680,
1806,,,2167.2,17338,,,,70.0,175,,150.0,38400,76.6006,19610,73.3994,500.0,10000,120.0,2400,380.0,30.0,15360,15.0,7680,15.0
1807,,,2168.4,17347,,,,70.0,175,,,,76.5788,19604,,,,120.0,2400,,,,15.0,7680,
1808,,,2169.6,17357,,,,70.0,175,,,,76.5569,19599,,,,120.0,2400,,,,15.0,7680,
1809,,,2170.8,17366,,,,70.0,175,,,,76.535,19593,,,,120.0,2400,,,,15.0,7680,
1810,,,2172.0,17376,,,,70.0,175,,,,76.513,19587,,,,120.0,2400,,,,15.0,7680,
1811,,,2173.2,17386,,,,70.0,175,,,,76.4909,19582,,,,120.0,2400,,,,15.0,7680,
1812,,,2174.4,17395,,,,70.0,175,,,,76.4687,19576,,,,120.0,2400,,,,15.0,7680,
1813,,,2175.6,17405,,,,70.0,175,,,,76.4465,19570,,,,120.0,2400,,,,15.0,7680,
1814,,,2176.8,17414,,,,70.0,175,,,,76.4242,19565,,,,120.0,2400,,,,15.0,7680,
1815,,,2178.0,17424,,,,70.0,175,,,,76.4019,19559,,,,120.0,2400,,,,15.0,7680,
1816,,,2179.2,17434,,,,70.0,175,,,,76.3795,19553,,,,120.0,2400,,,,15.0,7680,
1817,,,2180.4,17443,,,,70.0,175,,,,76.357,19547,,,,120.0,2400,,,,15.0,7680,
1818,,,2181.6,17453,,,,70.0,175,,,,76.3345,19542,,,,120.0,2400,,,,15.0,7680,
1819,,,2182.8,17462,,,,70.0,175,,,,76.3119,19536,,,,120.0,2400,,,,15.0,7680,
1820,,,2184.0,17472,,,,70.0,175,,,,76.2892,19530,,,,120.0,2400,,,,15.0,7680,
1821,,,2185.2,17482,,,,70.0,175,,,,76.2665,19524,,,,120.0,2400,,,,15.0,7680,
1822,5000.0,40000,2186.4,17491,2813.6,100.0,250,70.0,175,30.0,150.0,38400,76.2437,19518,73.7563,,,120.0,2400,,,,15.0,7680,
1823,,,2187.6,17501,,,,70.0,175,,,,76.2208,19513,,500.0,10000,120.0,2400,380.0,30.0,15360,15.0,7680,15.0
1824,,,2188.8,17510,,,,70.0,175,,,,76.1979,19507,,,,120.0,2400,,,,15.0,7680,
1825,,,2190.0,17520,,,,70.0,175,,,,76.1749,19501,,,,120.0,2400,,,,15.0,7680,
1826,,,2191.2,17530,,,,70.0,175,,,,76.1518,19495,,,,120.0,2400,,,,15.0,7680,
1827,,,2192.4,17539,,,,70.0,175,,,,76.1287,19489,,,,120.0,2400,,,,15.0,7680,
1828,,,2193.6,17549,,,,70.0,175,,,,76.1055,19483,,,,120.0,2400,,,,15.0,7680,
1829,,,2194.8,17558,,,,70.0,175,,,,76.0823,19477,,,,120.0,2400,,,,15.0,7680,
1830,,,2196.0,17568,,,,70.0,175,,,,76.0589,19471,,,,120.0,2400,,,,15.0,7680,
1831,,,2197.2,17578,,,,70.0,175,,,,76.0356,19465,,,,120.0,2400,,,,15.0,7680,
1832,,,2198.4,17587,,,,70.0,175,,,,76.0121,19459,,,,120.0,2400,,,,15.0,7680,
1833,,,2199.6,17597,,,,70.0,175,,,,75.9886,19453,,,,120.0,2400,,,,15.0,7680,
1834,,,2200.8,17606,,,,70.0,175,,,,75.965,19447,,,,120.0,2400,,,,15.0,7680,
1835,,,2202.0,17616,,,,70.0,175,,,,75.9414,19441,,,,120.0,2400,,,,15.0,7680,
1836,,,2203.2,17626,,,,70.0,175,,,,75.9177,19435,,,,120.0,2400,,,,15.0,7680,
1837,,,2204.4,17635,,,,70.0,175,,,,75.8939,19429,,,,120.0,2400,,,,15.0,7680,
1838,,,2205.6,17645,,,,70.0,175,,,,75.8701,19423,,,,120.0,2400,,,,15.0,7680,
1839,5000.0,40000,2206.8,17654,2793.2,100.0,250,70.0,175,30.0,150.0,38400,75.8462,19417,74.1538,500.0,10000,120.0,2400,380.0,30.0,15360,15.0,7680,15.0
1840,,,2208.0,17664,,,,70.0,175,,,,75.8223,19410,,,,120.0,2400,,,,15.0,7680,
1841,,,2209.2,17674,,,,70.0,175,,,,75.7982,19404,,,,120.0,2400,,,,15.0,7680,
1842,,,2210.4,17683,,,,70.0,175,,,,75.7742,19398,,,,120.0,2400,,,,15.0,7680,
1843,,,2211.6,17693,,,,70.0,175,,,,75.75,19392,,,,120.0,2400,,,,15.0,7680,
1844,,,2212.8,17702,,,,70.0,175,,,,75.7258,19386,,,,120.0,2400,,,,15.0,7680,
1845,,,2214.0,17712,,,,70.0,175,,,,75.7015,19380,,,,120.0,2400,,,,15.0,7680,
1846,,,2215.2,17722,,,,70.0,175,,,,75.6772,19373,,,,120.0,2400,,,,15.0,7680,
1847,,,2216.4,17731,,,,70.0,175,,,,75.6528,19367,,,,120.0,2400,,,,15.0,7680,
1848,,,2217.6,17741,,,,70.0,175,,,,75.6283,19361,,,,120.0,2400,,,,15.0,7680,
1849,,,2218.8,17750,,,,70.0,175,,,,75.6038,19355,,,,120.0,2400,,,,15.0,7680,
1850,,,2220.0,17760,,,,70.0,175,,,,75.5792,19348,,,,120.0,2400,,,,15.0,7680,
1851,,,2221.2,17770,,,,70.0,175,,,,75.5546,19342,,,,120.0,2400,,,,15.0,7680,
1852,,,2222.4,17779,,,,70.0,175,,,,75.5298,19336,,,,120.0,2400,,,,15.0,7680,
1853,,,2223.6,17789,,,,70.0,175,,,,75.5051,19329,,,,120.0,2400,,,,15.0,7680,
1854,,,2224.8,17798,,,,70.0,175,,,,75.4802,19323,,,,120.0,2400,,,,15.0,7680,
1855,5000.0,40000,2226.0,17808,2774.0,,,70.0,175,,,,75.4553,19317,,,,120.0,2400,,,,15.0,7680,
1856,,,2227.2,17818,,100.0,250,70.0,175,30.0,150.0,38400,75.4303,19310,74.5697,500.0,10000,120.0,2400,380.0,30.0,15360,15.0,7680,15.0
1857,,,2228.4,17827,,,,70.0,175,,,,75.4053,19304,,,,120.0,2400,,,,15.0,7680,
1858,,,2229.6,17837,,,,70.0,175,,,,75.3802,19297,,,,120.0,2400,,,,15.0,7680,
1859,,,2230.8,17846,,,,70.0,175,,,,75.3551,19291,,,,120.0,2400,,,,15.0,7680,
1860,,,2232.0,17856,,,,70.0,175,,,,75.3298,19284,,,,120.0,2400,,,,15.0,7680,
1861,,,2233.2,17866,,,,70.0,175,,,,75.3046,19278,,,,120.0,2400,,,,15.0,7680,
1862,,,2234.4,17875,,,,70.0,175,,,,75.2792,19271,,,,120.0,2400,,,,15.0,7680,
1863,,,2235.6,17885,,,,70.0,175,,,,75.2538,19265,,,,120.0,2400,,,,15.0,7680,
1864,,,2236.8,17894,,,,70.0,175,,,,75.2283,19258,,,,120.0,2400,,,,15.0,7680,
1865,,,2238.0,17904,,,,70.0,175,,,,75.2028,19252,,,,120.0,2400,,,,15.0,7680,
1866,,,2239.2,17914,,,,70.0,175,,,,75.1772,19245,,,,120.0,2400,,,,15.0,7680,
1867,,,2240.4,17923,,,,70.0,175,,,,75.1516,19239,,,,120.0,2400,,,,15.0,7680,
1868,,,2241.6,17933,,,,70.0,175,,,,75.1258,19232,,,,120.0,2400,,,,15.0,7680,
1869,,,2242.8,17942,,,,70.0,175,,,,75.1001,19226,,,,120.0,2400,,,,15.0,7680,
1870,,,2244.0,17952,,,,70.0,175,,,,75.0742,19219,,,,120.0,2400,,,,15.0,7680,
1871,,,2245.2,17962,,,,70.0,175,,,,75.0483,19212,,,,120.0,2400,,,,15.0,7680,
1872,5000.0,40000,2246.4,17971,2753.6,100.0,250,70.0,175,30.0,150.0,38400,75.0224,19206,74.9776,,,120.0,2400,,,,15.0,7680,
1873,,,2247.6,17981,,,,70.0,175,,,,74.9963,19199,,500.0,10000,120.0,2400,380.0,30.0,15360,15.0,7680,15.0
1874,,,2248.8,17990,,,,70.0,175,,,,74.9702,19192,,,,120.0,2400,,,,15.0,7680,
1875,,,2250.0,18000,,,,70.0,175,,,,74.9441,19186,,,,120.0,2400,,,,15.0,7680,
1876,,,2251.2,18010,,,,70.0,175,,,,74.9179,19179,,,,120.0,2400,,,,15.0,7680,
1877,,,2252.4,18019,,,,70.0,175,,,,74.8916,19172,,,,120.0,2400,,,,15.0,7680,
1878,,,2253.6,18029,,,,70.0,175,,,,74.8653,19166,,,,120.0,2400,,,,15.0,7680,
1879,,,2254.8,18038,,,,70.0,175,,,,74.8389,19159,,,,120.0,2400,,,,15.0,7680,
1880,,,2256.0,18048,,,,70.0,175,,,,74.8124,19152,,,,120.0,2400,,,,15.0,7680,
1881,,,2257.2,18058,,,,70.0,175,,,,74.7859,19145,,,,120.0,2400,,,,15.0,7680,
1882,,,2258.4,18067,,,,70.0,175,,,,74.7593,19138,,,,120.0,2400,,,,15.0,7680,
1883,,,2259.6,18077,,,,70.0,175,,,,74.7327,19132,,,,120.0,2400,,,,15.0,7680,
1884,,,2260.8,18086,,,,70.0,175,,,,74.706,19125,,,,120.0,2400,,,,15.0,7680,
1885,,,2262.0,18096,,,,70.0,175,,,,74.6792,19118,,,,120.0,2400,,,,15.0,7680,
1886,,,2263.2,18106,,,,70.0,175,,,,74.6524,19111,,,,120.0,2400,,,,15.0,7680,
1887,,,2264.4,18115,,,,70.0,175,,,,74.6255,19104,,,,120.0,2400,,,,15.0,7680,
1888,,,2265.6,18125,,,,70.0,175,,,,74.5986,19097,,,,120.0,2400,,,,15.0,7680,
1889,5000.0,40000,2266.8,18134,2733.2,100.0,250,70.0,175,30.0,150.0,38400,74.5716,19090,75.4284,500.0,10000,120.0,2400,380.0,30.0,15360,15.0,7680,15.0
1890,,,2268.0,18144,,,,70.0,175,,,,74.5445,19083,,,,120.0,2400,,,,15.0,7680,
1891,,,2269.2,18154,,,,70.0,175,,,,74.5174,19076,,,,120.0,2400,,,,15.0,7680,
1892,,,2270.4,18163,,,,70.0,175,,,,74.4902,19069,,,,120.0,2400,,,,15.0,7680,
1893,,,2271.6,18173,,,,70.0,175,,,,74.4629,19063,,,,120.0,2400,,,,15.0,7680,
1894,,,2272.8,18182,,,,70.0,175,,,,74.4356,19056,,,,120.0,2400,,,,15.0,7680,
1895,,,2274.0,18192,,,,70.0,175,,,,74.4083,19049,,,,120.0,2400,,,,15.0,7680,
1896,,,2275.2,18202,,,,70.0,175,,,,74.3808,19041,,,,120.0,2400,,,,15.0,7680,
1897,,,2276.4,18211,,,,70.0,175,,,,74.3533,19034,,,,120.0,2400,,,,15.0,7680,
1898,,,2277.6,18221,,,,70.0,175,,,,74.3258,19027,,,,120.0,2400,,,,15.0,7680,
1899,,,2278.8,18230,,,,70.0,175,,,,74.2982,19020,,,,120.0,2400,,,,15.0,7680,
1900,,,2280.0,18240,,,,70.0,175,,,,74.2705,19013,,,,120.0,2400,,,,15.0,7680,
1901,,,2281.2,18250,,,,70.0,175,,,,74.2428,19006,,,,120.0,2400,,,,15.0,7680,
1902,,,2282.4,18259,,,,70.0,175,,,,74.215,18999,,,,120.0,2400,,,,15.0,7680,
1903,,,2283.6,18269,,,,70.0,175,,,,74.1871,18992,,,,120.0,2400,,,,15.0,7680,
1904,,,2284.8,18278,,,,70.0,175,,,,74.1592,18985,,,,120.0,2400,,,,15.0,7680,
1905,,,2286.0,18288,,,,70.0,175,,,,74.1313,18978,,,,120.0,2400,,,,15.0,7680,
1906,5000.0,40000,2287.2,18298,2712.8,100.0,250,70.0,175,30.0,150.0,38400,74.1032,18970,75.8968,500.0,10000,120.0,2400,380.0,30.0,15360,15.0,7680,15.0
1907,,,2288.4,18307,,,,70.0,175,,,,74.0752,18963,,,,120.0,2400,,,,15.0,7680,
1908,,,2289.6,18317,,,,70.0,175,,,,74.047,18956,,,,120.0,2400,,,,15.0,7680,
1909,,,2290.8,18326,,,,70.0,175,,,,74.0188,18949,,,,120.0,2400,,,,15.0,7680,
1910,,,2292.0,18336,,,,70.0,175,,,,73.9905,18942,,,,120.0,2400,,,,15.0,7680,
1911,,,2293.2,18346,,,,70.0,175,,,,73.9622,18934,,,,120.0,2400,,,,15.0,7680,
1912,,,2294.4,18355,,,,70.0,175,,,,73.9338,18927,,,,120.0,2400,,,,15.0,7680,
1913,,,2295.6,18365,,,,70.0,175,,,,73.9054,18920,,,,120.0,2400,,,,15.0,7680,
1914,,,2296.8,18374,,,,70.0,175,,,,73.8769,18912,,,,120.0,2400,,,,15.0,7680,
1915,,,2298.0,18384,,,,70.0,175,,,,73.8483,18905,,,,120.0,2400,,,,15.0,7680,
1916,,,2299.2,18394,,,,70.0,175,,,,73.8197,18898,,,,120.0,2400,,,,15.0,7680,
1917,,,2300.4,18403,,,,70.0,175,,,,73.791,18891,,,,120.0,2400,,,,15.0,7680,
1918,,,2301.6,18413,,,,70.0,175,,,,73.7623,18883,,,,120.0,2400,,,,15.0,7680,
1919,,,2302.8,18422,,,,70.0,175,,,,73.7335,18876,,,,120.0,2400,,,,15.0,7680,
1920,,,2304.0,18432,,,,70.0,175,,,,73.7047,18868,,,,120.0,2400,,,,15.0,7680,
1921,,,2305.2,18442,,,,70.0,175,,,,73.6757,18861,,,,120.0,2400,,,,15.0,7680,
1922,5000.0,40000,2306.4,18451,2693.6,100.0,250,70.0,175,30.0,,,73.6468,18854,,,,120.0,2400,,,,15.0,7680,
1923,,,2307.6,18461,,,,70.0,175,,150.0,38400,73.6177,18846,76.3823,500.0,10000,120.0,2400,380.0,30.0,15360,15.0,7680,15.0
1924,,,2308.8,18470,,,,70.0,175,,,,73.5887,18839,,,,120.0,2400,,,,15.0,7680,
1925,,,2310.0,18480,,,,70.0,175,,,,73.5595,18831,,,,120.0,2400,,,,15.0,7680,
1926,,,2311.2,18490,,,,70.0,175,,,,73.5303,18824,,,,120.0,2400,,,,15.0,7680,
1927,,,2312.4,18499,,,,70.0,175,,,,73.501,18816,,,,120.0,2400,,,,15.0,7680,
1928,,,2313.6,18509,,,,70.0,175,,,,73.4717,18809,,,,120.0,2400,,,,15.0,7680,
1929,,,2314.8,18518,,,,70.0,175,,,,73.4423,18801,,,,120.0,2400,,,,15.0,7680,
1930,,,2316.0,18528,,,,70.0,175,,,,73.4129,18794,,,,120.0,2400,,,,15.0,7680,
1931,,,2317.2,18538,,,,70.0,175,,,,73.3834,18786,,,,120.0,2400,,,,15.0,7680,
1932,,,2318.4,18547,,,,70.0,175,,,,73.3539,18779,,,,120.0,2400,,,,15.0,7680,
1933,,,2319.6,18557,,,,70.0,175,,,,73.3243,18771,,,,120.0,2400,,,,15.0,7680,
1934,,,2320.8,18566,,,,70.0,175,,,,73.2946,18763,,,,120.0,2400,,,,15.0,7680,
1935,,,2322.0,18576,,,,70.0,175,,,,73.2649,18756,,,,120.0,2400,,,,15.0,7680,
1936,,,2323.2,18586,,,,70.0,175,,,,73.2351,18748,,,,120.0,2400,,,,15.0,7680,
1937,,,2324.4,18595,,,,70.0,175,,,,73.2053,18741,,,,120.0,2400,,,,15.0,7680,
1938,,,2325.6,18605,,,,70.0,175,,,,73.1754,18733,,,,120.0,2400,,,,15.0,7680,
1939,5000.0,40000,2326.8,18614,2673.2,100.0,250,70.0,175,30.0,150.0,38400,73.1454,18725,76.8546,,,120.0,2400,,,,15.0,7680,
1940,,,2328.0,18624,,,,70.0,175,,,,73.1154,18718,,500.0,10000,120.0,2400,380.0,30.0,15360,15.0,7680,15.0
1941,,,2329.2,18634,,,,70.0,175,,,,73.0853,18710,,,,120.0,2400,,,,15.0,7680,
1942,,,2330.4,18643,,,,70.0,175,,,,73.0552,18702,,,,120.0,2400,,,,15.0,7680,
1943,,,2331.6,18653,,,,70.0,175,,,,73.025,18694,,,,120.0,2400,,,,15.0,7680,
1944,,,2332.8,18662,,,,70.0,175,,,,72.9948,18687,,,,120.0,2400,,,,15.0,7680,
1945,,,2334.0,18672,,,,70.0,175,,,,72.9645,18679,,,,120.0,2400,,,,15.0,7680,
1946,,,2335.2,18682,,,,70.0,175,,,,72.9341,18671,,,,120.0,2400,,,,15.0,7680,
1947,,,2336.4,18691,,,,70.0,175,,,,72.9037,18663,,,,120.0,2400,,,,15.0,7680,
1948,,,2337.6,18701,,,,70.0,175,,,,72.8733,18656,,,,120.0,2400,,,,15.0,7680,
1949,,,2338.8,18710,,,,70.0,175,,,,72.8428,18648,,,,120.0,2400,,,,15.0,7680,
1950,,,2340.0,18720,,,,70.0,175,,,,72.8122,18640,,,,120.0,2400,,,,15.0,7680,
1951,,,2341.2,18730,,,,70.0,175,,,,72.7815,18632,,,,120.0,2400,,,,15.0,7680,
1952,,,2342.4,18739,,,,70.0,175,,,,72.7509,18624,,,,120.0,2400,,,,15.0,7680,
1953,,,2343.6,18749,,,,70.0,175,,,,72.7201,18616,,,,120.0,2400,,,,15.0,7680,
1954,,,2344.8,18758,,,,70.0,175,,,,72.6893,18608,,,,120.0,2400,,,,15.0,7680,
1955,,,2346.0,18768,,,,70.0,175,,,,72.6585,18601,,,,120.0,2400,,,,15.0,7680,
1956,5000.0,40000,2347.2,18778,2652.8,100.0,250,70.0,175,30.0,150.0,38400,72.6275,18593,77.3725,500.0,10000,120.0,2400,380.0,30.0,15360,15.0,7680,15.0
1957,,,2348.4,18787,,,,70.0,175,,,,72.5966,18585,,,,120.0,2400,,,,15.0,7680,
1958,,,2349.6,18797,,,,70.0,175,,,,72.5655,18577,,,,120.0,2400,,,,15.0,7680,
1959,,,2350.8,18806,,,,70.0,175,,,,72.5345,18569,,,,120.0,2400,,,,15.0,7680,
1960,,,2352.0,18816,,,,70.0,175,,,,72.5033,18561,,,,120.0,2400,,,,15.0,7680,
1961,,,2353.2,18826,,,,70.0,175,,,,72.4721,18553,,,,120.0,2400,,,,15.0,7680,
1962,,,2354.4,18835,,,,70.0,175,,,,72.4409,18545,,,,120.0,2400,,,,15.0,7680,
1963,,,2355.6,18845,,,,70.0,175,,,,72.4096,18537,,,,120.0,2400,,,,15.0,7680,
1964,,,2356.8,18854,,,,70.0,175,,,,72.3782,18529,,,,120.0,2400,,,,15.0,7680,
1965,,,2358.0,18864,,,,70.0,175,,,,72.3468,18521,,,,120.0,2400,,,,15.0,7680,
1966,,,2359.2,18874,,,,70.0,175,,,,72.3154,18513,,,,120.0,2400,,,,15.0,7680,
1967,,,2360.4,18883,,,,70.0,175,,,,72.2838,18505,,,,120.0,2400,,,,15.0,7680,
1968,,,2361.6,18893,,,,70.0,175,,,,72.2523,18497,,,,120.0,2400,,,,15.0,7680,
1969,,,2362.8,18902,,,,70.0,175,,,,72.2206,18488,,,,120.0,2400,,,,15.0,7680,
1970,,,2364.0,18912,,,,70.0,175,,,,72.1889,18480,,,,120.0,2400,,,,15.0,7680,
1971,,,2365.2,18922,,,,70.0,175,,,,72.1572,18472,,,,120.0,2400,,,,15.0,7680,
1972,5000.0,40000,2366.4,18931,2633.6,,,70.0,175,,,,72.1254,18464,,,,120.0,2400,,,,15.0,7680,
1973,,,2367.6,18941,,100.0,250,70.0,175,30.0,150.0,38400,72.0935,18456,77.9065,500.0,10000,120.0,2400,380.0,30.0,15360,15.0,7680,15.0
1974,,,2368.8,18950,,,,70.0,175,,,,72.0616,18448,,,,120.0,2400,,,,15.0,7680,
1975,,,2370.0,18960,,,,70.0,175,,,,72.0297,18440,,,,120.0,2400,,,,15.0,7680,
1976,,,2371.2,18970,,,,70.0,175,,,,71.9977,18431,,,,120.0,2400,,,,15.0,7680,
1977,,,2372.4,18979,,,,70.0,175,,,,71.9656,18423,,,,120.0,2400,,,,15.0,7680,
1978,,,2373.6,18989,,,,70.0,175,,,,71.9335,18415,,,,120.0,2400,,,,15.0,7680,
1979,,,2374.8,18998,,,,70.0,175,,,,71.9013,18407,,,,120.0,2400,,,,15.0,7680,
1980,,,2376.0,19008,,,,70.0,175,,,,71.8691,18398,,,,120.0,2400,,,,15.0,7680,
1981,,,2377.2,19018,,,,70.0,175,,,,71.8368,18390,,,,120.0,2400,,,,15.0,7680,
1982,,,2378.4,19027,,,,70.0,175,,,,71.8044,18382,,,,120.0,2400,,,,15.0,7680,
1983,,,2379.6,19037,,,,70.0,175,,,,71.772,18374,,,,120.0,2400,,,,15.0,7680,
1984,,,2380.8,19046,,,,70.0,175,,,,71.7396,18365,,,,120.0,2400,,,,15.0,7680,
1985,,,2382.0,19056,,,,70.0,175,,,,71.7071,18357,,,,120.0,2400,,,,15.0,7680,
1986,,,2383.2,19066,,,,70.0,175,,,,71.6745,18349,,,,120.0,2400,,,,15.0,7680,
1987,,,2384.4,19075,,,,70.0,175,,,,71.6419,18340,,,,120.0,2400,,,,15.0,7680,
1988,,,2385.6,19085,,,,70.0,175,,,,71.6093,18332,,,,120.0,2400,,,,15.0,7680,
1989,5000.0,40000,2386.8,19094,2613.2,100.0,250,70.0,175,30.0,,,71.5766,18324,,,,120.0,2400,,,,15.0,7680,
1990,,,2388.0,19104,,,,70.0,175,,150.0,38400,71.5438,18315,78.4562,500.0,10000,120.0,2400,380.0,30.0,15360,15.0,7680,15.0
1991,,,2389.2,19114,,,,70.0,175,,,,71.511,18307,,,,120.0,2400,,,,15.0,7680,
1992,,,2390.4,19123,,,,70.0,175,,,,71.4781,18298,,,,120.0,2400,,,,15.0,7680,
1993,,,2391.6,19133,,,,70.0,175,,,,71.4452,18290,,,,120.0,2400,,,,15.0,7680,
1994,,,2392.8,19142,,,,70.0,175,,,,71.4122,18282,,,,120.0,2400,,,,15.0,7680,
1995,,,2394.0,19152,,,,70.0,175,,,,71.3792,18273,,,,120.0,2400,,,,15.0,7680,
1996,,,2395.2,19162,,,,70.0,175,,,,71.3461,18265,,,,120.0,2400,,,,15.0,7680,
1997,,,2396.4,19171,,,,70.0,175,,,,71.3129,18256,,,,120.0,2400,,,,15.0,7680,
1998,,,2397.6,19181,,,,70.0,175,,,,71.2797,18248,,,,120.0,2400,,,,15.0,7680,
1999,,,2398.8,19190,,,,70.0,175,,,,71.2465,18239,,,,120.0,2400,,,,15.0,7680,
2000,,,2400.0,19200,,,,80.0,200,,,,71.2132,18231,,,,250.0,5000,,,,15.0,7680,
2001,,,2401.2,19210,,,,80.0,200,,,,71.1799,18222,,,,250.0,5000,,,,15.0,7680,
2002,,,2402.4,19219,,,,80.0,200,,,,71.1465,18213,,,,250.0,5000,,,,15.0,7680,
2003,,,2403.6,19229,,,,80.0,200,,,,71.113,18205,,,,250.0,5000,,,,15.0,7680,
2004,,,2404.8,19238,,,,80.0,200,,,,71.0795,18196,,,,250.0,5000,,,,15.0,7680,
2005,,,2406.0,19248,,,,80.0,200,,,,71.0459,18188,,,,250.0,5000,,,,15.0,7680,
2006,5000.0,40000,2407.2,19258,2592.8,100.0,250,80.0,200,20.0,150.0,38400,71.0123,18179,78.9877,500.0,10000,250.0,5000,250.0,30.0,15360,15.0,7680,15.0
2007,,,2408.4,19267,,,,80.0,200,,,,70.9787,18171,,,,250.0,5000,,,,15.0,7680,
2008,,,2409.6,19277,,,,80.0,200,,,,70.945,18162,,,,250.0,5000,,,,15.0,7680,
2009,,,2410.8,19286,,,,80.0,200,,,,70.9112,18153,,,,250.0,5000,,,,15.0,7680,
2010,,,2412.0,19296,,,,80.0,200,,,,70.8774,18145,,,,250.0,5000,,,,15.0,7680,
2011,,,2413.2,19306,,,,80.0,200,,,,70.8435,18136,,,,250.0,5000,,,,15.0,7680,
2012,,,2414.4,19315,,,,80.0,200,,,,70.8096,18127,,,,250.0,5000,,,,15.0,7680,
2013,,,2415.6,19325,,,,80.0,200,,,,70.7756,18119,,,,250.0,5000,,,,15.0,7680,
2014,,,2416.8,19334,,,,80.0,200,,,,70.7416,18110,,,,250.0,5000,,,,15.0,7680,
2015,,,2418.0,19344,,,,80.0,200,,,,70.7075,18101,,,,250.0,5000,,,,15.0,7680,
2016,,,2419.2,19354,,,,80.0,200,,,,70.6734,18092,,,,250.0,5000,,,,15.0,7680,
2017,,,2420.4,19363,,,,80.0,200,,,,70.6392,18084,,,,250.0,5000,,,,15.0,7680,
2018,,,2421.6,19373,,,,80.0,200,,,,70.605,18075,,,,250.0,5000,,,,15.0,7680,
2019,,,2422.8,19382,,,,80.0,200,,,,70.5707,18066,,,,250.0,5000,,,,15.0,7680,
2020,,,2424.0,19392,,,,80.0,200,,,,70.5364,18057,,,,250.0,5000,,,,15.0,7680,
2021,,,2425.2,19402,,,,80.0,200,,,,70.502,18049,,,,250.0,5000,,,,15.0,7680,
2022,,,2426.4,19411,,,,80.0,200,,,,70.4676,18040,,,,250.0,5000,,,,15.0,7680,
2023,5000.0,40000,2427.6,19421,2572.4,100.0,250,80.0,200,20.0,150.0,38400,70.4331,18031,79.5669,500.0,10000,250.0,5000,250.0,30.0,15360,15.0,7680,15.0
2024,,,2428.8,19430,,,,80.0,200,,,,70.3986,18022,,,,250.0,5000,,,,15.0,7680,
2025,,,2430.0,19440,,,,80.0,200,,,,70.364,18013,,,,250.0,5000,,,,15.0,7680,
2026,,,2431.2,19450,,,,80.0,200,,,,70.3294,18004,,,,250.0,5000,,,,15.0,7680,
2027,,,2432.4,19459,,,,80.0,200,,,,70.2947,17995,,,,250.0,5000,,,,15.0,7680,
2028,,,2433.6,19469,,,,80.0,200,,,,70.26,17987,,,,250.0,5000,,,,15.0,7680,
2029,,,2434.8,19478,,,,80.0,200,,,,70.2252,17978,,,,250.0,5000,,,,15.0,7680,
2030,,,2436.0,19488,,,,80.0,200,,,,70.1904,17969,,,,250.0,5000,,,,15.0,7680,
2031,,,2437.2,19498,,,,80.0,200,,,,70.1555,17960,,,,250.0,5000,,,,15.0,7680,
2032,,,2438.4,19507,,,,80.0,200,,,,70.1206,17951,,,,250.0,5000,,,,15.0,7680,
2033,,,2439.6,19517,,,,80.0,200,,,,70.0856,17942,,,,250.0,5000,,,,15.0,7680,
2034,,,2440.8,19526,,,,80.0,200,,,,70.0506,17933,,,,250.0,5000,,,,15.0,7680,
2035,,,2442.0,19536,,,,80.0,200,,,,70.0155,17924,,,,250.0,5000,,,,15.0,7680,
2036,,,2443.2,19546,,,,80.0,200,,,,69.9804,17915,,,,250.0,5000,,,,15.0,7680,
2037,,,2444.4,19555,,,,80.0,200,,,,69.9452,17906,,,,250.0,5000,,,,15.0,7680,
2038,,,2445.6,19565,,,,80.0,200,,,,69.91,17897,,,,250.0,5000,,,,15.0,7680,
2039,5000.0,40000,2446.8,19574,2553.2,100.0,250,80.0,200,20.0,,,69.8747,17888,,,,250.0,5000,,,,15.0,7680,
2040,,,2448.0,19584,,,,80.0,200,,150.0,38400,69.8394,17879,80.1606,500.0,10000,250.0,5000,250.0,30.0,15360,15.0,7680,15.0
2041,,,2449.2,19594,,,,80.0,200,,,,69.804,17870,,,,250.0,5000,,,,15.0,7680,
2042,,,2450.4,19603,,,,80.0,200,,,,69.7686,17861,,,,250.0,5000,,,,15.0,7680,
2043,,,2451.6,19613,,,,80.0,200,,,,69.7331,17852,,,,250.0,5000,,,,15.0,7680,
2044,,,2452.8,19622,,,,80.0,200,,,,69.6976,17843,,,,250.0,5000,,,,15.0,7680,
2045,,,2454.0,19632,,,,80.0,200,,,,69.662,17833,,,,250.0,5000,,,,15.0,7680,
2046,,,2455.2,19642,,,,80.0,200,,,,69.6264,17824,,,,250.0,5000,,,,15.0,7680,
2047,,,2456.4,19651,,,,80.0,200,,,,69.5907,17815,,,,250.0,5000,,,,15.0,7680,
2048,,,2457.6,19661,,,,80.0,200,,,,69.555,17806,,,,250.0,5000,,,,15.0,7680,
2049,,,2458.8,19670,,,,80.0,200,,,,69.5193,17797,,,,250.0,5000,,,,15.0,7680,
2050,,,2460.0,19680,,,,80.0,200,,,,69.4834,17788,,,,250.0,5000,,,,15.0,7680,
2051,,,2461.2,19690,,,,80.0,200,,,,69.4476,17779,,,,250.0,5000,,,,15.0,7680,
2052,,,2462.4,19699,,,,80.0,200,,,,69.4117,17769,,,,250.0,5000,,,,15.0,7680,
2053,,,2463.6,19709,,,,80.0,200,,,,69.3757,17760,,,,250.0,5000,,,,15.0,7680,
2054,,,2464.8,19718,,,,80.0,200,,,,69.3397,17751,,,,250.0,5000,,,,15.0,7680,
2055,,,2466.0,19728,,,,80.0,200,,,,69.3037,17742,,,,250.0,5000,,,,15.0,7680,
2056,5000.0,40000,2467.2,19738,2532.8,100.0,250,80.0,200,20.0,150.0,38400,69.2676,17733,80.7324,,,250.0,5000,,,,15.0,7680,
2057,,,2468.4,19747,,,,80.0,200,,,,69.2314,17723,,500.0,10000,250.0,5000,250.0,30.0,15360,15.0,7680,15.0
2058,,,2469.6,19757,,,,80.0,200,,,,69.1952,17714,,,,250.0,5000,,,,15.0,7680,
2059,,,2470.8,19766,,,,80.0,200,,,,69.159,17705,,,,250.0,5000,,,,15.0,7680,
2060,,,2472.0,19776,,,,80.0,200,,,,69.1227,17695,,,,250.0,5000,,,,15.0,7680,
2061,,,2473.2,19786,,,,80.0,200,,,,69.0864,17686,,,,250.0,5000,,,,15.0,7680,
2062,,,2474.4,19795,,,,80.0,200,,,,69.05,17677,,,,250.0,5000,,,,15.0,7680,
2063,,,2475.6,19805,,,,80.0,200,,,,69.0136,17667,,,,250.0,5000,,,,15.0,7680,
2064,,,2476.8,19814,,,,80.0,200,,,,68.9771,17658,,,,250.0,5000,,,,15.0,7680,
2065,,,2478.0,19824,,,,80.0,200,,,,68.9406,17649,,,,250.0,5000,,,,15.0,7680,
2066,,,2479.2,19834,,,,80.0,200,,,,68.904,17639,,,,250.0,5000,,,,15.0,7680,
2067,,,2480.4,19843,,,,80.0,200,,,,68.8674,17630,,,,250.0,5000,,,,15.0,7680,
2068,,,2481.6,19853,,,,80.0,200,,,,68.8307,17621,,,,250.0,5000,,,,15.0,7680,
2069,,,2482.8,19862,,,,80.0,200,,,,68.794,17611,,,,250.0,5000,,,,15.0,7680,
2070,,,2484.0,19872,,,,80.0,200,,,,68.7573,17602,,,,250.0,5000,,,,15.0,7680,
2071,,,2485.2,19882,,,,80.0,200,,,,68.7205,17592,,,,250.0,5000,,,,15.0,7680,
2072,,,2486.4,19891,,,,80.0,200,,,,68.6836,17583,,,,250.0,5000,,,,15.0,7680,
2073,5000.0,40000,2487.6,19901,2512.4,100.0,250,80.0,200,20.0,150.0,38400,68.6467,17574,81.3533,500.0,10000,250.0,5000,250.0,30.0,15360,15.0,7680,15.0
2074,,,2488.8,19910,,,,80.0,200,,,,68.6098,17564,,,,250.0,5000,,,,15.0,7680,
2075,,,2490.0,19920,,,,80.0,200,,,,68.5728,17555,,,,250.0,5000,,,,15.0,7680,
2076,,,2491.2,19930,,,,80.0,200,,,,68.5358,17545,,,,250.0,5000,,,,15.0,7680,
2077,,,2492.4,19939,,,,80.0,200,,,,68.4987,17536,,,,250.0,5000,,,,15.0,7680,
2078,,,2493.6,19949,,,,80.0,200,,,,68.4616,17526,,,,250.0,5000,,,,15.0,7680,
2079,,,2494.8,19958,,,,80.0,200,,,,68.4244,17517,,,,250.0,5000,,,,15.0,7680,
2080,,,2496.0,19968,,,,80.0,200,,,,68.3872,17507,,,,250.0,5000,,,,15.0,7680,
2081,,,2497.2,19978,,,,80.0,200,,,,68.35,17498,,,,250.0,5000,,,,15.0,7680,
2082,,,2498.4,19987,,,,80.0,200,,,,68.3127,17488,,,,250.0,5000,,,,15.0,7680,
2083,,,2499.6,19997,,,,80.0,200,,,,68.2753,17478,,,,250.0,5000,,,,15.0,7680,
2084,,,2500.8,20006,,,,80.0,200,,,,68.2379,17469,,,,250.0,5000,,,,15.0,7680,
2085,,,2502.0,20016,,,,80.0,200,,,,68.2005,17459,,,,250.0,5000,,,,15.0,7680,
2086,,,2503.2,20026,,,,80.0,200,,,,68.163,17450,,,,250.0,5000,,,,15.0,7680,
2087,,,2504.4,20035,,,,80.0,200,,,,68.1255,17440,,,,250.0,5000,,,,15.0,7680,
2088,,,2505.6,20045,,,,80.0,200,,,,68.0879,17430,,,,250.0,5000,,,,15.0,7680,
2089,5000.0,40000,2506.8,20054,2493.2,,,80.0,200,,,,68.0503,17421,,,,250.0,5000,,,,15.0,7680,
2090,,,2508.0,20064,,100.0,250,80.0,200,20.0,150.0,38400,68.0126,17411,81.9874,500.0,10000,250.0,5000,250.0,30.0,15360,15.0,7680,15.0
2091,,,2509.2,20074,,,,80.0,200,,,,67.9749,17402,,,,250.0,5000,,,,15.0,7680,
2092,,,2510.4,20083,,,,80.0,200,,,,67.9371,17392,,,,250.0,5000,,,,15.0,7680,
2093,,,2511.6,20093,,,,80.0,200,,,,67.8994,17382,,,,250.0,5000,,,,15.0,7680,
2094,,,2512.8,20102,,,,80.0,200,,,,67.8615,17373,,,,250.0,5000,,,,15.0,7680,
2095,,,2514.0,20112,,,,80.0,200,,,,67.8236,17363,,,,250.0,5000,,,,15.0,7680,
2096,,,2515.2,20122,,,,80.0,200,,,,67.7857,17353,,,,250.0,5000,,,,15.0,7680,
2097,,,2516.4,20131,,,,80.0,200,,,,67.7477,17343,,,,250.0,5000,,,,15.0,7680,
2098,,,2517.6,20141,,,,80.0,200,,,,67.7097,17334,,,,250.0,5000,,,,15.0,7680,
2099,,,2518.8,20150,,,,80.0,200,,,,67.6717,17324,,,,250.0,5000,,,,15.0,7680,
2100,,,2520.0,20160,,,,80.0,200,,,,67.6336,17314,,,,250.0,5000,,,,15.0,7680,
2101,,,2521.2,20170,,,,80.0,200,,,,67.5954,17304,,,,250.0,5000,,,,15.0,7680,
2102,,,2522.4,20179,,,,80.0,200,,,,67.5572,17295,,,,250.0,5000,,,,15.0,7680,
2103,,,2523.6,20189,,,,80.0,200,,,,67.519,17285,,,,250.0,5000,,,,15.0,7680,
2104,,,2524.8,20198,,,,80.0,200,,,,67.4807,17275,,,,250.0,5000,,,,15.0,7680,
2105,,,2526.0,20208,,,,80.0,200,,,,67.4424,17265,,,,250.0,5000,,,,15.0,7680,
2106,5000.0,40000,2527.2,20218,2472.8,100.0,250,80.0,200,20.0,,,67.404,17255,,,,250.0,5000,,,,15.0,7680,
2107,,,2528.4,20227,,,,80.0,200,,150.0,38400,67.3656,17246,82.6344,500.0,10000,250.0,5000,250.0,30.0,15360,15.0,7680,15.0
2108,,,2529.6,20237,,,,80.0,200,,,,67.3272,17236,,,,250.0,5000,,,,15.0,7680,
2109,,,2530.8,20246,,,,80.0,200,,,,67.2887,17226,,,,250.0,5000,,,,15.0,7680,
2110,,,2532.0,20256,,,,80.0,200,,,,67.2502,17216,,,,250.0,5000,,,,15.0,7680,
2111,,,2533.2,20266,,,,80.0,200,,,,67.2116,17206,,,,250.0,5000,,,,15.0,7680,
2112,,,2534.4,20275,,,,80.0,200,,,,67.173,17196,,,,250.0,5000,,,,15.0,7680,
2113,,,2535.6,20285,,,,80.0,200,,,,67.1343,17186,,,,250.0,5000,,,,15.0,7680,
2114,,,2536.8,20294,,,,80.0,200,,,,67.0956,17176,,,,250.0,5000,,,,15.0,7680,
2115,,,2538.0,20304,,,,80.0,200,,,,67.0569,17167,,,,250.0,5000,,,,15.0,7680,
2116,,,2539.2,20314,,,,80.0,200,,,,67.0181,17157,,,,250.0,5000,,,,15.0,7680,
2117,,,2540.4,20323,,,,80.0,200,,,,66.9792,17147,,,,250.0,5000,,,,15.0,7680,
2118,,,2541.6,20333,,,,80.0,200,,,,66.9404,17137,,,,250.0,5000,,,,15.0,7680,
2119,,,2542.8,20342,,,,80.0,200,,,,66.9015,17127,,,,250.0,5000,,,,15.0,7680,
2120,,,2544.0,20352,,,,80.0,200,,,,66.8625,17117,,,,250.0,5000,,,,15.0,7680,
2121,,,2545.2,20362,,,,80.0,200,,,,66.8235,17107,,,,250.0,5000,,,,15.0,7680,
2122,,,2546.4,20371,,,,80.0,200,,,,66.7845,17097,,,,250.0,5000,,,,15.0,7680,
2123,5000.0,40000,2547.6,20381,2452.4,100.0,250,80.0,200,20.0,150.0,38400,66.7454,17087,83.2546,500.0,10000,250.0,5000,250.0,30.0,15360,15.0,7680,15.0
2124,,,2548.8,20390,,,,80.0,200,,,,66.7063,17077,,,,250.0,5000,,,,15.0,7680,
2125,,,2550.0,20400,,,,80.0,200,,,,66.6671,17067,,,,250.0,5000,,,,15.0,7680,
2126,,,2551.2,20410,,,,80.0,200,,,,66.6279,17057,,,,250.0,5000,,,,15.0,7680,
2127,,,2552.4,20419,,,,80.0,200,,,,66.5887,17047,,,,250.0,5000,,,,15.0,7680,
2128,,,2553.6,20429,,,,80.0,200,,,,66.5494,17037,,,,250.0,5000,,,,15.0,7680,
2129,,,2554.8,20438,,,,80.0,200,,,,66.5101,17027,,,,250.0,5000,,,,15.0,7680,
2130,,,2556.0,20448,,,,80.0,200,,,,66.4707,17016,,,,250.0,5000,,,,15.0,7680,
2131,,,2557.2,20458,,,,80.0,200,,,,66.4313,17006,,,,250.0,5000,,,,15.0,7680,
2132,,,2558.4,20467,,,,80.0,200,,,,66.3918,16996,,,,250.0,5000,,,,15.0,7680,
2133,,,2559.6,20477,,,,80.0,200,,,,66.3523,16986,,,,250.0,5000,,,,15.0,7680,
2134,,,2560.8,20486,,,,80.0,200,,,,66.3128,16976,,,,250.0,5000,,,,15.0,7680,
2135,,,2562.0,20496,,,,80.0,200,,,,66.2732,16966,,,,250.0,5000,,,,15.0,7680,
2136,,,2563.2,20506,,,,80.0,200,,,,66.2336,16956,,,,250.0,5000,,,,15.0,7680,
2137,,,2564.4,20515,,,,80.0,200,,,,66.194,16946,,,,250.0,5000,,,,15.0,7680,
2138,,,2565.6,20525,,,,80.0,200,,,,66.1543,16936,,,,250.0,5000,,,,15.0,7680,
2139,,,2566.8,20534,,,,80.0,200,,,,66.1146,16925,,,,250.0,5000,,,,15.0,7680,
2140,5000.0,40000,2568.0,20544,2432.0,100.0,250,80.0,200,20.0,150.0,38400,66.0748,16915,83.9252,500.0,10000,250.0,5000,250.0,30.0,15360,15.0,7680,15.0
2141,,,2569.2,20554,,,,80.0,200,,,,66.035,16905,,,,250.0,5000,,,,15.0,7680,
2142,,,2570.4,20563,,,,80.0,200,,,,65.9951,16895,,,,250.0,5000,,,,15.0,7680,
2143,,,2571.6,20573,,,,80.0,200,,,,65.9553,16885,,,,250.0,5000,,,,15.0,7680,
2144,,,2572.8,20582,,,,80.0,200,,,,65.9153,16874,,,,250.0,5000,,,,15.0,7680,
2145,,,2574.0,20592,,,,80.0,200,,,,65.8754,16864,,,,250.0,5000,,,,15.0,7680,
2146,,,2575.2,20602,,,,80.0,200,,,,65.8354,16854,,,,250.0,5000,,,,15.0,7680,
2147,,,2576.4,20611,,,,80.0,200,,,,65.7953,16844,,,,250.0,5000,,,,15.0,7680,
2148,,,2577.6,20621,,,,80.0,200,,,,65.7552,16833,,,,250.0,5000,,,,15.0,7680,
2149,,,2578.8,20630,,,,80.0,200,,,,65.7151,16823,,,,250.0,5000,,,,15.0,7680,
2150,,,2580.0,20640,,,,80.0,200,,,,65.675,16813,,,,250.0,5000,,,,15.0,7680,
2151,,,2581.2,20650,,,,80.0,200,,,,65.6348,16802,,,,250.0,5000,,,,15.0,7680,
2152,,,2582.4,20659,,,,80.0,200,,,,65.5945,16792,,,,250.0,5000,,,,15.0,7680,
2153,,,2583.6,20669,,,,80.0,200,,,,65.5542,16782,,,,250.0,5000,,,,15.0,7680,
2154,,,2584.8,20678,,,,80.0,200,,,,65.5139,16772,,,,250.0,5000,,,,15.0,7680,
2155,,,2586.0,20688,,,,80.0,200,,,,65.4736,16761,,,,250.0,5000,,,,15.0,7680,
2156,5000.0,40000,2587.2,20698,2412.8,,,80.0,200,,,,65.4332,16751,,,,250.0,5000,,,,15.0,7680,
2157,,,2588.4,20707,,100.0,250,80.0,200,20.0,150.0,38400,65.3928,16741,84.6072,500.0,10000,250.0,5000,250.0,30.0,15360,15.0,7680,15.0
2158,,,2589.6,20717,,,,80.0,200,,,,65.3523,16730,,,,250.0,5000,,,,15.0,7680,
2159,,,2590.8,20726,,,,80.0,200,,,,65.3118,16720,,,,250.0,5000,,,,15.0,7680,
2160,,,2592.0,20736,,,,80.0,200,,,,65.2712,16709,,,,250.0,5000,,,,15.0,7680,
2161,,,2593.2,20746,,,,80.0,200,,,,65.2307,16699,,,,250.0,5000,,,,15.0,7680,
2162,,,2594.4,20755,,,,80.0,200,,,,65.19,16689,,,,250.0,5000,,,,15.0,7680,
2163,,,2595.6,20765,,,,80.0,200,,,,65.1494,16678,,,,250.0,5000,,,,15.0,7680,
2164,,,2596.8,20774,,,,80.0,200,,,,65.1087,16668,,,,250.0,5000,,,,15.0,7680,
2165,,,2598.0,20784,,,,80.0,200,,,,65.068,16657,,,,250.0,5000,,,,15.0,7680,
2166,,,2599.2,20794,,,,80.0,200,,,,65.0272,16647,,,,250.0,5000,,,,15.0,7680,
2167,,,2600.4,20803,,,,80.0,200,,,,64.9864,16637,,,,250.0,5000,,,,15.0,7680,
2168,,,2601.6,20813,,,,80.0,200,,,,64.9456,16626,,,,250.0,5000,,,,15.0,7680,
2169,,,2602.8,20822,,,,80.0,200,,,,64.9047,16616,,,,250.0,5000,,,,15.0,7680,
2170,,,2604.0,20832,,,,80.0,200,,,,64.8638,16605,,,,250.0,5000,,,,15.0,7680,
2171,,,2605.2,20842,,,,80.0,200,,,,64.8228,16595,,,,250.0,5000,,,,15.0,7680,
2172,,,2606.4,20851,,,,80.0,200,,,,64.7818,16584,,,,250.0,5000,,,,15.0,7680,
2173,5000.0,40000,2607.6,20861,2392.4,100.0,250,80.0,200,20.0,150.0,38400,64.7408,16574,85.2592,,,250.0,5000,,,,15.0,7680,
2174,,,2608.8,20870,,,,80.0,200,,,,64.6997,16563,,500.0,10000,250.0,5000,250.0,30.0,15360,15.0,7680,15.0
2175,,,2610.0,20880,,,,80.0,200,,,,64.6586,16553,,,,250.0,5000,,,,15.0,7680,
2176,,,2611.2,20890,,,,80.0,200,,,,64.6175,16542,,,,250.0,5000,,,,15.0,7680,
2177,,,2612.4,20899,,,,80.0,200,,,,64.5763,16532,,,,250.0,5000,,,,15.0,7680,
2178,,,2613.6,20909,,,,80.0,200,,,,64.5351,16521,,,,250.0,5000,,,,15.0,7680,
2179,,,2614.8,20918,,,,80.0,200,,,,64.4939,16510,,,,250.0,5000,,,,15.0,7680,
2180,,,2616.0,20928,,,,80.0,200,,,,64.4526,16500,,,,250.0,5000,,,,15.0,7680,
2181,,,2617.2,20938,,,,80.0,200,,,,64.4113,16489,,,,250.0,5000,,,,15.0,7680,
2182,,,2618.4,20947,,,,80.0,200,,,,64.3699,16479,,,,250.0,5000,,,,15.0,7680,
2183,,,2619.6,20957,,,,80.0,200,,,,64.3286,16468,,,,250.0,5000,,,,15.0,7680,
2184,,,2620.8,20966,,,,80.0,200,,,,64.2871,16458,,,,250.0,5000,,,,15.0,7680,
2185,,,2622.0,20976,,,,80.0,200,,,,64.2457,16447,,,,250.0,5000,,,,15.0,7680,
2186,,,2623.2,20986,,,,80.0,200,,,,64.2042,16436,,,,250.0,5000,,,,15.0,7680,
2187,,,2624.4,20995,,,,80.0,200,,,,64.1627,16426,,,,250.0,5000,,,,15.0,7680,
2188,,,2625.6,21005,,,,80.0,200,,,,64.1211,16415,,,,250.0,5000,,,,15.0,7680,
2189,,,2626.8,21014,,,,80.0,200,,,,64.0795,16404,,,,250.0,5000,,,,15.0,7680,
2190,5000.0,40000,2628.0,21024,2372.0,100.0,250,80.0,200,20.0,150.0,38400,64.0379,16394,85.9621,500.0,10000,250.0,5000,250.0,30.0,15360,15.0,7680,15.0
2191,,,2629.2,21034,,,,80.0,200,,,,63.9962,16383,,,,250.0,5000,,,,15.0,7680,
2192,,,2630.4,21043,,,,80.0,200,,,,63.9545,16372,,,,250.0,5000,,,,15.0,7680,
2193,,,2631.6,21053,,,,80.0,200,,,,63.9128,16362,,,,250.0,5000,,,,15.0,7680,
2194,,,2632.8,21062,,,,80.0,200,,,,63.871,16351,,,,250.0,5000,,,,15.0,7680,
2195,,,2634.0,21072,,,,80.0,200,,,,63.8292,16340,,,,250.0,5000,,,,15.0,7680,
2196,,,2635.2,21082,,,,80.0,200,,,,63.7874,16330,,,,250.0,5000,,,,15.0,7680,
2197,,,2636.4,21091,,,,80.0,200,,,,63.7455,16319,,,,250.0,5000,,,,15.0,7680,
2198,,,2637.6,21101,,,,80.0,200,,,,63.7036,16308,,,,250.0,5000,,,,15.0,7680,
2199,,,2638.8,21110,,,,80.0,200,,,,63.6617,16297,,,,250.0,5000,,,,15.0,7680,
2200,,,2640.0,21120,,,,80.0,200,,,,63.6197,16287,,,,250.0,5000,,,,15.0,7680,
2201,,,2641.2,21130,,,,80.0,200,,,,63.5777,16276,,,,250.0,5000,,,,15.0,7680,
2202,,,2642.4,21139,,,,80.0,200,,,,63.5357,16265,,,,250.0,5000,,,,15.0,7680,
2203,,,2643.6,21149,,,,80.0,200,,,,63.4936,16254,,,,250.0,5000,,,,15.0,7680,
2204,,,2644.8,21158,,,,80.0,200,,,,63.4515,16244,,,,250.0,5000,,,,15.0,7680,
2205,,,2646.0,21168,,,,80.0,200,,,,63.4094,16233,,,,250.0,5000,,,,15.0,7680,
2206,,,2647.2,21178,,,,80.0,200,,,,63.3672,16222,,,,250.0,5000,,,,15.0,7680,
2207,5000.0,40000,2648.4,21187,2351.6,100.0,250,80.0,200,20.0,150.0,38400,63.325,16211,86.675,500.0,10000,250.0,5000,250.0,30.0,15360,15.0,7680,15.0
2208,,,2649.6,21197,,,,80.0,200,,,,63.2827,16200,,,,250.0,5000,,,,15.0,7680,
2209,,,2650.8,21206,,,,80.0,200,,,,63.2405,16190,,,,250.0,5000,,,,15.0,7680,
2210,,,2652.0,21216,,,,80.0,200,,,,63.1982,16179,,,,250.0,5000,,,,15.0,7680,
2211,,,2653.2,21226,,,,80.0,200,,,,63.1558,16168,,,,250.0,5000,,,,15.0,7680,
2212,,,2654.4,21235,,,,80.0,200,,,,63.1135,16157,,,,250.0,5000,,,,15.0,7680,
2213,,,2655.6,21245,,,,80.0,200,,,,63.0711,16146,,,,250.0,5000,,,,15.0,7680,
2214,,,2656.8,21254,,,,80.0,200,,,,63.0286,16135,,,,250.0,5000,,,,15.0,7680,
2215,,,2658.0,21264,,,,80.0,200,,,,62.9862,16124,,,,250.0,5000,,,,15.0,7680,
2216,,,2659.2,21274,,,,80.0,200,,,,62.9437,16114,,,,250.0,5000,,,,15.0,7680,
2217,,,2660.4,21283,,,,80.0,200,,,,62.9012,16103,,,,250.0,5000,,,,15.0,7680,
2218,,,2661.6,21293,,,,80.0,200,,,,62.8586,16092,,,,250.0,5000,,,,15.0,7680,
2219,,,2662.8,21302,,,,80.0,200,,,,62.816,16081,,,,250.0,5000,,,,15.0,7680,
2220,,,2664.0,21312,,,,80.0,200,,,,62.7734,16070,,,,250.0,5000,,,,15.0,7680,
2221,,,2665.2,21322,,,,80.0,200,,,,62.7307,16059,,,,250.0,5000,,,,15.0,7680,
2222,,,2666.4,21331,,,,80.0,200,,,,62.688,16048,,,,250.0,5000,,,,15.0,7680,
2223,5000.0,40000,2667.6,21341,2332.4,100.0,250,80.0,200,20.0,,,62.6453,16037,,,,250.0,5000,,,,15.0,7680,
2224,,,2668.8,21350,,,,80.0,200,,150.0,38400,62.6026,16026,87.3974,500.0,10000,250.0,5000,250.0,30.0,15360,15.0,7680,15.0
2225,,,2670.0,21360,,,,80.0,200,,,,62.5598,16015,,,,250.0,5000,,,,15.0,7680,
2226,,,2671.2,21370,,,,80.0,200,,,,62.517,16004,,,,250.0,5000,,,,15.0,7680,
2227,,,2672.4,21379,,,,80.0,200,,,,62.4741,15993,,,,250.0,5000,,,,15.0,7680,
2228,,,2673.6,21389,,,,80.0,200,,,,62.4313,15982,,,,250.0,5000,,,,15.0,7680,
2229,,,2674.8,21398,,,,80.0,200,,,,62.3884,15971,,,,250.0,5000,,,,15.0,7680,
2230,,,2676.0,21408,,,,80.0,200,,,,62.3454,15960,,,,250.0,5000,,,,15.0,7680,
2231,,,2677.2,21418,,,,80.0,200,,,,62.3025,15949,,,,250.0,5000,,,,15.0,7680,
2232,,,2678.4,21427,,,,80.0,200,,,,62.2595,15938,,,,250.0,5000,,,,15.0,7680,
2233,,,2679.6,21437,,,,80.0,200,,,,62.2164,15927,,,,250.0,5000,,,,15.0,7680,
2234,,,2680.8,21446,,,,80.0,200,,,,62.1734,15916,,,,250.0,5000,,,,15.0,7680,
2235,,,2682.0,21456,,,,80.0,200,,,,62.1303,15905,,,,250.0,5000,,,,15.0,7680,
2236,,,2683.2,21466,,,,80.0,200,,,,62.0872,15894,,,,250.0,5000,,,,15.0,7680,
2237,,,2684.4,21475,,,,80.0,200,,,,62.044,15883,,,,250.0,5000,,,,15.0,7680,
2238,,,2685.6,21485,,,,80.0,200,,,,62.0009,15872,,,,250.0,5000,,,,15.0,7680,
2239,,,2686.8,21494,,,,80.0,200,,,,61.9577,15861,,,,250.0,5000,,,,15.0,7680,
2240,5000.0,40000,2688.0,21504,2312.0,100.0,250,80.0,200,20.0,150.0,38400,61.9144,15850,88.0856,,,250.0,5000,,,,15.0,7680,
2241,,,2689.2,21514,,,,80.0,200,,,,61.8712,15839,,500.0,10000,250.0,5000,250.0,30.0,15360,15.0,7680,15.0
2242,,,2690.4,21523,,,,80.0,200,,,,61.8279,15828,,,,250.0,5000,,,,15.0,7680,
2243,,,2691.6,21533,,,,80.0,200,,,,61.7846,15817,,,,250.0,5000,,,,15.0,7680,
2244,,,2692.8,21542,,,,80.0,200,,,,61.7412,15806,,,,250.0,5000,,,,15.0,7680,
2245,,,2694.0,21552,,,,80.0,200,,,,61.6978,15795,,,,250.0,5000,,,,15.0,7680,
2246,,,2695.2,21562,,,,80.0,200,,,,61.6544,15784,,,,250.0,5000,,,,15.0,7680,
2247,,,2696.4,21571,,,,80.0,200,,,,61.611,15772,,,,250.0,5000,,,,15.0,7680,
2248,,,2697.6,21581,,,,80.0,200,,,,61.5675,15761,,,,250.0,5000,,,,15.0,7680,
2249,,,2698.8,21590,,,,80.0,200,,,,61.524,15750,,,,250.0,5000,,,,15.0,7680,
2250,,,2700.0,21600,,,,90.0,225,,,,61.4805,15739,,,,250.0,5000,,,,15.0,7680,
2251,,,2701.2,21610,,,,90.0,225,,,,61.437,15728,,,,250.0,5000,,,,15.0,7680,
2252,,,2702.4,21619,,,,90.0,225,,,,61.3934,15717,,,,250.0,5000,,,,15.0,7680,
2253,,,2703.6,21629,,,,90.0,225,,,,61.3498,15706,,,,250.0,5000,,,,15.0,7680,
2254,,,2704.8,21638,,,,90.0,225,,,,61.3061,15694,,,,250.0,5000,,,,15.0,7680,
2255,,,2706.0,21648,,,,90.0,225,,,,61.2625,15683,,,,250.0,5000,,,,15.0,7680,
2256,,,2707.2,21658,,,,90.0,225,,,,61.2188,15672,,,,250.0,5000,,,,15.0,7680,
2257,5000.0,40000,2708.4,21667,2291.6,100.0,250,90.0,225,10.0,150.0,38400,61.1751,15661,88.8249,500.0,10000,250.0,5000,250.0,30.0,15360,15.0,7680,15.0
2258,,,2709.6,21677,,,,90.0,225,,,,61.1313,15650,,,,250.0,5000,,,,15.0,7680,
2259,,,2710.8,21686,,,,90.0,225,,,,61.0875,15638,,,,250.0,5000,,,,15.0,7680,
2260,,,2712.0,21696,,,,90.0,225,,,,61.0437,15627,,,,250.0,5000,,,,15.0,7680,
2261,,,2713.2,21706,,,,90.0,225,,,,60.9999,15616,,,,250.0,5000,,,,15.0,7680,
2262,,,2714.4,21715,,,,90.0,225,,,,60.9561,15605,,,,250.0,5000,,,,15.0,7680,
2263,,,2715.6,21725,,,,90.0,225,,,,60.9122,15594,,,,250.0,5000,,,,15.0,7680,
2264,,,2716.8,21734,,,,90.0,225,,,,60.8683,15582,,,,250.0,5000,,,,15.0,7680,
2265,,,2718.0,21744,,,,90.0,225,,,,60.8243,15571,,,,250.0,5000,,,,15.0,7680,
2266,,,2719.2,21754,,,,90.0,225,,,,60.7804,15560,,,,250.0,5000,,,,15.0,7680,
2267,,,2720.4,21763,,,,90.0,225,,,,60.7364,15549,,,,250.0,5000,,,,15.0,7680,
2268,,,2721.6,21773,,,,90.0,225,,,,60.6924,15537,,,,250.0,5000,,,,15.0,7680,
2269,,,2722.8,21782,,,,90.0,225,,,,60.6483,15526,,,,250.0,5000,,,,15.0,7680,
2270,,,2724.0,21792,,,,90.0,225,,,,60.6042,15515,,,,250.0,5000,,,,15.0,7680,
2271,,,2725.2,21802,,,,90.0,225,,,,60.5602,15503,,,,250.0,5000,,,,15.0,7680,
2272,,,2726.4,21811,,,,90.0,225,,,,60.516,15492,,,,250.0,5000,,,,15.0,7680,
2273,5000.0,40000,2727.6,21821,2272.4,,,90.0,225,,,,60.4719,15481,,,,250.0,5000,,,,15.0,7680,
2274,,,2728.8,21830,,100.0,250,90.0,225,10.0,150.0,38400,60.4277,15469,89.5723,500.0,10000,250.0,5000,250.0,30.0,15360,15.0,7680,15.0
2275,,,2730.0,21840,,,,90.0,225,,,,60.3835,15458,,,,250.0,5000,,,,15.0,7680,
2276,,,2731.2,21850,,,,90.0,225,,,,60.3393,15447,,,,250.0,5000,,,,15.0,7680,
2277,,,2732.4,21859,,,,90.0,225,,,,60.295,15436,,,,250.0,5000,,,,15.0,7680,
2278,,,2733.6,21869,,,,90.0,225,,,,60.2508,15424,,,,250.0,5000,,,,15.0,7680,
2279,,,2734.8,21878,,,,90.0,225,,,,60.2065,15413,,,,250.0,5000,,,,15.0,7680,
2280,,,2736.0,21888,,,,90.0,225,,,,60.1621,15402,,,,250.0,5000,,,,15.0,7680,
2281,,,2737.2,21898,,,,90.0,225,,,,60.1178,15390,,,,250.0,5000,,,,15.0,7680,
2282,,,2738.4,21907,,,,90.0,225,,,,60.0734,15379,,,,250.0,5000,,,,15.0,7680,
2283,,,2739.6,21917,,,,90.0,225,,,,60.029,15367,,,,250.0,5000,,,,15.0,7680,
2284,,,2740.8,21926,,,,90.0,225,,,,59.9846,15356,,,,250.0,5000,,,,15.0,7680,
2285,,,2742.0,21936,,,,90.0,225,,,,59.9401,15345,,,,250.0,5000,,,,15.0,7680,
2286,,,2743.2,21946,,,,90.0,225,,,,59.8957,15333,,,,250.0,5000,,,,15.0,7680,
2287,,,2744.4,21955,,,,90.0,225,,,,59.8512,15322,,,,250.0,5000,,,,15.0,7680,
2288,,,2745.6,21965,,,,90.0,225,,,,59.8066,15311,,,,250.0,5000,,,,15.0,7680,
2289,,,2746.8,21974,,,,90.0,225,,,,59.7621,15299,,,,250.0,5000,,,,15.0,7680,
2290,5000.0,40000,2748.0,21984,2252.0,100.0,250,90.0,225,10.0,,,59.7175,15288,,,,250.0,5000,,,,15.0,7680,
2291,,,2749.2,21994,,,,90.0,225,,150.0,38400,59.6729,15276,90.3271,500.0,10000,250.0,5000,250.0,30.0,15360,15.0,7680,15.0
2292,,,2750.4,22003,,,,90.0,225,,,,59.6283,15265,,,,250.0,5000,,,,15.0,7680,
2293,,,2751.6,22013,,,,90.0,225,,,,59.5837,15253,,,,250.0,5000,,,,15.0,7680,
2294,,,2752.8,22022,,,,90.0,225,,,,59.539,15242,,,,250.0,5000,,,,15.0,7680,
2295,,,2754.0,22032,,,,90.0,225,,,,59.4943,15231,,,,250.0,5000,,,,15.0,7680,
2296,,,2755.2,22042,,,,90.0,225,,,,59.4496,15219,,,,250.0,5000,,,,15.0,7680,
2297,,,2756.4,22051,,,,90.0,225,,,,59.4049,15208,,,,250.0,5000,,,,15.0,7680,
2298,,,2757.6,22061,,,,90.0,225,,,,59.3601,15196,,,,250.0,5000,,,,15.0,7680,
2299,,,2758.8,22070,,,,90.0,225,,,,59.3153,15185,,,,250.0,5000,,,,15.0,7680,
2300,,,2760.0,22080,,,,90.0,225,,,,59.2705,15173,,,,250.0,5000,,,,15.0,7680,
2301,,,2761.2,22090,,,,90.0,225,,,,59.2257,15162,,,,250.0,5000,,,,15.0,7680,
2302,,,2762.4,22099,,,,90.0,225,,,,59.1808,15150,,,,250.0,5000,,,,15.0,7680,
2303,,,2763.6,22109,,,,90.0,225,,,,59.136,15139,,,,250.0,5000,,,,15.0,7680,
2304,,,2764.8,22118,,,,90.0,225,,,,59.0911,15127,,,,250.0,5000,,,,15.0,7680,
2305,,,2766.0,22128,,,,90.0,225,,,,59.0461,15116,,,,250.0,5000,,,,15.0,7680,
2306,,,2767.2,22138,,,,90.0,225,,,,59.0012,15104,,,,250.0,5000,,,,15.0,7680,
2307,5000.0,40000,2768.4,22147,2231.6,100.0,250,90.0,225,10.0,150.0,38400,58.9562,15093,91.0438,500.0,10000,250.0,5000,250.0,30.0,15360,15.0,7680,15.0
2308,,,2769.6,22157,,,,90.0,225,,,,58.9112,15081,,,,250.0,5000,,,,15.0,7680,
2309,,,2770.8,22166,,,,90.0,225,,,,58.8662,15070,,,,250.0,5000,,,,15.0,7680,
2310,,,2772.0,22176,,,,90.0,225,,,,58.8212,15058,,,,250.0,5000,,,,15.0,7680,
2311,,,2773.2,22186,,,,90.0,225,,,,58.7762,15047,,,,250.0,5000,,,,15.0,7680,
2312,,,2774.4,22195,,,,90.0,225,,,,58.7311,15035,,,,250.0,5000,,,,15.0,7680,
2313,,,2775.6,22205,,,,90.0,225,,,,58.686,15024,,,,250.0,5000,,,,15.0,7680,
2314,,,2776.8,22214,,,,90.0,225,,,,58.6409,15012,,,,250.0,5000,,,,15.0,7680,
2315,,,2778.0,22224,,,,90.0,225,,,,58.5957,15001,,,,250.0,5000,,,,15.0,7680,
2316,,,2779.2,22234,,,,90.0,225,,,,58.5506,14989,,,,250.0,5000,,,,15.0,7680,
2317,,,2780.4,22243,,,,90.0,225,,,,58.5054,14977,,,,250.0,5000,,,,15.0,7680,
2318,,,2781.6,22253,,,,90.0,225,,,,58.4602,14966,,,,250.0,5000,,,,15.0,7680,
2319,,,2782.8,22262,,,,90.0,225,,,,58.415,14954,,,,250.0,5000,,,,15.0,7680,
2320,,,2784.0,22272,,,,90.0,225,,,,58.3697,14943,,,,250.0,5000,,,,15.0,7680,
2321,,,2785.2,22282,,,,90.0,225,,,,58.3245,14931,,,,250.0,5000,,,,15.0,7680,
2322,,,2786.4,22291,,,,90.0,225,,,,58.2792,14919,,,,250.0,5000,,,,15.0,7680,
2323,,,2787.6,22301,,,,90.0,225,,,,58.2339,14908,,,,250.0,5000,,,,15.0,7680,
2324,5000.0,40000,2788.8,22310,2211.2,100.0,250,90.0,225,10.0,150.0,38400,58.1886,14896,91.8114,500.0,10000,250.0,5000,250.0,30.0,15360,15.0,7680,15.0
2325,,,2790.0,22320,,,,90.0,225,,,,58.1432,14885,,,,250.0,5000,,,,15.0,7680,
2326,,,2791.2,22330,,,,90.0,225,,,,58.0978,14873,,,,250.0,5000,,,,15.0,7680,
2327,,,2792.4,22339,,,,90.0,225,,,,58.0525,14861,,,,250.0,5000,,,,15.0,7680,
2328,,,2793.6,22349,,,,90.0,225,,,,58.0071,14850,,,,250.0,5000,,,,15.0,7680,
2329,,,2794.8,22358,,,,90.0,225,,,,57.9616,14838,,,,250.0,5000,,,,15.0,7680,
2330,,,2796.0,22368,,,,90.0,225,,,,57.9162,14827,,,,250.0,5000,,,,15.0,7680,
2331,,,2797.2,22378,,,,90.0,225,,,,57.8707,14815,,,,250.0,5000,,,,15.0,7680,
2332,,,2798.4,22387,,,,90.0,225,,,,57.8252,14803,,,,250.0,5000,,,,15.0,7680,
2333,,,2799.6,22397,,,,90.0,225,,,,57.7797,14792,,,,250.0,5000,,,,15.0,7680,
2334,,,2800.8,22406,,,,90.0,225,,,,57.7342,14780,,,,250.0,5000,,,,15.0,7680,
2335,,,2802.0,22416,,,,90.0,225,,,,57.6887,14768,,,,250.0,5000,,,,15.0,7680,
2336,,,2803.2,22426,,,,90.0,225,,,,57.6431,14757,,,,250.0,5000,,,,15.0,7680,
2337,,,2804.4,22435,,,,90.0,225,,,,57.5975,14745,,,,250.0,5000,,,,15.0,7680,
2338,,,2805.6,22445,,,,90.0,225,,,,57.5519,14733,,,,250.0,5000,,,,15.0,7680,
2339,,,2806.8,22454,,,,90.0,225,,,,57.5063,14722,,,,250.0,5000,,,,15.0,7680,
2340,5000.0,40000,2808.0,22464,2192.0,100.0,250,90.0,225,10.0,,,57.4607,14710,,,,250.0,5000,,,,15.0,7680,
2341,,,2809.2,22474,,,,90.0,225,,150.0,38400,57.415,14698,92.585,500.0,10000,250.0,5000,250.0,30.0,15360,15.0,7680,15.0
2342,,,2810.4,22483,,,,90.0,225,,,,57.3694,14687,,,,250.0,5000,,,,15.0,7680,
2343,,,2811.6,22493,,,,90.0,225,,,,57.3237,14675,,,,250.0,5000,,,,15.0,7680,
2344,,,2812.8,22502,,,,90.0,225,,,,57.278,14663,,,,250.0,5000,,,,15.0,7680,
2345,,,2814.0,22512,,,,90.0,225,,,,57.2323,14651,,,,250.0,5000,,,,15.0,7680,
2346,,,2815.2,22522,,,,90.0,225,,,,57.1865,14640,,,,250.0,5000,,,,15.0,7680,
2347,,,2816.4,22531,,,,90.0,225,,,,57.1407,14628,,,,250.0,5000,,,,15.0,7680,
2348,,,2817.6,22541,,,,90.0,225,,,,57.095,14616,,,,250.0,5000,,,,15.0,7680,
2349,,,2818.8,22550,,,,90.0,225,,,,57.0492,14605,,,,250.0,5000,,,,15.0,7680,
2350,,,2820.0,22560,,,,90.0,225,,,,57.0034,14593,,,,250.0,5000,,,,15.0,7680,
2351,,,2821.2,22570,,,,90.0,225,,,,56.9575,14581,,,,250.0,5000,,,,15.0,7680,
2352,,,2822.4,22579,,,,90.0,225,,,,56.9117,14569,,,,250.0,5000,,,,15.0,7680,
2353,,,2823.6,22589,,,,90.0,225,,,,56.8658,14558,,,,250.0,5000,,,,15.0,7680,
2354,,,2824.8,22598,,,,90.0,225,,,,56.8199,14546,,,,250.0,5000,,,,15.0,7680,
2355,,,2826.0,22608,,,,90.0,225,,,,56.774,14534,,,,250.0,5000,,,,15.0,7680,
2356,,,2827.2,22618,,,,90.0,225,,,,56.7281,14522,,,,250.0,5000,,,,15.0,7680,
2357,5000.0,40000,2828.4,22627,2171.6,100.0,250,90.0,225,10.0,150.0,38400,56.6822,14511,93.3178,,,250.0,5000,,,,15.0,7680,
2358,,,2829.6,22637,,,,90.0,225,,,,56.6362,14499,,500.0,10000,250.0,5000,250.0,30.0,15360,15.0,7680,15.0
2359,,,2830.8,22646,,,,90.0,225,,,,56.5903,14487,,,,250.0,5000,,,,15.0,7680,
2360,,,2832.0,22656,,,,90.0,225,,,,56.5443,14475,,,,250.0,5000,,,,15.0,7680,
2361,,,2833.2,22666,,,,90.0,225,,,,56.4983,14464,,,,250.0,5000,,,,15.0,7680,
2362,,,2834.4,22675,,,,90.0,225,,,,56.4523,14452,,,,250.0,5000,,,,15.0,7680,
2363,,,2835.6,22685,,,,90.0,225,,,,56.4063,14440,,,,250.0,5000,,,,15.0,7680,
2364,,,2836.8,22694,,,,90.0,225,,,,56.3602,14428,,,,250.0,5000,,,,15.0,7680,
2365,,,2838.0,22704,,,,90.0,225,,,,56.3142,14416,,,,250.0,5000,,,,15.0,7680,
2366,,,2839.2,22714,,,,90.0,225,,,,56.2681,14405,,,,250.0,5000,,,,15.0,7680,
2367,,,2840.4,22723,,,,90.0,225,,,,56.222,14393,,,,250.0,5000,,,,15.0,7680,
2368,,,2841.6,22733,,,,90.0,225,,,,56.1759,14381,,,,250.0,5000,,,,15.0,7680,
2369,,,2842.8,22742,,,,90.0,225,,,,56.1298,14369,,,,250.0,5000,,,,15.0,7680,
2370,,,2844.0,22752,,,,90.0,225,,,,56.0836,14357,,,,250.0,5000,,,,15.0,7680,
2371,,,2845.2,22762,,,,90.0,225,,,,56.0375,14346,,,,250.0,5000,,,,15.0,7680,
2372,,,2846.4,22771,,,,90.0,225,,,,55.9913,14334,,,,250.0,5000,,,,15.0,7680,
2373,,,2847.6,22781,,,,90.0,225,,,,55.9451,14322,,,,250.0,5000,,,,15.0,7680,
2374,5000.0,40000,2848.8,22790,2151.2,100.0,250,90.0,225,10.0,150.0,38400,55.8989,14310,94.1011,500.0,10000,250.0,5000,250.0,30.0,15360,15.0,7680,15.0
2375,,,2850.0,22800,,,,90.0,225,,,,55.8527,14298,,,,250.0,5000,,,,15.0,7680,
2376,,,2851.2,22810,,,,90.0,225,,,,55.8065,14286,,,,250.0,5000,,,,15.0,7680,
2377,,,2852.4,22819,,,,90.0,225,,,,55.7602,14275,,,,250.0,5000,,,,15.0,7680,
2378,,,2853.6,22829,,,,90.0,225,,,,55.714,14263,,,,250.0,5000,,,,15.0,7680,
2379,,,2854.8,22838,,,,90.0,225,,,,55.6677,14251,,,,250.0,5000,,,,15.0,7680,
2380,,,2856.0,22848,,,,90.0,225,,,,55.6214,14239,,,,250.0,5000,,,,15.0,7680,
2381,,,2857.2,22858,,,,90.0,225,,,,55.5751,14227,,,,250.0,5000,,,,15.0,7680,
2382,,,2858.4,22867,,,,90.0,225,,,,55.5288,14215,,,,250.0,5000,,,,15.0,7680,
2383,,,2859.6,22877,,,,90.0,225,,,,55.4825,14204,,,,250.0,5000,,,,15.0,7680,
2384,,,2860.8,22886,,,,90.0,225,,,,55.4362,14192,,,,250.0,5000,,,,15.0,7680,
2385,,,2862.0,22896,,,,90.0,225,,,,55.3898,14180,,,,250.0,5000,,,,15.0,7680,
2386,,,2863.2,22906,,,,90.0,225,,,,55.3435,14168,,,,250.0,5000,,,,15.0,7680,
2387,,,2864.4,22915,,,,90.0,225,,,,55.2971,14156,,,,250.0,5000,,,,15.0,7680,
2388,,,2865.6,22925,,,,90.0,225,,,,55.2507,14144,,,,250.0,5000,,,,15.0,7680,
2389,,,2866.8,22934,,,,90.0,225,,,,55.2043,14132,,,,250.0,5000,,,,15.0,7680,
2390,5000.0,40000,2868.0,22944,2132.0,,,90.0,225,,,,55.1579,14120,,,,250.0,5000,,,,15.0,7680,
2391,,,2869.2,22954,,100.0,250,90.0,225,10.0,150.0,38400,55.1114,14109,94.8886,500.0,10000,250.0,5000,250.0,30.0,15360,15.0,7680,15.0
2392,,,2870.4,22963,,,,90.0,225,,,,55.065,14097,,,,250.0,5000,,,,15.0,7680,
2393,,,2871.6,22973,,,,90.0,225,,,,55.0185,14085,,,,250.0,5000,,,,15.0,7680,
2394,,,2872.8,22982,,,,90.0,225,,,,54.9721,14073,,,,250.0,5000,,,,15.0,7680,
2395,,,2874.0,22992,,,,90.0,225,,,,54.9256,14061,,,,250.0,5000,,,,15.0,7680,
2396,,,2875.2,23002,,,,90.0,225,,,,54.8791,14049,,,,250.0,5000,,,,15.0,7680,
2397,,,2876.4,23011,,,,90.0,225,,,,54.8326,14037,,,,250.0,5000,,,,15.0,7680,
2398,,,2877.6,23021,,,,90.0,225,,,,54.7861,14025,,,,250.0,5000,,,,15.0,7680,
2399,,,2878.8,23030,,,,90.0,225,,,,54.7396,14013,,,,250.0,5000,,,,15.0,7680,
2400,,,2880.0,23040,,,,90.0,225,,,,54.693,14001,,,,250.0,5000,,,,15.0,7680,
2401,,,2881.2,23050,,,,90.0,225,,,,54.6465,13990,,,,250.0,5000,,,,15.0,7680,
2402,,,2882.4,23059,,,,90.0,225,,,,54.5999,13978,,,,250.0,5000,,,,15.0,7680,
2403,,,2883.6,23069,,,,90.0,225,,,,54.5534,13966,,,,250.0,5000,,,,15.0,7680,
2404,,,2884.8,23078,,,,90.0,225,,,,54.5068,13954,,,,250.0,5000,,,,15.0,7680,
2405,,,2886.0,23088,,,,90.0,225,,,,54.4602,13942,,,,250.0,5000,,,,15.0,7680,
2406,,,2887.2,23098,,,,90.0,225,,,,54.4136,13930,,,,250.0,5000,,,,15.0,7680,
2407,5000.0,40000,2888.4,23107,2111.6,100.0,250,90.0,225,10.0,,,54.367,13918,,,,250.0,5000,,,,15.0,7680,
2408,,,2889.6,23117,,,,90.0,225,,150.0,38400,54.3203,13906,95.6797,500.0,10000,250.0,5000,250.0,30.0,15360,15.0,7680,15.0
2409,,,2890.8,23126,,,,90.0,225,,,,54.2737,13894,,,,250.0,5000,,,,15.0,7680,
2410,,,2892.0,23136,,,,90.0,225,,,,54.227,13882,,,,250.0,5000,,,,15.0,7680,
2411,,,2893.2,23146,,,,90.0,225,,,,54.1804,13870,,,,250.0,5000,,,,15.0,7680,
2412,,,2894.4,23155,,,,90.0,225,,,,54.1337,13858,,,,250.0,5000,,,,15.0,7680,
2413,,,2895.6,23165,,,,90.0,225,,,,54.087,13846,,,,250.0,5000,,,,15.0,7680,
2414,,,2896.8,23174,,,,90.0,225,,,,54.0403,13834,,,,250.0,5000,,,,15.0,7680,
2415,,,2898.0,23184,,,,90.0,225,,,,53.9936,13822,,,,250.0,5000,,,,15.0,7680,
2416,,,2899.2,23194,,,,90.0,225,,,,53.9469,13810,,,,250.0,5000,,,,15.0,7680,
2417,,,2900.4,23203,,,,90.0,225,,,,53.9002,13798,,,,250.0,5000,,,,15.0,7680,
2418,,,2901.6,23213,,,,90.0,225,,,,53.8535,13786,,,,250.0,5000,,,,15.0,7680,
2419,,,2902.8,23222,,,,90.0,225,,,,53.8067,13775,,,,250.0,5000,,,,15.0,7680,
2420,,,2904.0,23232,,,,90.0,225,,,,53.76,13763,,,,250.0,5000,,,,15.0,7680,
2421,,,2905.2,23242,,,,90.0,225,,,,53.7132,13751,,,,250.0,5000,,,,15.0,7680,
2422,,,2906.4,23251,,,,90.0,225,,,,53.6665,13739,,,,250.0,5000,,,,15.0,7680,
2423,,,2907.6,23261,,,,90.0,225,,,,53.6197,13727,,,,250.0,5000,,,,15.0,7680,
2424,5000.0,40000,2908.8,23270,2091.2,100.0,250,90.0,225,10.0,150.0,38400,53.5729,13715,96.4271,500.0,10000,250.0,5000,250.0,30.0,15360,15.0,7680,15.0
2425,,,2910.0,23280,,,,90.0,225,,,,53.5261,13703,,,,250.0,5000,,,,15.0,7680,
2426,,,2911.2,23290,,,,90.0,225,,,,53.4793,13691,,,,250.0,5000,,,,15.0,7680,
2427,,,2912.4,23299,,,,90.0,225,,,,53.4325,13679,,,,250.0,5000,,,,15.0,7680,
2428,,,2913.6,23309,,,,90.0,225,,,,53.3857,13667,,,,250.0,5000,,,,15.0,7680,
2429,,,2914.8,23318,,,,90.0,225,,,,53.3389,13655,,,,250.0,5000,,,,15.0,7680,
2430,,,2916.0,23328,,,,90.0,225,,,,53.292,13643,,,,250.0,5000,,,,15.0,7680,
2431,,,2917.2,23338,,,,90.0,225,,,,53.2452,13631,,,,250.0,5000,,,,15.0,7680,
2432,,,2918.4,23347,,,,90.0,225,,,,53.1983,13619,,,,250.0,5000,,,,15.0,7680,
2433,,,2919.6,23357,,,,90.0,225,,,,53.1515,13607,,,,250.0,5000,,,,15.0,7680,
2434,,,2920.8,23366,,,,90.0,225,,,,53.1046,13595,,,,250.0,5000,,,,15.0,7680,
2435,,,2922.0,23376,,,,90.0,225,,,,53.0577,13583,,,,250.0,5000,,,,15.0,7680,
2436,,,2923.2,23386,,,,90.0,225,,,,53.0109,13571,,,,250.0,5000,,,,15.0,7680,
2437,,,2924.4,23395,,,,90.0,225,,,,52.964,13559,,,,250.0,5000,,,,15.0,7680,
2438,,,2925.6,23405,,,,90.0,225,,,,52.9171,13547,,,,250.0,5000,,,,15.0,7680,
2439,,,2926.8,23414,,,,90.0,225,,,,52.8702,13535,,,,250.0,5000,,,,15.0,7680,
2440,,,2928.0,23424,,,,90.0,225,,,,52.8232,13523,,,,250.0,5000,,,,15.0,7680,
2441,5000.0,40000,2929.2,23434,2070.8,100.0,250,90.0,225,10.0,150.0,38400,52.7763,13511,97.2237,500.0,10000,250.0,5000,250.0,30.0,15360,15.0,7680,15.0
2442,,,2930.4,23443,,,,90.0,225,,,,52.7294,13499,,,,250.0,5000,,,,15.0,7680,
2443,,,2931.6,23453,,,,90.0,225,,,,52.6825,13487,,,,250.0,5000,,,,15.0,7680,
2444,,,2932.8,23462,,,,90.0,225,,,,52.6355,13475,,,,250.0,5000,,,,15.0,7680,
2445,,,2934.0,23472,,,,90.0,225,,,,52.5886,13463,,,,250.0,5000,,,,15.0,7680,
2446,,,2935.2,23482,,,,90.0,225,,,,52.5416,13451,,,,250.0,5000,,,,15.0,7680,
2447,,,2936.4,23491,,,,90.0,225,,,,52.4947,13439,,,,250.0,5000,,,,15.0,7680,
2448,,,2937.6,23501,,,,90.0,225,,,,52.4477,13427,,,,250.0,5000,,,,15.0,7680,
2449,,,2938.8,23510,,,,90.0,225,,,,52.4007,13415,,,,250.0,5000,,,,15.0,7680,
2450,,,2940.0,23520,,,,90.0,225,,,,52.3538,13403,,,,250.0,5000,,,,15.0,7680,
2451,,,2941.2,23530,,,,90.0,225,,,,52.3068,13391,,,,250.0,5000,,,,15.0,7680,
2452,,,2942.4,23539,,,,90.0,225,,,,52.2598,13379,,,,250.0,5000,,,,15.0,7680,
2453,,,2943.6,23549,,,,90.0,225,,,,52.2128,13366,,,,250.0,5000,,,,15.0,7680,
2454,,,2944.8,23558,,,,90.0,225,,,,52.1658,13354,,,,250.0,5000,,,,15.0,7680,
2455,,,2946.0,23568,,,,90.0,225,,,,52.1188,13342,,,,250.0,5000,,,,15.0,7680,
2456,,,2947.2,23578,,,,90.0,225,,,,52.0718,13330,,,,250.0,5000,,,,15.0,7680,
2457,5000.0,40000,2948.4,23587,2051.6,,,90.0,225,,,,52.0248,13318,,,,250.0,5000,,,,15.0,7680,
2458,,,2949.6,23597,,100.0,250,90.0,225,10.0,150.0,38400,51.9778,13306,98.0222,500.0,10000,250.0,5000,250.0,30.0,15360,15.0,7680,15.0
2459,,,2950.8,23606,,,,90.0,225,,,,51.9307,13294,,,,250.0,5000,,,,15.0,7680,
2460,,,2952.0,23616,,,,90.0,225,,,,51.8837,13282,,,,250.0,5000,,,,15.0,7680,
2461,,,2953.2,23626,,,,90.0,225,,,,51.8367,13270,,,,250.0,5000,,,,15.0,7680,
2462,,,2954.4,23635,,,,90.0,225,,,,51.7896,13258,,,,250.0,5000,,,,15.0,7680,
2463,,,2955.6,23645,,,,90.0,225,,,,51.7426,13246,,,,250.0,5000,,,,15.0,7680,
2464,,,2956.8,23654,,,,90.0,225,,,,51.6956,13234,,,,250.0,5000,,,,15.0,7680,
2465,,,2958.0,23664,,,,90.0,225,,,,51.6485,13222,,,,250.0,5000,,,,15.0,7680,
2466,,,2959.2,23674,,,,90.0,225,,,,51.6015,13210,,,,250.0,5000,,,,15.0,7680,
2467,,,2960.4,23683,,,,90.0,225,,,,51.5544,13198,,,,250.0,5000,,,,15.0,7680,
2468,,,2961.6,23693,,,,90.0,225,,,,51.5073,13186,,,,250.0,5000,,,,15.0,7680,
2469,,,2962.8,23702,,,,90.0,225,,,,51.4603,13174,,,,250.0,5000,,,,15.0,7680,
2470,,,2964.0,23712,,,,90.0,225,,,,51.4132,13162,,,,250.0,5000,,,,15.0,7680,
2471,,,2965.2,23722,,,,90.0,225,,,,51.3661,13150,,,,250.0,5000,,,,15.0,7680,
2472,,,2966.4,23731,,,,90.0,225,,,,51.319,13138,,,,250.0,5000,,,,15.0,7680,
2473,,,2967.6,23741,,,,90.0,225,,,,51.272,13126,,,,250.0,5000,,,,15.0,7680,
2474,5000.0,40000,2968.8,23750,2031.2,100.0,250,90.0,225,10.0,150.0,38400,51.2249,13114,98.7751,,,250.0,5000,,,,15.0,7680,
2475,,,2970.0,23760,,,,90.0,225,,,,51.1778,13102,,500.0,10000,250.0,5000,250.0,30.0,15360,15.0,7680,15.0
2476,,,2971.2,23770,,,,90.0,225,,,,51.1307,13089,,,,250.0,5000,,,,15.0,7680,
2477,,,2972.4,23779,,,,90.0,225,,,,51.0836,13077,,,,250.0,5000,,,,15.0,7680,
2478,,,2973.6,23789,,,,90.0,225,,,,51.0365,13065,,,,250.0,5000,,,,15.0,7680,
2479,,,2974.8,23798,,,,90.0,225,,,,50.9894,13053,,,,250.0,5000,,,,15.0,7680,
2480,,,2976.0,23808,,,,90.0,225,,,,50.9423,13041,,,,250.0,5000,,,,15.0,7680,
2481,,,2977.2,23818,,,,90.0,225,,,,50.8952,13029,,,,250.0,5000,,,,15.0,7680,
2482,,,2978.4,23827,,,,90.0,225,,,,50.8481,13017,,,,250.0,5000,,,,15.0,7680,
2483,,,2979.6,23837,,,,90.0,225,,,,50.801,13005,,,,250.0,5000,,,,15.0,7680,
2484,,,2980.8,23846,,,,90.0,225,,,,50.7539,12993,,,,250.0,5000,,,,15.0,7680,
2485,,,2982.0,23856,,,,90.0,225,,,,50.7068,12981,,,,250.0,5000,,,,15.0,7680,
2486,,,2983.2,23866,,,,90.0,225,,,,50.6597,12969,,,,250.0,5000,,,,15.0,7680,
2487,,,2984.4,23875,,,,90.0,225,,,,50.6126,12957,,,,250.0,5000,,,,15.0,7680,
2488,,,2985.6,23885,,,,90.0,225,,,,50.5655,12945,,,,250.0,5000,,,,15.0,7680,
2489,,,2986.8,23894,,,,90.0,225,,,,50.5183,12933,,,,250.0,5000,,,,15.0,7680,
2490,,,2988.0,23904,,,,90.0,225,,,,50.4712,12921,,,,250.0,5000,,,,15.0,7680,
2491,5000.0,40000,2989.2,23914,2010.8,100.0,250,90.0,225,10.0,150.0,38400,50.4241,12909,99.5759,500.0,10000,250.0,5000,250.0,30.0,15360,15.0,7680,15.0
2492,,,2990.4,23923,,,,90.0,225,,,,50.377,12897,,,,250.0,5000,,,,15.0,7680,
2493,,,2991.6,23933,,,,90.0,225,,,,50.3299,12884,,,,250.0,5000,,,,15.0,7680,
2494,,,2992.8,23942,,,,90.0,225,,,,50.2827,12872,,,,250.0,5000,,,,15.0,7680,
2495,,,2994.0,23952,,,,90.0,225,,,,50.2356,12860,,,,250.0,5000,,,,15.0,7680,
2496,,,2995.2,23962,,,,90.0,225,,,,50.1885,12848,,,,250.0,5000,,,,15.0,7680,
2497,,,2996.4,23971,,,,90.0,225,,,,50.1414,12836,,,,250.0,5000,,,,15.0,7680,
2498,,,2997.6,23981,,,,90.0,225,,,,50.0942,12824,,,,250.0,5000,,,,15.0,7680,
2499,,,2998.8,23990,,,,90.0,225,,,,50.0471,12812,,,,250.0,5000,,,,15.0,7680,
2500,,,3000.0,24000,,,,100.0,250,,,,50.0,12800,,,,250.0,5000,,,,15.0,7680,
2501,,,2998.8,23990,,,,100.0,250,,,,49.9529,12788,,,,250.0,5000,,,,15.0,7680,
2502,,,2997.6,23981,,,,100.0,250,,,,49.9058,12776,,,,250.0,5000,,,,15.0,7680,
2503,,,2996.4,23971,,,,100.0,250,,,,49.8586,12764,,,,250.0,5000,,,,15.0,7680,
2504,,,2995.2,23962,,,,100.0,250,,,,49.8115,12752,,,,250.0,5000,,,,15.0,7680,
2505,,,2994.0,23952,,,,100.0,250,,,,49.7644,12740,,,,250.0,5000,,,,15.0,7680,
2506,,,2992.8,23942,,,,100.0,250,,,,49.7173,12728,,,,250.0,5000,,,,15.0,7680,
2507,5000.0,40000,2991.6,23933,2008.4,,,100.0,250,,,,49.6701,12716,,,,250.0,5000,,,,15.0,7680,
2508,,,2990.4,23923,,100.0,250,100.0,250,0.0,150.0,38400,49.623,12703,100.377,500.0,10000,250.0,5000,250.0,30.0,15360,15.0,7680,15.0
2509,,,2989.2,23914,,,,100.0,250,,,,49.5759,12691,,,,250.0,5000,,,,15.0,7680,
2510,,,2988.0,23904,,,,100.0,250,,,,49.5288,12679,,,,250.0,5000,,,,15.0,7680,
2511,,,2986.8,23894,,,,100.0,250,,,,49.4817,12667,,,,250.0,5000,,,,15.0,7680,
2512,,,2985.6,23885,,,,100.0,250,,,,49.4345,12655,,,,250.0,5000,,,,15.0,7680,
2513,,,2984.4,23875,,,,100.0,250,,,,49.3874,12643,,,,250.0,5000,,,,15.0,7680,
2514,,,2983.2,23866,,,,100.0,250,,,,49.3403,12631,,,,250.0,5000,,,,15.0,7680,
2515,,,2982.0,23856,,,,100.0,250,,,,49.2932,12619,,,,250.0,5000,,,,15.0,7680,
2516,,,2980.8,23846,,,,100.0,250,,,,49.2461,12607,,,,250.0,5000,,,,15.0,7680,
2517,,,2979.6,23837,,,,100.0,250,,,,49.199,12595,,,,250.0,5000,,,,15.0,7680,
2518,,,2978.4,23827,,,,100.0,250,,,,49.1519,12583,,,,250.0,5000,,,,15.0,7680,
2519,,,2977.2,23818,,,,100.0,250,,,,49.1048,12571,,,,250.0,5000,,,,15.0,7680,
2520,,,2976.0,23808,,,,100.0,250,,,,49.0577,12559,,,,250.0,5000,,,,15.0,7680,
2521,,,2974.8,23798,,,,100.0,250,,,,49.0106,12547,,,,250.0,5000,,,,15.0,7680,
2522,,,2973.6,23789,,,,100.0,250,,,,48.9635,12535,,,,250.0,5000,,,,15.0,7680,
2523,,,2972.4,23779,,,,100.0,250,,,,48.9164,12523,,,,250.0,5000,,,,15.0,7680,
2524,5000.0,40000,2971.2,23770,2028.8,100.0,250,100.0,250,0.0,,,48.8693,12511,,,,250.0,5000,,,,15.0,7680,
2525,,,2970.0,23760,,,,100.0,250,,150.0,38400,48.8222,12498,101.1778,500.0,10000,250.0,5000,250.0,30.0,15360,15.0,7680,15.0
2526,,,2968.8,23750,,,,100.0,250,,,,48.7751,12486,,,,250.0,5000,,,,15.0,7680,
2527,,,2967.6,23741,,,,100.0,250,,,,48.728,12474,,,,250.0,5000,,,,15.0,7680,
2528,,,2966.4,23731,,,,100.0,250,,,,48.681,12462,,,,250.0,5000,,,,15.0,7680,
2529,,,2965.2,23722,,,,100.0,250,,,,48.6339,12450,,,,250.0,5000,,,,15.0,7680,
2530,,,2964.0,23712,,,,100.0,250,,,,48.5868,12438,,,,250.0,5000,,,,15.0,7680,
2531,,,2962.8,23702,,,,100.0,250,,,,48.5397,12426,,,,250.0,5000,,,,15.0,7680,
2532,,,2961.6,23693,,,,100.0,250,,,,48.4927,12414,,,,250.0,5000,,,,15.0,7680,
2533,,,2960.4,23683,,,,100.0,250,,,,48.4456,12402,,,,250.0,5000,,,,15.0,7680,
2534,,,2959.2,23674,,,,100.0,250,,,,48.3985,12390,,,,250.0,5000,,,,15.0,7680,
2535,,,2958.0,23664,,,,100.0,250,,,,48.3515,12378,,,,250.0,5000,,,,15.0,7680,
2536,,,2956.8,23654,,,,100.0,250,,,,48.3044,12366,,,,250.0,5000,,,,15.0,7680,
2537,,,2955.6,23645,,,,100.0,250,,,,48.2574,12354,,,,250.0,5000,,,,15.0,7680,
2538,,,2954.4,23635,,,,100.0,250,,,,48.2104,12342,,,,250.0,5000,,,,15.0,7680,
2539,,,2953.2,23626,,,,100.0,250,,,,48.1633,12330,,,,250.0,5000,,,,15.0,7680,
2540,,,2952.0,23616,,,,100.0,250,,,,48.1163,12318,,,,250.0,5000,,,,15.0,7680,
2541,5000.0,40000,2950.8,23606,2049.2,100.0,250,100.0,250,0.0,150.0,38400,48.0693,12306,101.9307,500.0,10000,250.0,5000,250.0,30.0,15360,15.0,7680,15.0
2542,,,2949.6,23597,,,,100.0,250,,,,48.0222,12294,,,,250.0,5000,,,,15.0,7680,
2543,,,2948.4,23587,,,,100.0,250,,,,47.9752,12282,,,,250.0,5000,,,,15.0,7680,
2544,,,2947.2,23578,,,,100.0,250,,,,47.9282,12270,,,,250.0,5000,,,,15.0,7680,
2545,,,2946.0,23568,,,,100.0,250,,,,47.8812,12258,,,,250.0,5000,,,,15.0,7680,
2546,,,2944.8,23558,,,,100.0,250,,,,47.8342,12246,,,,250.0,5000,,,,15.0,7680,
2547,,,2943.6,23549,,,,100.0,250,,,,47.7872,12234,,,,250.0,5000,,,,15.0,7680,
2548,,,2942.4,23539,,,,100.0,250,,,,47.7402,12221,,,,250.0,5000,,,,15.0,7680,
2549,,,2941.2,23530,,,,100.0,250,,,,47.6932,12209,,,,250.0,5000,,,,15.0,7680,
2550,,,2940.0,23520,,,,100.0,250,,,,47.6462,12197,,,,250.0,5000,,,,15.0,7680,
2551,,,2938.8,23510,,,,100.0,250,,,,47.5993,12185,,,,250.0,5000,,,,15.0,7680,
2552,,,2937.6,23501,,,,100.0,250,,,,47.5523,12173,,,,250.0,5000,,,,15.0,7680,
2553,,,2936.4,23491,,,,100.0,250,,,,47.5053,12161,,,,250.0,5000,,,,15.0,7680,
2554,,,2935.2,23482,,,,100.0,250,,,,47.4584,12149,,,,250.0,5000,,,,15.0,7680,
2555,,,2934.0,23472,,,,100.0,250,,,,47.4114,12137,,,,250.0,5000,,,,15.0,7680,
2556,,,2932.8,23462,,,,100.0,250,,,,47.3645,12125,,,,250.0,5000,,,,15.0,7680,
2557,,,2931.6,23453,,,,100.0,250,,,,47.3175,12113,,,,250.0,5000,,,,15.0,7680,
2558,5000.0,40000,2930.4,23443,2069.6,100.0,250,100.0,250,0.0,150.0,38400,47.2706,12101,102.7294,500.0,10000,250.0,5000,250.0,30.0,15360,15.0,7680,15.0
2559,,,2929.2,23434,,,,100.0,250,,,,47.2237,12089,,,,250.0,5000,,,,15.0,7680,
2560,,,2928.0,23424,,,,100.0,250,,,,47.1768,12077,,,,250.0,5000,,,,15.0,7680,
2561,,,2926.8,23414,,,,100.0,250,,,,47.1298,12065,,,,250.0,5000,,,,15.0,7680,
2562,,,2925.6,23405,,,,100.0,250,,,,47.0829,12053,,,,250.0,5000,,,,15.0,7680,
2563,,,2924.4,23395,,,,100.0,250,,,,47.036,12041,,,,250.0,5000,,,,15.0,7680,
2564,,,2923.2,23386,,,,100.0,250,,,,46.9891,12029,,,,250.0,5000,,,,15.0,7680,
2565,,,2922.0,23376,,,,100.0,250,,,,46.9423,12017,,,,250.0,5000,,,,15.0,7680,
2566,,,2920.8,23366,,,,100.0,250,,,,46.8954,12005,,,,250.0,5000,,,,15.0,7680,
2567,,,2919.6,23357,,,,100.0,250,,,,46.8485,11993,,,,250.0,5000,,,,15.0,7680,
2568,,,2918.4,23347,,,,100.0,250,,,,46.8017,11981,,,,250.0,5000,,,,15.0,7680,
2569,,,2917.2,23338,,,,100.0,250,,,,46.7548,11969,,,,250.0,5000,,,,15.0,7680,
2570,,,2916.0,23328,,,,100.0,250,,,,46.708,11957,,,,250.0,5000,,,,15.0,7680,
2571,,,2914.8,23318,,,,100.0,250,,,,46.6611,11945,,,,250.0,5000,,,,15.0,7680,
2572,,,2913.6,23309,,,,100.0,250,,,,46.6143,11933,,,,250.0,5000,,,,15.0,7680,
2573,,,2912.4,23299,,,,100.0,250,,,,46.5675,11921,,,,250.0,5000,,,,15.0,7680,
2574,5000.0,40000,2911.2,23290,2088.8,,,100.0,250,,,,46.5207,11909,,,,250.0,5000,,,,15.0,7680,
2575,,,2910.0,23280,,100.0,250,100.0,250,0.0,150.0,38400,46.4739,11897,103.5261,500.0,10000,250.0,5000,250.0,30.0,15360,15.0,7680,15.0
2576,,,2908.8,23270,,,,100.0,250,,,,46.4271,11885,,,,250.0,5000,,,,15.0,7680,
2577,,,2907.6,23261,,,,100.0,250,,,,46.3803,11873,,,,250.0,5000,,,,15.0,7680,
2578,,,2906.4,23251,,,,100.0,250,,,,46.3335,11861,,,,250.0,5000,,,,15.0,7680,
2579,,,2905.2,23242,,,,100.0,250,,,,46.2868,11849,,,,250.0,5000,,,,15.0,7680,
2580,,,2904.0,23232,,,,100.0,250,,,,46.24,11837,,,,250.0,5000,,,,15.0,7680,
2581,,,2902.8,23222,,,,100.0,250,,,,46.1933,11825,,,,250.0,5000,,,,15.0,7680,
2582,,,2901.6,23213,,,,100.0,250,,,,46.1465,11814,,,,250.0,5000,,,,15.0,7680,
2583,,,2900.4,23203,,,,100.0,250,,,,46.0998,11802,,,,250.0,5000,,,,15.0,7680,
2584,,,2899.2,23194,,,,100.0,250,,,,46.0531,11790,,,,250.0,5000,,,,15.0,7680,
2585,,,2898.0,23184,,,,100.0,250,,,,46.0064,11778,,,,250.0,5000,,,,15.0,7680,
2586,,,2896.8,23174,,,,100.0,250,,,,45.9597,11766,,,,250.0,5000,,,,15.0,7680,
2587,,,2895.6,23165,,,,100.0,250,,,,45.913,11754,,,,250.0,5000,,,,15.0,7680,
2588,,,2894.4,23155,,,,100.0,250,,,,45.8663,11742,,,,250.0,5000,,,,15.0,7680,
2589,,,2893.2,23146,,,,100.0,250,,,,45.8196,11730,,,,250.0,5000,,,,15.0,7680,
2590,,,2892.0,23136,,,,100.0,250,,,,45.773,11718,,,,250.0,5000,,,,15.0,7680,
2591,5000.0,40000,2890.8,23126,2109.2,100.0,250,100.0,250,0.0,150.0,38400,45.7263,11706,104.2737,,,250.0,5000,,,,15.0,7680,
2592,,,2889.6,23117,,,,100.0,250,,,,45.6797,11694,,500.0,10000,250.0,5000,250.0,30.0,15360,15.0,7680,15.0
2593,,,2888.4,23107,,,,100.0,250,,,,45.633,11682,,,,250.0,5000,,,,15.0,7680,
2594,,,2887.2,23098,,,,100.0,250,,,,45.5864,11670,,,,250.0,5000,,,,15.0,7680,
2595,,,2886.0,23088,,,,100.0,250,,,,45.5398,11658,,,,250.0,5000,,,,15.0,7680,
2596,,,2884.8,23078,,,,100.0,250,,,,45.4932,11646,,,,250.0,5000,,,,15.0,7680,
2597,,,2883.6,23069,,,,100.0,250,,,,45.4466,11634,,,,250.0,5000,,,,15.0,7680,
2598,,,2882.4,23059,,,,100.0,250,,,,45.4001,11622,,,,250.0,5000,,,,15.0,7680,
2599,,,2881.2,23050,,,,100.0,250,,,,45.3535,11610,,,,250.0,5000,,,,15.0,7680,
2600,,,2880.0,23040,,,,100.0,250,,,,45.307,11599,,,,250.0,5000,,,,15.0,7680,
2601,,,2878.8,23030,,,,100.0,250,,,,45.2604,11587,,,,250.0,5000,,,,15.0,7680,
2602,,,2877.6,23021,,,,100.0,250,,,,45.2139,11575,,,,250.0,5000,,,,15.0,7680,
2603,,,2876.4,23011,,,,100.0,250,,,,45.1674,11563,,,,250.0,5000,,,,15.0,7680,
2604,,,2875.2,23002,,,,100.0,250,,,,45.1209,11551,,,,250.0,5000,,,,15.0,7680,
2605,,,2874.0,22992,,,,100.0,250,,,,45.0744,11539,,,,250.0,5000,,,,15.0,7680,
2606,,,2872.8,22982,,,,100.0,250,,,,45.0279,11527,,,,250.0,5000,,,,15.0,7680,
2607,,,2871.6,22973,,,,100.0,250,,,,44.9815,11515,,,,250.0,5000,,,,15.0,7680,
2608,5000.0,40000,2870.4,22963,2129.6,100.0,250,100.0,250,0.0,150.0,38400,44.935,11503,105.065,500.0,10000,250.0,5000,250.0,30.0,15360,15.0,7680,15.0
2609,,,2869.2,22954,,,,100.0,250,,,,44.8886,11491,,,,250.0,5000,,,,15.0,7680,
2610,,,2868.0,22944,,,,100.0,250,,,,44.8421,11480,,,,250.0,5000,,,,15.0,7680,
2611,,,2866.8,22934,,,,100.0,250,,,,44.7957,11468,,,,250.0,5000,,,,15.0,7680,
2612,,,2865.6,22925,,,,100.0,250,,,,44.7493,11456,,,,250.0,5000,,,,15.0,7680,
2613,,,2864.4,22915,,,,100.0,250,,,,44.7029,11444,,,,250.0,5000,,,,15.0,7680,
2614,,,2863.2,22906,,,,100.0,250,,,,44.6565,11432,,,,250.0,5000,,,,15.0,7680,
2615,,,2862.0,22896,,,,100.0,250,,,,44.6102,11420,,,,250.0,5000,,,,15.0,7680,
2616,,,2860.8,22886,,,,100.0,250,,,,44.5638,11408,,,,250.0,5000,,,,15.0,7680,
2617,,,2859.6,22877,,,,100.0,250,,,,44.5175,11396,,,,250.0,5000,,,,15.0,7680,
2618,,,2858.4,22867,,,,100.0,250,,,,44.4712,11385,,,,250.0,5000,,,,15.0,7680,
2619,,,2857.2,22858,,,,100.0,250,,,,44.4249,11373,,,,250.0,5000,,,,15.0,7680,
2620,,,2856.0,22848,,,,100.0,250,,,,44.3786,11361,,,,250.0,5000,,,,15.0,7680,
2621,,,2854.8,22838,,,,100.0,250,,,,44.3323,11349,,,,250.0,5000,,,,15.0,7680,
2622,,,2853.6,22829,,,,100.0,250,,,,44.286,11337,,,,250.0,5000,,,,15.0,7680,
2623,,,2852.4,22819,,,,100.0,250,,,,44.2398,11325,,,,250.0,5000,,,,15.0,7680,
2624,,,2851.2,22810,,,,100.0,250,,,,44.1935,11314,,,,250.0,5000,,,,15.0,7680,
2625,5000.0,40000,2850.0,22800,2150.0,100.0,250,100.0,250,0.0,150.0,38400,44.1473,11302,105.8527,500.0,10000,250.0,5000,250.0,30.0,15360,15.0,7680,15.0
2626,,,2848.8,22790,,,,100.0,250,,,,44.1011,11290,,,,250.0,5000,,,,15.0,7680,
2627,,,2847.6,22781,,,,100.0,250,,,,44.0549,11278,,,,250.0,5000,,,,15.0,7680,
2628,,,2846.4,22771,,,,100.0,250,,,,44.0087,11266,,,,250.0,5000,,,,15.0,7680,
2629,,,2845.2,22762,,,,100.0,250,,,,43.9625,11254,,,,250.0,5000,,,,15.0,7680,
2630,,,2844.0,22752,,,,100.0,250,,,,43.9164,11243,,,,250.0,5000,,,,15.0,7680,
2631,,,2842.8,22742,,,,100.0,250,,,,43.8702,11231,,,,250.0,5000,,,,15.0,7680,
2632,,,2841.6,22733,,,,100.0,250,,,,43.8241,11219,,,,250.0,5000,,,,15.0,7680,
2633,,,2840.4,22723,,,,100.0,250,,,,43.778,11207,,,,250.0,5000,,,,15.0,7680,
2634,,,2839.2,22714,,,,100.0,250,,,,43.7319,11195,,,,250.0,5000,,,,15.0,7680,
2635,,,2838.0,22704,,,,100.0,250,,,,43.6858,11184,,,,250.0,5000,,,,15.0,7680,
2636,,,2836.8,22694,,,,100.0,250,,,,43.6398,11172,,,,250.0,5000,,,,15.0,7680,
2637,,,2835.6,22685,,,,100.0,250,,,,43.5937,11160,,,,250.0,5000,,,,15.0,7680,
2638,,,2834.4,22675,,,,100.0,250,,,,43.5477,11148,,,,250.0,5000,,,,15.0,7680,
2639,,,2833.2,22666,,,,100.0,250,,,,43.5017,11136,,,,250.0,5000,,,,15.0,7680,
2640,,,2832.0,22656,,,,100.0,250,,,,43.4557,11125,,,,250.0,5000,,,,15.0,7680,
2641,5000.0,40000,2830.8,22646,2169.2,100.0,250,100.0,250,0.0,,,43.4097,11113,,,,250.0,5000,,,,15.0,7680,
2642,,,2829.6,22637,,,,100.0,250,,150.0,38400,43.3638,11101,106.6362,500.0,10000,250.0,5000,250.0,30.0,15360,15.0,7680,15.0
2643,,,2828.4,22627,,,,100.0,250,,,,43.3178,11089,,,,250.0,5000,,,,15.0,7680,
2644,,,2827.2,22618,,,,100.0,250,,,,43.2719,11078,,,,250.0,5000,,,,15.0,7680,
2645,,,2826.0,22608,,,,100.0,250,,,,43.226,11066,,,,250.0,5000,,,,15.0,7680,
2646,,,2824.8,22598,,,,100.0,250,,,,43.1801,11054,,,,250.0,5000,,,,15.0,7680,
2647,,,2823.6,22589,,,,100.0,250,,,,43.1342,11042,,,,250.0,5000,,,,15.0,7680,
2648,,,2822.4,22579,,,,100.0,250,,,,43.0883,11031,,,,250.0,5000,,,,15.0,7680,
2649,,,2821.2,22570,,,,100.0,250,,,,43.0425,11019,,,,250.0,5000,,,,15.0,7680,
2650,,,2820.0,22560,,,,100.0,250,,,,42.9966,11007,,,,250.0,5000,,,,15.0,7680,
2651,,,2818.8,22550,,,,100.0,250,,,,42.9508,10995,,,,250.0,5000,,,,15.0,7680,
2652,,,2817.6,22541,,,,100.0,250,,,,42.905,10984,,,,250.0,5000,,,,15.0,7680,
2653,,,2816.4,22531,,,,100.0,250,,,,42.8593,10972,,,,250.0,5000,,,,15.0,7680,
2654,,,2815.2,22522,,,,100.0,250,,,,42.8135,10960,,,,250.0,5000,,,,15.0,7680,
2655,,,2814.0,22512,,,,100.0,250,,,,42.7677,10949,,,,250.0,5000,,,,15.0,7680,
2656,,,2812.8,22502,,,,100.0,250,,,,42.722,10937,,,,250.0,5000,,,,15.0,7680,
2657,,,2811.6,22493,,,,100.0,250,,,,42.6763,10925,,,,250.0,5000,,,,15.0,7680,
2658,5000.0,40000,2810.4,22483,2189.6,100.0,250,100.0,250,0.0,150.0,38400,42.6306,10913,107.3694,,,250.0,5000,,,,15.0,7680,
2659,,,2809.2,22474,,,,100.0,250,,,,42.585,10902,,500.0,10000,250.0,5000,250.0,30.0,15360,15.0,7680,15.0
2660,,,2808.0,22464,,,,100.0,250,,,,42.5393,10890,,,,250.0,5000,,,,15.0,7680,
2661,,,2806.8,22454,,,,100.0,250,,,,42.4937,10878,,,,250.0,5000,,,,15.0,7680,
2662,,,2805.6,22445,,,,100.0,250,,,,42.4481,10867,,,,250.0,5000,,,,15.0,7680,
2663,,,2804.4,22435,,,,100.0,250,,,,42.4025,10855,,,,250.0,5000,,,,15.0,7680,
2664,,,2803.2,22426,,,,100.0,250,,,,42.3569,10843,,,,250.0,5000,,,,15.0,7680,
2665,,,2802.0,22416,,,,100.0,250,,,,42.3113,10832,,,,250.0,5000,,,,15.0,7680,
2666,,,2800.8,22406,,,,100.0,250,,,,42.2658,10820,,,,250.0,5000,,,,15.0,7680,
2667,,,2799.6,22397,,,,100.0,250,,,,42.2203,10808,,,,250.0,5000,,,,15.0,7680,
2668,,,2798.4,22387,,,,100.0,250,,,,42.1748,10797,,,,250.0,5000,,,,15.0,7680,
2669,,,2797.2,22378,,,,100.0,250,,,,42.1293,10785,,,,250.0,5000,,,,15.0,7680,
2670,,,2796.0,22368,,,,100.0,250,,,,42.0838,10773,,,,250.0,5000,,,,15.0,7680,
2671,,,2794.8,22358,,,,100.0,250,,,,42.0384,10762,,,,250.0,5000,,,,15.0,7680,
2672,,,2793.6,22349,,,,100.0,250,,,,41.9929,10750,,,,250.0,5000,,,,15.0,7680,
2673,,,2792.4,22339,,,,100.0,250,,,,41.9475,10739,,,,250.0,5000,,,,15.0,7680,
2674,,,2791.2,22330,,,,100.0,250,,,,41.9022,10727,,,,250.0,5000,,,,15.0,7680,
2675,,,2790.0,22320,,,,100.0,250,,,,41.8568,10715,,,,250.0,5000,,,,15.0,7680,
2676,,,2788.8,22310,,,,100.0,250,,,,41.8114,10704,,,,250.0,5000,,,,15.0,7680,
2677,,,2787.6,22301,,,,100.0,250,,,,41.7661,10692,,,,250.0,5000,,,,15.0,7680,
2678,,,2786.4,22291,,,,100.0,250,,,,41.7208,10681,,,,250.0,5000,,,,15.0,7680,
2679,,,2785.2,22282,,,,100.0,250,,,,41.6755,10669,,,,250.0,5000,,,,15.0,7680,
2680,,,2784.0,22272,,,,100.0,250,,,,41.6303,10657,,,,250.0,5000,,,,15.0,7680,
2681,,,2782.8,22262,,,,100.0,250,,,,41.585,10646,,,,250.0,5000,,,,15.0,7680,
2682,,,2781.6,22253,,,,100.0,250,,,,41.5398,10634,,,,250.0,5000,,,,15.0,7680,
2683,,,2780.4,22243,,,,100.0,250,,,,41.4946,10623,,,,250.0,5000,,,,15.0,7680,
2684,,,2779.2,22234,,,,100.0,250,,,,41.4494,10611,,,,250.0,5000,,,,15.0,7680,
2685,,,2778.0,22224,,,,100.0,250,,,,41.4043,10599,,,,250.0,5000,,,,15.0,7680,
2686,,,2776.8,22214,,,,100.0,250,,,,41.3591,10588,,,,250.0,5000,,,,15.0,7680,
2687,,,2775.6,22205,,,,100.0,250,,,,41.314,10576,,,,250.0,5000,,,,15.0,7680,
2688,,,2774.4,22195,,,,100.0,250,,,,41.2689,10565,,,,250.0,5000,,,,15.0,7680,
2689,,,2773.2,22186,,,,100.0,250,,,,41.2238,10553,,,,250.0,5000,,,,15.0,7680,
2690,,,2772.0,22176,,,,100.0,250,,,,41.1788,10542,,,,250.0,5000,,,,15.0,7680,
2691,,,2770.8,22166,,,,100.0,250,,,,41.1338,10530,,,,250.0,5000,,,,15.0,7680,
2692,,,2769.6,22157,,,,100.0,250,,,,41.0888,10519,,,,250.0,5000,,,,15.0,7680,
2693,,,2768.4,22147,,,,100.0,250,,,,41.0438,10507,,,,250.0,5000,,,,15.0,7680,
2694,,,2767.2,22138,,,,100.0,250,,,,40.9988,10496,,,,250.0,5000,,,,15.0,7680,
2695,,,2766.0,22128,,,,100.0,250,,,,40.9539,10484,,,,250.0,5000,,,,15.0,7680,
2696,,,2764.8,22118,,,,100.0,250,,,,40.9089,10473,,,,250.0,5000,,,,15.0,7680,
2697,,,2763.6,22109,,,,100.0,250,,,,40.864,10461,,,,250.0,5000,,,,15.0,7680,
2698,,,2762.4,22099,,,,100.0,250,,,,40.8192,10450,,,,250.0,5000,,,,15.0,7680,
2699,,,2761.2,22090,,,,100.0,250,,,,40.7743,10438,,,,250.0,5000,,,,15.0,7680,
2700,,,2760.0,22080,,,,100.0,250,,,,40.7295,10427,,,,250.0,5000,,,,15.0,7680,
2701,,,2758.8,22070,,,,100.0,250,,,,40.6847,10415,,,,250.0,5000,,,,15.0,7680,
2702,,,2757.6,22061,,,,100.0,250,,,,40.6399,10404,,,,250.0,5000,,,,15.0,7680,
2703,,,2756.4,22051,,,,100.0,250,,,,40.5951,10392,,,,250.0,5000,,,,15.0,7680,
2704,,,2755.2,22042,,,,100.0,250,,,,40.5504,10381,,,,250.0,5000,,,,15.0,7680,
2705,,,2754.0,22032,,,,100.0,250,,,,40.5057,10369,,,,250.0,5000,,,,15.0,7680,
2706,,,2752.8,22022,,,,100.0,250,,,,40.461,10358,,,,250.0,5000,,,,15.0,7680,
2707,,,2751.6,22013,,,,100.0,250,,,,40.4163,10347,,,,250.0,5000,,,,15.0,7680,
2708,,,2750.4,22003,,,,100.0,250,,,,40.3717,10335,,,,250.0,5000,,,,15.0,7680,
2709,,,2749.2,21994,,,,100.0,250,,,,40.3271,10324,,,,250.0,5000,,,,15.0,7680,
2710,,,2748.0,21984,,,,100.0,250,,,,40.2825,10312,,,,250.0,5000,,,,15.0,7680,
2711,,,2746.8,21974,,,,100.0,250,,,,40.2379,10301,,,,250.0,5000,,,,15.0,7680,
2712,,,2745.6,21965,,,,100.0,250,,,,40.1934,10289,,,,250.0,5000,,,,15.0,7680,
2713,,,2744.4,21955,,,,100.0,250,,,,40.1488,10278,,,,250.0,5000,,,,15.0,7680,
2714,,,2743.2,21946,,,,100.0,250,,,,40.1043,10267,,,,250.0,5000,,,,15.0,7680,
2715,,,2742.0,21936,,,,100.0,250,,,,40.0599,10255,,,,250.0,5000,,,,15.0,7680,
2716,,,2740.8,21926,,,,100.0,250,,,,40.0154,10244,,,,250.0,5000,,,,15.0,7680,
2717,,,2739.6,21917,,,,100.0,250,,,,39.971,10233,,,,250.0,5000,,,,15.0,7680,
2718,,,2738.4,21907,,,,100.0,250,,,,39.9266,10221,,,,250.0,5000,,,,15.0,7680,
2719,,,2737.2,21898,,,,100.0,250,,,,39.8822,10210,,,,250.0,5000,,,,15.0,7680,
2720,,,2736.0,21888,,,,100.0,250,,,,39.8379,10198,,,,250.0,5000,,,,15.0,7680,
2721,,,2734.8,21878,,,,100.0,250,,,,39.7935,10187,,,,250.0,5000,,,,15.0,7680,
2722,,,2733.6,21869,,,,100.0,250,,,,39.7492,10176,,,,250.0,5000,,,,15.0,7680,
2723,,,2732.4,21859,,,,100.0,250,,,,39.705,10164,,,,250.0,5000,,,,15.0,7680,
2724,,,2731.2,21850,,,,100.0,250,,,,39.6607,10153,,,,250.0,5000,,,,15.0,7680,
2725,,,2730.0,21840,,,,100.0,250,,,,39.6165,10142,,,,250.0,5000,,,,15.0,7680,
2726,,,2728.8,21830,,,,100.0,250,,,,39.5723,10131,,,,250.0,5000,,,,15.0,7680,
2727,,,2727.6,21821,,,,100.0,250,,,,39.5281,10119,,,,250.0,5000,,,,15.0,7680,
2728,,,2726.4,21811,,,,100.0,250,,,,39.484,10108,,,,250.0,5000,,,,15.0,7680,
2729,,,2725.2,21802,,,,100.0,250,,,,39.4398,10097,,,,250.0,5000,,,,15.0,7680,
2730,,,2724.0,21792,,,,100.0,250,,,,39.3958,10085,,,,250.0,5000,,,,15.0,7680,
2731,,,2722.8,21782,,,,100.0,250,,,,39.3517,10074,,,,250.0,5000,,,,15.0,7680,
2732,,,2721.6,21773,,,,100.0,250,,,,39.3076,10063,,,,250.0,5000,,,,15.0,7680,
2733,,,2720.4,21763,,,,100.0,250,,,,39.2636,10051,,,,250.0,5000,,,,15.0,7680,
2734,,,2719.2,21754,,,,100.0,250,,,,39.2196,10040,,,,250.0,5000,,,,15.0,7680,
2735,,,2718.0,21744,,,,100.0,250,,,,39.1757,10029,,,,250.0,5000,,,,15.0,7680,
2736,,,2716.8,21734,,,,100.0,250,,,,39.1317,10018,,,,250.0,5000,,,,15.0,7680,
2737,,,2715.6,21725,,,,100.0,250,,,,39.0878,10006,,,,250.0,5000,,,,15.0,7680,
2738,,,2714.4,21715,,,,100.0,250,,,,39.0439,9995,,,,250.0,5000,,,,15.0,7680,
2739,,,2713.2,21706,,,,100.0,250,,,,39.0001,9984,,,,250.0,5000,,,,15.0,7680,
2740,,,2712.0,21696,,,,100.0,250,,,,38.9563,9973,,,,250.0,5000,,,,15.0,7680,
2741,,,2710.8,21686,,,,100.0,250,,,,38.9125,9962,,,,250.0,5000,,,,15.0,7680,
2742,,,2709.6,21677,,,,100.0,250,,,,38.8687,9950,,,,250.0,5000,,,,15.0,7680,
2743,,,2708.4,21667,,,,100.0,250,,,,38.8249,9939,,,,250.0,5000,,,,15.0,7680,
2744,,,2707.2,21658,,,,100.0,250,,,,38.7812,9928,,,,250.0,5000,,,,15.0,7680,
2745,,,2706.0,21648,,,,100.0,250,,,,38.7375,9917,,,,250.0,5000,,,,15.0,7680,
2746,,,2704.8,21638,,,,100.0,250,,,,38.6939,9906,,,,250.0,5000,,,,15.0,7680,
2747,,,2703.6,21629,,,,100.0,250,,,,38.6502,9894,,,,250.0,5000,,,,15.0,7680,
2748,,,2702.4,21619,,,,100.0,250,,,,38.6066,9883,,,,250.0,5000,,,,15.0,7680,
2749,,,2701.2,21610,,,,100.0,250,,,,38.563,9872,,,,250.0,5000,,,,15.0,7680,
2750,,,2700.0,21600,,,,90.0,225,,,,38.5195,9861,,,,250.0,5000,,,,15.0,7680,
2751,,,2698.8,21590,,,,90.0,225,,,,38.476,9850,,,,250.0,5000,,,,15.0,7680,
2752,,,2697.6,21581,,,,90.0,225,,,,38.4325,9839,,,,250.0,5000,,,,15.0,7680,
2753,,,2696.4,21571,,,,90.0,225,,,,38.389,9828,,,,250.0,5000,,,,15.0,7680,
2754,,,2695.2,21562,,,,90.0,225,,,,38.3456,9816,,,,250.0,5000,,,,15.0,7680,
2755,,,2694.0,21552,,,,90.0,225,,,,38.3022,9805,,,,250.0,5000,,,,15.0,7680,
2756,,,2692.8,21542,,,,90.0,225,,,,38.2588,9794,,,,250.0,5000,,,,15.0,7680,
2757,,,2691.6,21533,,,,90.0,225,,,,38.2154,9783,,,,250.0,5000,,,,15.0,7680,
2758,,,2690.4,21523,,,,90.0,225,,,,38.1721,9772,,,,250.0,5000,,,,15.0,7680,
2759,,,2689.2,21514,,,,90.0,225,,,,38.1288,9761,,,,250.0,5000,,,,15.0,7680,
2760,,,2688.0,21504,,,,90.0,225,,,,38.0856,9750,,,,250.0,5000,,,,15.0,7680,
2761,,,2686.8,21494,,,,90.0,225,,,,38.0423,9739,,,,250.0,5000,,,,15.0,7680,
2762,,,2685.6,21485,,,,90.0,225,,,,37.9991,9728,,,,250.0,5000,,,,15.0,7680,
2763,,,2684.4,21475,,,,90.0,225,,,,37.956,9717,,,,250.0,5000,,,,15.0,7680,
2764,,,2683.2,21466,,,,90.0,225,,,,37.9128,9706,,,,250.0,5000,,,,15.0,7680,
2765,,,2682.0,21456,,,,90.0,225,,,,37.8697,9695,,,,250.0,5000,,,,15.0,7680,
2766,,,2680.8,21446,,,,90.0,225,,,,37.8266,9684,,,,250.0,5000,,,,15.0,7680,
2767,,,2679.6,21437,,,,90.0,225,,,,37.7836,9673,,,,250.0,5000,,,,15.0,7680,
2768,,,2678.4,21427,,,,90.0,225,,,,37.7405,9662,,,,250.0,5000,,,,15.0,7680,
2769,,,2677.2,21418,,,,90.0,225,,,,37.6975,9651,,,,250.0,5000,,,,15.0,7680,
2770,,,2676.0,21408,,,,90.0,225,,,,37.6546,9640,,,,250.0,5000,,,,15.0,7680,
2771,,,2674.8,21398,,,,90.0,225,,,,37.6116,9629,,,,250.0,5000,,,,15.0,7680,
2772,,,2673.6,21389,,,,90.0,225,,,,37.5687,9618,,,,250.0,5000,,,,15.0,7680,
2773,,,2672.4,21379,,,,90.0,225,,,,37.5259,9607,,,,250.0,5000,,,,15.0,7680,
2774,,,2671.2,21370,,,,90.0,225,,,,37.483,9596,,,,250.0,5000,,,,15.0,7680,
2775,,,2670.0,21360,,,,90.0,225,,,,37.4402,9585,,,,250.0,5000,,,,15.0,7680,
2776,,,2668.8,21350,,,,90.0,225,,,,37.3974,9574,,,,250.0,5000,,,,15.0,7680,
2777,,,2667.6,21341,,,,90.0,225,,,,37.3547,9563,,,,250.0,5000,,,,15.0,7680,
2778,,,2666.4,21331,,,,90.0,225,,,,37.312,9552,,,,250.0,5000,,,,15.0,7680,
2779,,,2665.2,21322,,,,90.0,225,,,,37.2693,9541,,,,250.0,5000,,,,15.0,7680,
2780,,,2664.0,21312,,,,90.0,225,,,,37.2266,9530,,,,250.0,5000,,,,15.0,7680,
2781,,,2662.8,21302,,,,90.0,225,,,,37.184,9519,,,,250.0,5000,,,,15.0,7680,
2782,,,2661.6,21293,,,,90.0,225,,,,37.1414,9508,,,,250.0,5000,,,,15.0,7680,
2783,,,2660.4,21283,,,,90.0,225,,,,37.0988,9497,,,,250.0,5000,,,,15.0,7680,
2784,,,2659.2,21274,,,,90.0,225,,,,37.0563,9486,,,,250.0,5000,,,,15.0,7680,
2785,,,2658.0,21264,,,,90.0,225,,,,37.0138,9476,,,,250.0,5000,,,,15.0,7680,
2786,,,2656.8,21254,,,,90.0,225,,,,36.9714,9465,,,,250.0,5000,,,,15.0,7680,
2787,,,2655.6,21245,,,,90.0,225,,,,36.9289,9454,,,,250.0,5000,,,,15.0,7680,
2788,,,2654.4,21235,,,,90.0,225,,,,36.8865,9443,,,,250.0,5000,,,,15.0,7680,
2789,,,2653.2,21226,,,,90.0,225,,,,36.8442,9432,,,,250.0,5000,,,,15.0,7680,
2790,,,2652.0,21216,,,,90.0,225,,,,36.8018,9421,,,,250.0,5000,,,,15.0,7680,
2791,,,2650.8,21206,,,,90.0,225,,,,36.7595,9410,,,,250.0,5000,,,,15.0,7680,
2792,,,2649.6,21197,,,,90.0,225,,,,36.7173,9400,,,,250.0,5000,,,,15.0,7680,
2793,,,2648.4,21187,,,,90.0,225,,,,36.675,9389,,,,250.0,5000,,,,15.0,7680,
2794,,,2647.2,21178,,,,90.0,225,,,,36.6328,9378,,,,250.0,5000,,,,15.0,7680,
2795,,,2646.0,21168,,,,90.0,225,,,,36.5906,9367,,,,250.0,5000,,,,15.0,7680,
2796,,,2644.8,21158,,,,90.0,225,,,,36.5485,9356,,,,250.0,5000,,,,15.0,7680,
2797,,,2643.6,21149,,,,90.0,225,,,,36.5064,9346,,,,250.0,5000,,,,15.0,7680,
2798,,,2642.4,21139,,,,90.0,225,,,,36.4643,9335,,,,250.0,5000,,,,15.0,7680,
2799,,,2641.2,21130,,,,90.0,225,,,,36.4223,9324,,,,250.0,5000,,,,15.0,7680,
2800,,,2640.0,21120,,,,90.0,225,,,,36.3803,9313,,,,250.0,5000,,,,15.0,7680,
2801,,,2638.8,21110,,,,90.0,225,,,,36.3383,9303,,,,250.0,5000,,,,15.0,7680,
2802,,,2637.6,21101,,,,90.0,225,,,,36.2964,9292,,,,250.0,5000,,,,15.0,7680,
2803,,,2636.4,21091,,,,90.0,225,,,,36.2545,9281,,,,250.0,5000,,,,15.0,7680,
2804,,,2635.2,21082,,,,90.0,225,,,,36.2126,9270,,,,250.0,5000,,,,15.0,7680,
2805,,,2634.0,21072,,,,90.0,225,,,,36.1708,9260,,,,250.0,5000,,,,15.0,7680,
2806,,,2632.8,21062,,,,90.0,225,,,,36.129,9249,,,,250.0,5000,,,,15.0,7680,
2807,,,2631.6,21053,,,,90.0,225,,,,36.0872,9238,,,,250.0,5000,,,,15.0,7680,
2808,,,2630.4,21043,,,,90.0,225,,,,36.0455,9228,,,,250.0,5000,,,,15.0,7680,
2809,,,2629.2,21034,,,,90.0,225,,,,36.0038,9217,,,,250.0,5000,,,,15.0,7680,
2810,,,2628.0,21024,,,,90.0,225,,,,35.9621,9206,,,,250.0,5000,,,,15.0,7680,
2811,,,2626.8,21014,,,,90.0,225,,,,35.9205,9196,,,,250.0,5000,,,,15.0,7680,
2812,,,2625.6,21005,,,,90.0,225,,,,35.8789,9185,,,,250.0,5000,,,,15.0,7680,
2813,,,2624.4,20995,,,,90.0,225,,,,35.8373,9174,,,,250.0,5000,,,,15.0,7680,
2814,,,2623.2,20986,,,,90.0,225,,,,35.7958,9164,,,,250.0,5000,,,,15.0,7680,
2815,,,2622.0,20976,,,,90.0,225,,,,35.7543,9153,,,,250.0,5000,,,,15.0,7680,
2816,,,2620.8,20966,,,,90.0,225,,,,35.7129,9142,,,,250.0,5000,,,,15.0,7680,
2817,,,2619.6,20957,,,,90.0,225,,,,35.6714,9132,,,,250.0,5000,,,,15.0,7680,
2818,,,2618.4,20947,,,,90.0,225,,,,35.6301,9121,,,,250.0,5000,,,,15.0,7680,
2819,,,2617.2,20938,,,,90.0,225,,,,35.5887,9111,,,,250.0,5000,,,,15.0,7680,
2820,,,2616.0,20928,,,,90.0,225,,,,35.5474,9100,,,,250.0,5000,,,,15.0,7680,
2821,,,2614.8,20918,,,,90.0,225,,,,35.5061,9090,,,,250.0,5000,,,,15.0,7680,
2822,,,2613.6,20909,,,,90.0,225,,,,35.4649,9079,,,,250.0,5000,,,,15.0,7680,
2823,,,2612.4,20899,,,,90.0,225,,,,35.4237,9068,,,,250.0,5000,,,,15.0,7680,
2824,,,2611.2,20890,,,,90.0,225,,,,35.3825,9058,,,,250.0,5000,,,,15.0,7680,
2825,,,2610.0,20880,,,,90.0,225,,,,35.3414,9047,,,,250.0,5000,,,,15.0,7680,
2826,,,2608.8,20870,,,,90.0,225,,,,35.3003,9037,,,,250.0,5000,,,,15.0,7680,
2827,,,2607.6,20861,,,,90.0,225,,,,35.2592,9026,,,,250.0,5000,,,,15.0,7680,
2828,,,2606.4,20851,,,,90.0,225,,,,35.2182,9016,,,,250.0,5000,,,,15.0,7680,
2829,,,2605.2,20842,,,,90.0,225,,,,35.1772,9005,,,,250.0,5000,,,,15.0,7680,
2830,,,2604.0,20832,,,,90.0,225,,,,35.1362,8995,,,,250.0,5000,,,,15.0,7680,
2831,,,2602.8,20822,,,,90.0,225,,,,35.0953,8984,,,,250.0,5000,,,,15.0,7680,
2832,,,2601.6,20813,,,,90.0,225,,,,35.0544,8974,,,,250.0,5000,,,,15.0,7680,
2833,,,2600.4,20803,,,,90.0,225,,,,35.0136,8963,,,,250.0,5000,,,,15.0,7680,
2834,,,2599.2,20794,,,,90.0,225,,,,34.9728,8953,,,,250.0,5000,,,,15.0,7680,
2835,,,2598.0,20784,,,,90.0,225,,,,34.932,8943,,,,250.0,5000,,,,15.0,7680,
2836,,,2596.8,20774,,,,90.0,225,,,,34.8913,8932,,,,250.0,5000,,,,15.0,7680,
2837,,,2595.6,20765,,,,90.0,225,,,,34.8506,8922,,,,250.0,5000,,,,15.0,7680,
2838,,,2594.4,20755,,,,90.0,225,,,,34.81,8911,,,,250.0,5000,,,,15.0,7680,
2839,,,2593.2,20746,,,,90.0,225,,,,34.7693,8901,,,,250.0,5000,,,,15.0,7680,
2840,,,2592.0,20736,,,,90.0,225,,,,34.7288,8891,,,,250.0,5000,,,,15.0,7680,
2841,,,2590.8,20726,,,,90.0,225,,,,34.6882,8880,,,,250.0,5000,,,,15.0,7680,
2842,,,2589.6,20717,,,,90.0,225,,,,34.6477,8870,,,,250.0,5000,,,,15.0,7680,
2843,,,2588.4,20707,,,,90.0,225,,,,34.6072,8859,,,,250.0,5000,,,,15.0,7680,
2844,,,2587.2,20698,,,,90.0,225,,,,34.5668,8849,,,,250.0,5000,,,,15.0,7680,
2845,,,2586.0,20688,,,,90.0,225,,,,34.5264,8839,,,,250.0,5000,,,,15.0,7680,
2846,,,2584.8,20678,,,,90.0,225,,,,34.4861,8828,,,,250.0,5000,,,,15.0,7680,
2847,,,2583.6,20669,,,,90.0,225,,,,34.4458,8818,,,,250.0,5000,,,,15.0,7680,
2848,,,2582.4,20659,,,,90.0,225,,,,34.4055,8808,,,,250.0,5000,,,,15.0,7680,
2849,,,2581.2,20650,,,,90.0,225,,,,34.3652,8798,,,,250.0,5000,,,,15.0,7680,
2850,,,2580.0,20640,,,,90.0,225,,,,34.325,8787,,,,250.0,5000,,,,15.0,7680,
2851,,,2578.8,20630,,,,90.0,225,,,,34.2849,8777,,,,250.0,5000,,,,15.0,7680,
2852,,,2577.6,20621,,,,90.0,225,,,,34.2448,8767,,,,250.0,5000,,,,15.0,7680,
2853,,,2576.4,20611,,,,90.0,225,,,,34.2047,8756,,,,250.0,5000,,,,15.0,7680,
2854,,,2575.2,20602,,,,90.0,225,,,,34.1646,8746,,,,250.0,5000,,,,15.0,7680,
2855,,,2574.0,20592,,,,90.0,225,,,,34.1246,8736,,,,250.0,5000,,,,15.0,7680,
2856,,,2572.8,20582,,,,90.0,225,,,,34.0847,8726,,,,250.0,5000,,,,15.0,7680,
2857,,,2571.6,20573,,,,90.0,225,,,,34.0447,8715,,,,250.0,5000,,,,15.0,7680,
2858,,,2570.4,20563,,,,90.0,225,,,,34.0049,8705,,,,250.0,5000,,,,15.0,7680,
2859,,,2569.2,20554,,,,90.0,225,,,,33.965,8695,,,,250.0,5000,,,,15.0,7680,
2860,,,2568.0,20544,,,,90.0,225,,,,33.9252,8685,,,,250.0,5000,,,,15.0,7680,
2861,,,2566.8,20534,,,,90.0,225,,,,33.8854,8675,,,,250.0,5000,,,,15.0,7680,
2862,,,2565.6,20525,,,,90.0,225,,,,33.8457,8664,,,,250.0,5000,,,,15.0,7680,
2863,,,2564.4,20515,,,,90.0,225,,,,33.806,8654,,,,250.0,5000,,,,15.0,7680,
2864,,,2563.2,20506,,,,90.0,225,,,,33.7664,8644,,,,250.0,5000,,,,15.0,7680,
2865,,,2562.0,20496,,,,90.0,225,,,,33.7268,8634,,,,250.0,5000,,,,15.0,7680,
2866,,,2560.8,20486,,,,90.0,225,,,,33.6872,8624,,,,250.0,5000,,,,15.0,7680,
2867,,,2559.6,20477,,,,90.0,225,,,,33.6477,8614,,,,250.0,5000,,,,15.0,7680,
2868,,,2558.4,20467,,,,90.0,225,,,,33.6082,8604,,,,250.0,5000,,,,15.0,7680,
2869,,,2557.2,20458,,,,90.0,225,,,,33.5687,8594,,,,250.0,5000,,,,15.0,7680,
2870,,,2556.0,20448,,,,90.0,225,,,,33.5293,8584,,,,250.0,5000,,,,15.0,7680,
2871,,,2554.8,20438,,,,90.0,225,,,,33.4899,8573,,,,250.0,5000,,,,15.0,7680,
2872,,,2553.6,20429,,,,90.0,225,,,,33.4506,8563,,,,250.0,5000,,,,15.0,7680,
2873,,,2552.4,20419,,,,90.0,225,,,,33.4113,8553,,,,250.0,5000,,,,15.0,7680,
2874,,,2551.2,20410,,,,90.0,225,,,,33.3721,8543,,,,250.0,5000,,,,15.0,7680,
2875,,,2550.0,20400,,,,90.0,225,,,,33.3329,8533,,,,250.0,5000,,,,15.0,7680,
2876,,,2548.8,20390,,,,90.0,225,,,,33.2937,8523,,,,250.0,5000,,,,15.0,7680,
2877,,,2547.6,20381,,,,90.0,225,,,,33.2546,8513,,,,250.0,5000,,,,15.0,7680,
2878,,,2546.4,20371,,,,90.0,225,,,,33.2155,8503,,,,250.0,5000,,,,15.0,7680,
2879,,,2545.2,20362,,,,90.0,225,,,,33.1765,8493,,,,250.0,5000,,,,15.0,7680,
2880,,,2544.0,20352,,,,90.0,225,,,,33.1375,8483,,,,250.0,5000,,,,15.0,7680,
2881,,,2542.8,20342,,,,90.0,225,,,,33.0985,8473,,,,250.0,5000,,,,15.0,7680,
2882,,,2541.6,20333,,,,90.0,225,,,,33.0596,8463,,,,250.0,5000,,,,15.0,7680,
2883,,,2540.4,20323,,,,90.0,225,,,,33.0208,8453,,,,250.0,5000,,,,15.0,7680,
2884,,,2539.2,20314,,,,90.0,225,,,,32.9819,8443,,,,250.0,5000,,,,15.0,7680,
2885,,,2538.0,20304,,,,90.0,225,,,,32.9431,8433,,,,250.0,5000,,,,15.0,7680,
2886,,,2536.8,20294,,,,90.0,225,,,,32.9044,8424,,,,250.0,5000,,,,15.0,7680,
2887,,,2535.6,20285,,,,90.0,225,,,,32.8657,8414,,,,250.0,5000,,,,15.0,7680,
2888,,,2534.4,20275,,,,90.0,225,,,,32.827,8404,,,,250.0,5000,,,,15.0,7680,
2889,,,2533.2,20266,,,,90.0,225,,,,32.7884,8394,,,,250.0,5000,,,,15.0,7680,
2890,,,2532.0,20256,,,,90.0,225,,,,32.7498,8384,,,,250.0,5000,,,,15.0,7680,
2891,,,2530.8,20246,,,,90.0,225,,,,32.7113,8374,,,,250.0,5000,,,,15.0,7680,
2892,,,2529.6,20237,,,,90.0,225,,,,32.6728,8364,,,,250.0,5000,,,,15.0,7680,
2893,,,2528.4,20227,,,,90.0,225,,,,32.6344,8354,,,,250.0,5000,,,,15.0,7680,
2894,,,2527.2,20218,,,,90.0,225,,,,32.596,8345,,,,250.0,5000,,,,15.0,7680,
2895,,,2526.0,20208,,,,90.0,225,,,,32.5576,8335,,,,250.0,5000,,,,15.0,7680,
2896,,,2524.8,20198,,,,90.0,225,,,,32.5193,8325,,,,250.0,5000,,,,15.0,7680,
2897,,,2523.6,20189,,,,90.0,225,,,,32.481,8315,,,,250.0,5000,,,,15.0,7680,
2898,,,2522.4,20179,,,,90.0,225,,,,32.4428,8305,,,,250.0,5000,,,,15.0,7680,
2899,,,2521.2,20170,,,,90.0,225,,,,32.4046,8296,,,,250.0,5000,,,,15.0,7680,
2900,,,2520.0,20160,,,,90.0,225,,,,32.3664,8286,,,,250.0,5000,,,,15.0,7680,
2901,,,2518.8,20150,,,,90.0,225,,,,32.3283,8276,,,,250.0,5000,,,,15.0,7680,
2902,,,2517.6,20141,,,,90.0,225,,,,32.2903,8266,,,,250.0,5000,,,,15.0,7680,
2903,,,2516.4,20131,,,,90.0,225,,,,32.2523,8257,,,,250.0,5000,,,,15.0,7680,
2904,,,2515.2,20122,,,,90.0,225,,,,32.2143,8247,,,,250.0,5000,,,,15.0,7680,
2905,,,2514.0,20112,,,,90.0,225,,,,32.1764,8237,,,,250.0,5000,,,,15.0,7680,
2906,,,2512.8,20102,,,,90.0,225,,,,32.1385,8227,,,,250.0,5000,,,,15.0,7680,
2907,,,2511.6,20093,,,,90.0,225,,,,32.1006,8218,,,,250.0,5000,,,,15.0,7680,
2908,,,2510.4,20083,,,,90.0,225,,,,32.0629,8208,,,,250.0,5000,,,,15.0,7680,
2909,,,2509.2,20074,,,,90.0,225,,,,32.0251,8198,,,,250.0,5000,,,,15.0,7680,
2910,,,2508.0,20064,,,,90.0,225,,,,31.9874,8189,,,,250.0,5000,,,,15.0,7680,
2911,,,2506.8,20054,,,,90.0,225,,,,31.9497,8179,,,,250.0,5000,,,,15.0,7680,
2912,,,2505.6,20045,,,,90.0,225,,,,31.9121,8170,,,,250.0,5000,,,,15.0,7680,
2913,,,2504.4,20035,,,,90.0,225,,,,31.8745,8160,,,,250.0,5000,,,,15.0,7680,
2914,,,2503.2,20026,,,,90.0,225,,,,31.837,8150,,,,250.0,5000,,,,15.0,7680,
2915,,,2502.0,20016,,,,90.0,225,,,,31.7995,8141,,,,250.0,5000,,,,15.0,7680,
2916,,,2500.8,20006,,,,90.0,225,,,,31.7621,8131,,,,250.0,5000,,,,15.0,7680,
2917,,,2499.6,19997,,,,90.0,225,,,,31.7247,8122,,,,250.0,5000,,,,15.0,7680,
2918,,,2498.4,19987,,,,90.0,225,,,,31.6873,8112,,,,250.0,5000,,,,15.0,7680,
2919,,,2497.2,19978,,,,90.0,225,,,,31.65,8102,,,,250.0,5000,,,,15.0,7680,
2920,,,2496.0,19968,,,,90.0,225,,,,31.6128,8093,,,,250.0,5000,,,,15.0,7680,
2921,,,2494.8,19958,,,,90.0,225,,,,31.5756,8083,,,,250.0,5000,,,,15.0,7680,
2922,,,2493.6,19949,,,,90.0,225,,,,31.5384,8074,,,,250.0,5000,,,,15.0,7680,
2923,,,2492.4,19939,,,,90.0,225,,,,31.5013,8064,,,,250.0,5000,,,,15.0,7680,
2924,,,2491.2,19930,,,,90.0,225,,,,31.4642,8055,,,,250.0,5000,,,,15.0,7680,
2925,,,2490.0,19920,,,,90.0,225,,,,31.4272,8045,,,,250.0,5000,,,,15.0,7680,
2926,,,2488.8,19910,,,,90.0,225,,,,31.3902,8036,,,,250.0,5000,,,,15.0,7680,
2927,,,2487.6,19901,,,,90.0,225,,,,31.3533,8026,,,,250.0,5000,,,,15.0,7680,
2928,,,2486.4,19891,,,,90.0,225,,,,31.3164,8017,,,,250.0,5000,,,,15.0,7680,
2929,,,2485.2,19882,,,,90.0,225,,,,31.2795,8008,,,,250.0,5000,,,,15.0,7680,
2930,,,2484.0,19872,,,,90.0,225,,,,31.2427,7998,,,,250.0,5000,,,,15.0,7680,
2931,,,2482.8,19862,,,,90.0,225,,,,31.206,7989,,,,250.0,5000,,,,15.0,7680,
2932,,,2481.6,19853,,,,90.0,225,,,,31.1693,7979,,,,250.0,5000,,,,15.0,7680,
2933,,,2480.4,19843,,,,90.0,225,,,,31.1326,7970,,,,250.0,5000,,,,15.0,7680,
2934,,,2479.2,19834,,,,90.0,225,,,,31.096,7961,,,,250.0,5000,,,,15.0,7680,
2935,,,2478.0,19824,,,,90.0,225,,,,31.0594,7951,,,,250.0,5000,,,,15.0,7680,
2936,,,2476.8,19814,,,,90.0,225,,,,31.0229,7942,,,,250.0,5000,,,,15.0,7680,
2937,,,2475.6,19805,,,,90.0,225,,,,30.9864,7933,,,,250.0,5000,,,,15.0,7680,
2938,,,2474.4,19795,,,,90.0,225,,,,30.95,7923,,,,250.0,5000,,,,15.0,7680,
2939,,,2473.2,19786,,,,90.0,225,,,,30.9136,7914,,,,250.0,5000,,,,15.0,7680,
2940,,,2472.0,19776,,,,90.0,225,,,,30.8773,7905,,,,250.0,5000,,,,15.0,7680,
2941,,,2470.8,19766,,,,90.0,225,,,,30.841,7895,,,,250.0,5000,,,,15.0,7680,
2942,,,2469.6,19757,,,,90.0,225,,,,30.8048,7886,,,,250.0,5000,,,,15.0,7680,
2943,,,2468.4,19747,,,,90.0,225,,,,30.7686,7877,,,,250.0,5000,,,,15.0,7680,
2944,,,2467.2,19738,,,,90.0,225,,,,30.7324,7867,,,,250.0,5000,,,,15.0,7680,
2945,,,2466.0,19728,,,,90.0,225,,,,30.6963,7858,,,,250.0,5000,,,,15.0,7680,
2946,,,2464.8,19718,,,,90.0,225,,,,30.6603,7849,,,,250.0,5000,,,,15.0,7680,
2947,,,2463.6,19709,,,,90.0,225,,,,30.6243,7840,,,,250.0,5000,,,,15.0,7680,
2948,,,2462.4,19699,,,,90.0,225,,,,30.5883,7831,,,,250.0,5000,,,,15.0,7680,
2949,,,2461.2,19690,,,,90.0,225,,,,30.5524,7821,,,,250.0,5000,,,,15.0,7680,
2950,,,2460.0,19680,,,,90.0,225,,,,30.5166,7812,,,,250.0,5000,,,,15.0,7680,
2951,,,2458.8,19670,,,,90.0,225,,,,30.4807,7803,,,,250.0,5000,,,,15.0,7680,
2952,,,2457.6,19661,,,,90.0,225,,,,30.445,7794,,,,250.0,5000,,,,15.0,7680,
2953,,,2456.4,19651,,,,90.0,225,,,,30.4093,7785,,,,250.0,5000,,,,15.0,7680,
2954,,,2455.2,19642,,,,90.0,225,,,,30.3736,7776,,,,250.0,5000,,,,15.0,7680,
2955,,,2454.0,19632,,,,90.0,225,,,,30.338,7767,,,,250.0,5000,,,,15.0,7680,
2956,,,2452.8,19622,,,,90.0,225,,,,30.3024,7757,,,,250.0,5000,,,,15.0,7680,
2957,,,2451.6,19613,,,,90.0,225,,,,30.2669,7748,,,,250.0,5000,,,,15.0,7680,
2958,,,2450.4,19603,,,,90.0,225,,,,30.2314,7739,,,,250.0,5000,,,,15.0,7680,
2959,,,2449.2,19594,,,,90.0,225,,,,30.196,7730,,,,250.0,5000,,,,15.0,7680,
2960,,,2448.0,19584,,,,90.0,225,,,,30.1606,7721,,,,250.0,5000,,,,15.0,7680,
2961,,,2446.8,19574,,,,90.0,225,,,,30.1253,7712,,,,250.0,5000,,,,15.0,7680,
2962,,,2445.6,19565,,,,90.0,225,,,,30.09,7703,,,,250.0,5000,,,,15.0,7680,
2963,,,2444.4,19555,,,,90.0,225,,,,30.0548,7694,,,,250.0,5000,,,,15.0,7680,
2964,,,2443.2,19546,,,,90.0,225,,,,30.0196,7685,,,,250.0,5000,,,,15.0,7680,
2965,,,2442.0,19536,,,,90.0,225,,,,29.9845,7676,,,,250.0,5000,,,,15.0,7680,
2966,,,2440.8,19526,,,,90.0,225,,,,29.9494,7667,,,,250.0,5000,,,,15.0,7680,
2967,,,2439.6,19517,,,,90.0,225,,,,29.9144,7658,,,,250.0,5000,,,,15.0,7680,
2968,,,2438.4,19507,,,,90.0,225,,,,29.8794,7649,,,,250.0,5000,,,,15.0,7680,
2969,,,2437.2,19498,,,,90.0,225,,,,29.8445,7640,,,,250.0,5000,,,,15.0,7680,
2970,,,2436.0,19488,,,,90.0,225,,,,29.8096,7631,,,,250.0,5000,,,,15.0,7680,
2971,,,2434.8,19478,,,,90.0,225,,,,29.7748,7622,,,,250.0,5000,,,,15.0,7680,
2972,,,2433.6,19469,,,,90.0,225,,,,29.74,7613,,,,250.0,5000,,,,15.0,7680,
2973,,,2432.4,19459,,,,90.0,225,,,,29.7053,7605,,,,250.0,5000,,,,15.0,7680,
2974,,,2431.2,19450,,,,90.0,225,,,,29.6706,7596,,,,250.0,5000,,,,15.0,7680,
2975,,,2430.0,19440,,,,90.0,225,,,,29.636,7587,,,,250.0,5000,,,,15.0,7680,
2976,,,2428.8,19430,,,,90.0,225,,,,29.6014,7578,,,,250.0,5000,,,,15.0,7680,
2977,,,2427.6,19421,,,,90.0,225,,,,29.5669,7569,,,,250.0,5000,,,,15.0,7680,
2978,,,2426.4,19411,,,,90.0,225,,,,29.5324,7560,,,,250.0,5000,,,,15.0,7680,
2979,,,2425.2,19402,,,,90.0,225,,,,29.498,7551,,,,250.0,5000,,,,15.0,7680,
2980,,,2424.0,19392,,,,90.0,225,,,,29.4636,7543,,,,250.0,5000,,,,15.0,7680,
2981,,,2422.8,19382,,,,90.0,225,,,,29.4293,7534,,,,250.0,5000,,,,15.0,7680,
2982,,,2421.6,19373,,,,90.0,225,,,,29.395,7525,,,,250.0,5000,,,,15.0,7680,
2983,,,2420.4,19363,,,,90.0,225,,,,29.3608,7516,,,,250.0,5000,,,,15.0,7680,
2984,,,2419.2,19354,,,,90.0,225,,,,29.3266,7508,,,,250.0,5000,,,,15.0,7680,
2985,,,2418.0,19344,,,,90.0,225,,,,29.2925,7499,,,,250.0,5000,,,,15.0,7680,
2986,,,2416.8,19334,,,,90.0,225,,,,29.2584,7490,,,,250.0,5000,,,,15.0,7680,
2987,,,2415.6,19325,,,,90.0,225,,,,29.2244,7481,,,,250.0,5000,,,,15.0,7680,
2988,,,2414.4,19315,,,,90.0,225,,,,29.1904,7473,,,,250.0,5000,,,,15.0,7680,
2989,,,2413.2,19306,,,,90.0,225,,,,29.1565,7464,,,,250.0,5000,,,,15.0,7680,
2990,,,2412.0,19296,,,,90.0,225,,,,29.1226,7455,,,,250.0,5000,,,,15.0,7680,
2991,,,2410.8,19286,,,,90.0,225,,,,29.0888,7447,,,,250.0,5000,,,,15.0,7680,
2992,,,2409.6,19277,,,,90.0,225,,,,29.055,7438,,,,250.0,5000,,,,15.0,7680,
2993,,,2408.4,19267,,,,90.0,225,,,,29.0213,7429,,,,250.0,5000,,,,15.0,7680,
2994,,,2407.2,19258,,,,90.0,225,,,,28.9877,7421,,,,250.0,5000,,,,15.0,7680,
2995,,,2406.0,19248,,,,90.0,225,,,,28.9541,7412,,,,250.0,5000,,,,15.0,7680,
2996,,,2404.8,19238,,,,90.0,225,,,,28.9205,7404,,,,250.0,5000,,,,15.0,7680,
2997,,,2403.6,19229,,,,90.0,225,,,,28.887,7395,,,,250.0,5000,,,,15.0,7680,
2998,,,2402.4,19219,,,,90.0,225,,,,28.8535,7387,,,,250.0,5000,,,,15.0,7680,
2999,,,2401.2,19210,,,,90.0,225,,,,28.8201,7378,,,,250.0,5000,,,,15.0,7680,
3000,,,2400.0,19200,,,,80.0,200,,,,28.7868,7369,,,,380.0,7600,,,,15.0,7680,
3001,,,2398.8,19190,,,,80.0,200,,,,28.7535,7361,,,,380.0,7600,,,,15.0,7680,
3002,,,2397.6,19181,,,,80.0,200,,,,28.7203,7352,,,,380.0,7600,,,,15.0,7680,
3003,,,2396.4,19171,,,,80.0,200,,,,28.6871,7344,,,,380.0,7600,,,,15.0,7680,
3004,,,2395.2,19162,,,,80.0,200,,,,28.6539,7335,,,,380.0,7600,,,,15.0,7680,
3005,,,2394.0,19152,,,,80.0,200,,,,28.6208,7327,,,,380.0,7600,,,,15.0,7680,
3006,,,2392.8,19142,,,,80.0,200,,,,28.5878,7318,,,,380.0,7600,,,,15.0,7680,
3007,,,2391.6,19133,,,,80.0,200,,,,28.5548,7310,,,,380.0,7600,,,,15.0,7680,
3008,,,2390.4,19123,,,,80.0,200,,,,28.5219,7302,,,,380.0,7600,,,,15.0,7680,
3009,,,2389.2,19114,,,,80.0,200,,,,28.489,7293,,,,380.0,7600,,,,15.0,7680,
3010,,,2388.0,19104,,,,80.0,200,,,,28.4562,7285,,,,380.0,7600,,,,15.0,7680,
3011,,,2386.8,19094,,,,80.0,200,,,,28.4234,7276,,,,380.0,7600,,,,15.0,7680,
3012,,,2385.6,19085,,,,80.0,200,,,,28.3907,7268,,,,380.0,7600,,,,15.0,7680,
3013,,,2384.4,19075,,,,80.0,200,,,,28.3581,7260,,,,380.0,7600,,,,15.0,7680,
3014,,,2383.2,19066,,,,80.0,200,,,,28.3255,7251,,,,380.0,7600,,,,15.0,7680,
3015,,,2382.0,19056,,,,80.0,200,,,,28.2929,7243,,,,380.0,7600,,,,15.0,7680,
3016,,,2380.8,19046,,,,80.0,200,,,,28.2604,7235,,,,380.0,7600,,,,15.0,7680,
3017,,,2379.6,19037,,,,80.0,200,,,,28.228,7226,,,,380.0,7600,,,,15.0,7680,
3018,,,2378.4,19027,,,,80.0,200,,,,28.1956,7218,,,,380.0,7600,,,,15.0,7680,
3019,,,2377.2,19018,,,,80.0,200,,,,28.1632,7210,,,,380.0,7600,,,,15.0,7680,
3020,,,2376.0,19008,,,,80.0,200,,,,28.1309,7202,,,,380.0,7600,,,,15.0,7680,
3021,,,2374.8,18998,,,,80.0,200,,,,28.0987,7193,,,,380.0,7600,,,,15.0,7680,
3022,,,2373.6,18989,,,,80.0,200,,,,28.0665,7185,,,,380.0,7600,,,,15.0,7680,
3023,,,2372.4,18979,,,,80.0,200,,,,28.0344,7177,,,,380.0,7600,,,,15.0,7680,
3024,,,2371.2,18970,,,,80.0,200,,,,28.0023,7169,,,,380.0,7600,,,,15.0,7680,
3025,,,2370.0,18960,,,,80.0,200,,,,27.9703,7160,,,,380.0,7600,,,,15.0,7680,
3026,,,2368.8,18950,,,,80.0,200,,,,27.9384,7152,,,,380.0,7600,,,,15.0,7680,
3027,,,2367.6,18941,,,,80.0,200,,,,27.9065,7144,,,,380.0,7600,,,,15.0,7680,
3028,,,2366.4,18931,,,,80.0,200,,,,27.8746,7136,,,,380.0,7600,,,,15.0,7680,
3029,,,2365.2,18922,,,,80.0,200,,,,27.8428,7128,,,,380.0,7600,,,,15.0,7680,
3030,,,2364.0,18912,,,,80.0,200,,,,27.8111,7120,,,,380.0,7600,,,,15.0,7680,
3031,,,2362.8,18902,,,,80.0,200,,,,27.7794,7112,,,,380.0,7600,,,,15.0,7680,
3032,,,2361.6,18893,,,,80.0,200,,,,27.7477,7103,,,,380.0,7600,,,,15.0,7680,
3033,,,2360.4,18883,,,,80.0,200,,,,27.7162,7095,,,,380.0,7600,,,,15.0,7680,
3034,,,2359.2,18874,,,,80.0,200,,,,27.6846,7087,,,,380.0,7600,,,,15.0,7680,
3035,,,2358.0,18864,,,,80.0,200,,,,27.6532,7079,,,,380.0,7600,,,,15.0,7680,
3036,,,2356.8,18854,,,,80.0,200,,,,27.6218,7071,,,,380.0,7600,,,,15.0,7680,
3037,,,2355.6,18845,,,,80.0,200,,,,27.5904,7063,,,,380.0,7600,,,,15.0,7680,
3038,,,2354.4,18835,,,,80.0,200,,,,27.5591,7055,,,,380.0,7600,,,,15.0,7680,
3039,,,2353.2,18826,,,,80.0,200,,,,27.5279,7047,,,,380.0,7600,,,,15.0,7680,
3040,,,2352.0,18816,,,,80.0,200,,,,27.4967,7039,,,,380.0,7600,,,,15.0,7680,
3041,,,2350.8,18806,,,,80.0,200,,,,27.4655,7031,,,,380.0,7600,,,,15.0,7680,
3042,,,2349.6,18797,,,,80.0,200,,,,27.4345,7023,,,,380.0,7600,,,,15.0,7680,
3043,,,2348.4,18787,,,,80.0,200,,,,27.4034,7015,,,,380.0,7600,,,,15.0,7680,
3044,,,2347.2,18778,,,,80.0,200,,,,27.3725,7007,,,,380.0,7600,,,,15.0,7680,
3045,,,2346.0,18768,,,,80.0,200,,,,27.3415,6999,,,,380.0,7600,,,,15.0,7680,
3046,,,2344.8,18758,,,,80.0,200,,,,27.3107,6992,,,,380.0,7600,,,,15.0,7680,
3047,,,2343.6,18749,,,,80.0,200,,,,27.2799,6984,,,,380.0,7600,,,,15.0,7680,
3048,,,2342.4,18739,,,,80.0,200,,,,27.2491,6976,,,,380.0,7600,,,,15.0,7680,
3049,,,2341.2,18730,,,,80.0,200,,,,27.2185,6968,,,,380.0,7600,,,,15.0,7680,
3050,,,2340.0,18720,,,,80.0,200,,,,27.1878,6960,,,,380.0,7600,,,,15.0,7680,
3051,,,2338.8,18710,,,,80.0,200,,,,27.1572,6952,,,,380.0,7600,,,,15.0,7680,
3052,,,2337.6,18701,,,,80.0,200,,,,27.1267,6944,,,,380.0,7600,,,,15.0,7680,
3053,,,2336.4,18691,,,,80.0,200,,,,27.0963,6937,,,,380.0,7600,,,,15.0,7680,
3054,,,2335.2,18682,,,,80.0,200,,,,27.0659,6929,,,,380.0,7600,,,,15.0,7680,
3055,,,2334.0,18672,,,,80.0,200,,,,27.0355,6921,,,,380.0,7600,,,,15.0,7680,
3056,,,2332.8,18662,,,,80.0,200,,,,27.0052,6913,,,,380.0,7600,,,,15.0,7680,
3057,,,2331.6,18653,,,,80.0,200,,,,26.975,6906,,,,380.0,7600,,,,15.0,7680,
3058,,,2330.4,18643,,,,80.0,200,,,,26.9448,6898,,,,380.0,7600,,,,15.0,7680,
3059,,,2329.2,18634,,,,80.0,200,,,,26.9147,6890,,,,380.0,7600,,,,15.0,7680,
3060,,,2328.0,18624,,,,80.0,200,,,,26.8846,6882,,,,380.0,7600,,,,15.0,7680,
3061,,,2326.8,18614,,,,80.0,200,,,,26.8546,6875,,,,380.0,7600,,,,15.0,7680,
3062,,,2325.6,18605,,,,80.0,200,,,,26.8246,6867,,,,380.0,7600,,,,15.0,7680,
3063,,,2324.4,18595,,,,80.0,200,,,,26.7947,6859,,,,380.0,7600,,,,15.0,7680,
3064,,,2323.2,18586,,,,80.0,200,,,,26.7649,6852,,,,380.0,7600,,,,15.0,7680,
3065,,,2322.0,18576,,,,80.0,200,,,,26.7351,6844,,,,380.0,7600,,,,15.0,7680,
3066,,,2320.8,18566,,,,80.0,200,,,,26.7054,6837,,,,380.0,7600,,,,15.0,7680,
3067,,,2319.6,18557,,,,80.0,200,,,,26.6757,6829,,,,380.0,7600,,,,15.0,7680,
3068,,,2318.4,18547,,,,80.0,200,,,,26.6461,6821,,,,380.0,7600,,,,15.0,7680,
3069,,,2317.2,18538,,,,80.0,200,,,,26.6166,6814,,,,380.0,7600,,,,15.0,7680,
3070,,,2316.0,18528,,,,80.0,200,,,,26.5871,6806,,,,380.0,7600,,,,15.0,7680,
3071,,,2314.8,18518,,,,80.0,200,,,,26.5577,6799,,,,380.0,7600,,,,15.0,7680,
3072,,,2313.6,18509,,,,80.0,200,,,,26.5283,6791,,,,380.0,7600,,,,15.0,7680,
3073,,,2312.4,18499,,,,80.0,200,,,,26.499,6784,,,,380.0,7600,,,,15.0,7680,
3074,,,2311.2,18490,,,,80.0,200,,,,26.4697,6776,,,,380.0,7600,,,,15.0,7680,
3075,,,2310.0,18480,,,,80.0,200,,,,26.4405,6769,,,,380.0,7600,,,,15.0,7680,
3076,,,2308.8,18470,,,,80.0,200,,,,26.4113,6761,,,,380.0,7600,,,,15.0,7680,
3077,,,2307.6,18461,,,,80.0,200,,,,26.3823,6754,,,,380.0,7600,,,,15.0,7680,
3078,,,2306.4,18451,,,,80.0,200,,,,26.3532,6746,,,,380.0,7600,,,,15.0,7680,
3079,,,2305.2,18442,,,,80.0,200,,,,26.3243,6739,,,,380.0,7600,,,,15.0,7680,
3080,,,2304.0,18432,,,,80.0,200,,,,26.2953,6732,,,,380.0,7600,,,,15.0,7680,
3081,,,2302.8,18422,,,,80.0,200,,,,26.2665,6724,,,,380.0,7600,,,,15.0,7680,
3082,,,2301.6,18413,,,,80.0,200,,,,26.2377,6717,,,,380.0,7600,,,,15.0,7680,
3083,,,2300.4,18403,,,,80.0,200,,,,26.209,6709,,,,380.0,7600,,,,15.0,7680,
3084,,,2299.2,18394,,,,80.0,200,,,,26.1803,6702,,,,380.0,7600,,,,15.0,7680,
3085,,,2298.0,18384,,,,80.0,200,,,,26.1517,6695,,,,380.0,7600,,,,15.0,7680,
3086,,,2296.8,18374,,,,80.0,200,,,,26.1231,6688,,,,380.0,7600,,,,15.0,7680,
3087,,,2295.6,18365,,,,80.0,200,,,,26.0946,6680,,,,380.0,7600,,,,15.0,7680,
3088,,,2294.4,18355,,,,80.0,200,,,,26.0662,6673,,,,380.0,7600,,,,15.0,7680,
3089,,,2293.2,18346,,,,80.0,200,,,,26.0378,6666,,,,380.0,7600,,,,15.0,7680,
3090,,,2292.0,18336,,,,80.0,200,,,,26.0095,6658,,,,380.0,7600,,,,15.0,7680,
3091,,,2290.8,18326,,,,80.0,200,,,,25.9812,6651,,,,380.0,7600,,,,15.0,7680,
3092,,,2289.6,18317,,,,80.0,200,,,,25.953,6644,,,,380.0,7600,,,,15.0,7680,
3093,,,2288.4,18307,,,,80.0,200,,,,25.9248,6637,,,,380.0,7600,,,,15.0,7680,
3094,,,2287.2,18298,,,,80.0,200,,,,25.8968,6630,,,,380.0,7600,,,,15.0,7680,
3095,,,2286.0,18288,,,,80.0,200,,,,25.8687,6622,,,,380.0,7600,,,,15.0,7680,
3096,,,2284.8,18278,,,,80.0,200,,,,25.8408,6615,,,,380.0,7600,,,,15.0,7680,
3097,,,2283.6,18269,,,,80.0,200,,,,25.8129,6608,,,,380.0,7600,,,,15.0,7680,
3098,,,2282.4,18259,,,,80.0,200,,,,25.785,6601,,,,380.0,7600,,,,15.0,7680,
3099,,,2281.2,18250,,,,80.0,200,,,,25.7572,6594,,,,380.0,7600,,,,15.0,7680,
3100,,,2280.0,18240,,,,80.0,200,,,,25.7295,6587,,,,380.0,7600,,,,15.0,7680,
3101,,,2278.8,18230,,,,80.0,200,,,,25.7018,6580,,,,380.0,7600,,,,15.0,7680,
3102,,,2277.6,18221,,,,80.0,200,,,,25.6742,6573,,,,380.0,7600,,,,15.0,7680,
3103,,,2276.4,18211,,,,80.0,200,,,,25.6467,6566,,,,380.0,7600,,,,15.0,7680,
3104,,,2275.2,18202,,,,80.0,200,,,,25.6192,6559,,,,380.0,7600,,,,15.0,7680,
3105,,,2274.0,18192,,,,80.0,200,,,,25.5917,6551,,,,380.0,7600,,,,15.0,7680,
3106,,,2272.8,18182,,,,80.0,200,,,,25.5644,6544,,,,380.0,7600,,,,15.0,7680,
3107,,,2271.6,18173,,,,80.0,200,,,,25.5371,6537,,,,380.0,7600,,,,15.0,7680,
3108,,,2270.4,18163,,,,80.0,200,,,,25.5098,6531,,,,380.0,7600,,,,15.0,7680,
3109,,,2269.2,18154,,,,80.0,200,,,,25.4826,6524,,,,380.0,7600,,,,15.0,7680,
3110,,,2268.0,18144,,,,80.0,200,,,,25.4555,6517,,,,380.0,7600,,,,15.0,7680,
3111,,,2266.8,18134,,,,80.0,200,,,,25.4284,6510,,,,380.0,7600,,,,15.0,7680,
3112,,,2265.6,18125,,,,80.0,200,,,,25.4014,6503,,,,380.0,7600,,,,15.0,7680,
3113,,,2264.4,18115,,,,80.0,200,,,,25.3745,6496,,,,380.0,7600,,,,15.0,7680,
3114,,,2263.2,18106,,,,80.0,200,,,,25.3476,6489,,,,380.0,7600,,,,15.0,7680,
3115,,,2262.0,18096,,,,80.0,200,,,,25.3208,6482,,,,380.0,7600,,,,15.0,7680,
3116,,,2260.8,18086,,,,80.0,200,,,,25.294,6475,,,,380.0,7600,,,,15.0,7680,
3117,,,2259.6,18077,,,,80.0,200,,,,25.2673,6468,,,,380.0,7600,,,,15.0,7680,
3118,,,2258.4,18067,,,,80.0,200,,,,25.2407,6462,,,,380.0,7600,,,,15.0,7680,
3119,,,2257.2,18058,,,,80.0,200,,,,25.2141,6455,,,,380.0,7600,,,,15.0,7680,
3120,,,2256.0,18048,,,,80.0,200,,,,25.1876,6448,,,,380.0,7600,,,,15.0,7680,
3121,,,2254.8,18038,,,,80.0,200,,,,25.1611,6441,,,,380.0,7600,,,,15.0,7680,
3122,,,2253.6,18029,,,,80.0,200,,,,25.1347,6434,,,,380.0,7600,,,,15.0,7680,
3123,,,2252.4,18019,,,,80.0,200,,,,25.1084,6428,,,,380.0,7600,,,,15.0,7680,
3124,,,2251.2,18010,,,,80.0,200,,,,25.0821,6421,,,,380.0,7600,,,,15.0,7680,
3125,,,2250.0,18000,,,,80.0,200,,,,25.0559,6414,,,,380.0,7600,,,,15.0,7680,
3126,,,2248.8,17990,,,,80.0,200,,,,25.0298,6408,,,,380.0,7600,,,,15.0,7680,
3127,,,2247.6,17981,,,,80.0,200,,,,25.0037,6401,,,,380.0,7600,,,,15.0,7680,
3128,,,2246.4,17971,,,,80.0,200,,,,24.9776,6394,,,,380.0,7600,,,,15.0,7680,
3129,,,2245.2,17962,,,,80.0,200,,,,24.9517,6388,,,,380.0,7600,,,,15.0,7680,
3130,,,2244.0,17952,,,,80.0,200,,,,24.9258,6381,,,,380.0,7600,,,,15.0,7680,
3131,,,2242.8,17942,,,,80.0,200,,,,24.8999,6374,,,,380.0,7600,,,,15.0,7680,
3132,,,2241.6,17933,,,,80.0,200,,,,24.8742,6368,,,,380.0,7600,,,,15.0,7680,
3133,,,2240.4,17923,,,,80.0,200,,,,24.8484,6361,,,,380.0,7600,,,,15.0,7680,
3134,,,2239.2,17914,,,,80.0,200,,,,24.8228,6355,,,,380.0,7600,,,,15.0,7680,
3135,,,2238.0,17904,,,,80.0,200,,,,24.7972,6348,,,,380.0,7600,,,,15.0,7680,
3136,,,2236.8,17894,,,,80.0,200,,,,24.7717,6342,,,,380.0,7600,,,,15.0,7680,
3137,,,2235.6,17885,,,,80.0,200,,,,24.7462,6335,,,,380.0,7600,,,,15.0,7680,
3138,,,2234.4,17875,,,,80.0,200,,,,24.7208,6329,,,,380.0,7600,,,,15.0,7680,
3139,,,2233.2,17866,,,,80.0,200,,,,24.6954,6322,,,,380.0,7600,,,,15.0,7680,
3140,,,2232.0,17856,,,,80.0,200,,,,24.6702,6316,,,,380.0,7600,,,,15.0,7680,
3141,,,2230.8,17846,,,,80.0,200,,,,24.6449,6309,,,,380.0,7600,,,,15.0,7680,
3142,,,2229.6,17837,,,,80.0,200,,,,24.6198,6303,,,,380.0,7600,,,,15.0,7680,
3143,,,2228.4,17827,,,,80.0,200,,,,24.5947,6296,,,,380.0,7600,,,,15.0,7680,
3144,,,2227.2,17818,,,,80.0,200,,,,24.5697,6290,,,,380.0,7600,,,,15.0,7680,
3145,,,2226.0,17808,,,,80.0,200,,,,24.5447,6283,,,,380.0,7600,,,,15.0,7680,
3146,,,2224.8,17798,,,,80.0,200,,,,24.5198,6277,,,,380.0,7600,,,,15.0,7680,
3147,,,2223.6,17789,,,,80.0,200,,,,24.4949,6271,,,,380.0,7600,,,,15.0,7680,
3148,,,2222.4,17779,,,,80.0,200,,,,24.4702,6264,,,,380.0,7600,,,,15.0,7680,
3149,,,2221.2,17770,,,,80.0,200,,,,24.4454,6258,,,,380.0,7600,,,,15.0,7680,
3150,,,2220.0,17760,,,,80.0,200,,,,24.4208,6252,,,,380.0,7600,,,,15.0,7680,
3151,,,2218.8,17750,,,,80.0,200,,,,24.3962,6245,,,,380.0,7600,,,,15.0,7680,
3152,,,2217.6,17741,,,,80.0,200,,,,24.3717,6239,,,,380.0,7600,,,,15.0,7680,
3153,,,2216.4,17731,,,,80.0,200,,,,24.3472,6233,,,,380.0,7600,,,,15.0,7680,
3154,,,2215.2,17722,,,,80.0,200,,,,24.3228,6227,,,,380.0,7600,,,,15.0,7680,
3155,,,2214.0,17712,,,,80.0,200,,,,24.2985,6220,,,,380.0,7600,,,,15.0,7680,
3156,,,2212.8,17702,,,,80.0,200,,,,24.2742,6214,,,,380.0,7600,,,,15.0,7680,
3157,,,2211.6,17693,,,,80.0,200,,,,24.25,6208,,,,380.0,7600,,,,15.0,7680,
3158,,,2210.4,17683,,,,80.0,200,,,,24.2258,6202,,,,380.0,7600,,,,15.0,7680,
3159,,,2209.2,17674,,,,80.0,200,,,,24.2018,6196,,,,380.0,7600,,,,15.0,7680,
3160,,,2208.0,17664,,,,80.0,200,,,,24.1777,6190,,,,380.0,7600,,,,15.0,7680,
3161,,,2206.8,17654,,,,80.0,200,,,,24.1538,6183,,,,380.0,7600,,,,15.0,7680,
3162,,,2205.6,17645,,,,80.0,200,,,,24.1299,6177,,,,380.0,7600,,,,15.0,7680,
3163,,,2204.4,17635,,,,80.0,200,,,,24.1061,6171,,,,380.0,7600,,,,15.0,7680,
3164,,,2203.2,17626,,,,80.0,200,,,,24.0823,6165,,,,380.0,7600,,,,15.0,7680,
3165,,,2202.0,17616,,,,80.0,200,,,,24.0586,6159,,,,380.0,7600,,,,15.0,7680,
3166,,,2200.8,17606,,,,80.0,200,,,,24.035,6153,,,,380.0,7600,,,,15.0,7680,
3167,,,2199.6,17597,,,,80.0,200,,,,24.0114,6147,,,,380.0,7600,,,,15.0,7680,
3168,,,2198.4,17587,,,,80.0,200,,,,23.9879,6141,,,,380.0,7600,,,,15.0,7680,
3169,,,2197.2,17578,,,,80.0,200,,,,23.9644,6135,,,,380.0,7600,,,,15.0,7680,
3170,,,2196.0,17568,,,,80.0,200,,,,23.9411,6129,,,,380.0,7600,,,,15.0,7680,
3171,,,2194.8,17558,,,,80.0,200,,,,23.9177,6123,,,,380.0,7600,,,,15.0,7680,
3172,,,2193.6,17549,,,,80.0,200,,,,23.8945,6117,,,,380.0,7600,,,,15.0,7680,
3173,,,2192.4,17539,,,,80.0,200,,,,23.8713,6111,,,,380.0,7600,,,,15.0,7680,
3174,,,2191.2,17530,,,,80.0,200,,,,23.8482,6105,,,,380.0,7600,,,,15.0,7680,
3175,,,2190.0,17520,,,,80.0,200,,,,23.8251,6099,,,,380.0,7600,,,,15.0,7680,
3176,,,2188.8,17510,,,,80.0,200,,,,23.8021,6093,,,,380.0,7600,,,,15.0,7680,
3177,,,2187.6,17501,,,,80.0,200,,,,23.7792,6087,,,,380.0,7600,,,,15.0,7680,
3178,,,2186.4,17491,,,,80.0,200,,,,23.7563,6082,,,,380.0,7600,,,,15.0,7680,
3179,,,2185.2,17482,,,,80.0,200,,,,23.7335,6076,,,,380.0,7600,,,,15.0,7680,
3180,,,2184.0,17472,,,,80.0,200,,,,23.7108,6070,,,,380.0,7600,,,,15.0,7680,
3181,,,2182.8,17462,,,,80.0,200,,,,23.6881,6064,,,,380.0,7600,,,,15.0,7680,
3182,,,2181.6,17453,,,,80.0,200,,,,23.6655,6058,,,,380.0,7600,,,,15.0,7680,
3183,,,2180.4,17443,,,,80.0,200,,,,23.643,6053,,,,380.0,7600,,,,15.0,7680,
3184,,,2179.2,17434,,,,80.0,200,,,,23.6205,6047,,,,380.0,7600,,,,15.0,7680,
3185,,,2178.0,17424,,,,80.0,200,,,,23.5981,6041,,,,380.0,7600,,,,15.0,7680,
3186,,,2176.8,17414,,,,80.0,200,,,,23.5758,6035,,,,380.0,7600,,,,15.0,7680,
3187,,,2175.6,17405,,,,80.0,200,,,,23.5535,6030,,,,380.0,7600,,,,15.0,7680,
3188,,,2174.4,17395,,,,80.0,200,,,,23.5313,6024,,,,380.0,7600,,,,15.0,7680,
3189,,,2173.2,17386,,,,80.0,200,,,,23.5091,6018,,,,380.0,7600,,,,15.0,7680,
3190,,,2172.0,17376,,,,80.0,200,,,,23.487,6013,,,,380.0,7600,,,,15.0,7680,
3191,,,2170.8,17366,,,,80.0,200,,,,23.465,6007,,,,380.0,7600,,,,15.0,7680,
3192,,,2169.6,17357,,,,80.0,200,,,,23.4431,6001,,,,380.0,7600,,,,15.0,7680,
3193,,,2168.4,17347,,,,80.0,200,,,,23.4212,5996,,,,380.0,7600,,,,15.0,7680,
3194,,,2167.2,17338,,,,80.0,200,,,,23.3994,5990,,,,380.0,7600,,,,15.0,7680,
3195,,,2166.0,17328,,,,80.0,200,,,,23.3776,5985,,,,380.0,7600,,,,15.0,7680,
3196,,,2164.8,17318,,,,80.0,200,,,,23.3559,5979,,,,380.0,7600,,,,15.0,7680,
3197,,,2163.6,17309,,,,80.0,200,,,,23.3343,5974,,,,380.0,7600,,,,15.0,7680,
3198,,,2162.4,17299,,,,80.0,200,,,,23.3127,5968,,,,380.0,7600,,,,15.0,7680,
3199,,,2161.2,17290,,,,80.0,200,,,,23.2912,5963,,,,380.0,7600,,,,15.0,7680,
3200,,,2160.0,17280,,,,80.0,200,,,,23.2698,5957,,,,380.0,7600,,,,15.0,7680,
3201,,,2158.8,17270,,,,80.0,200,,,,23.2484,5952,,,,380.0,7600,,,,15.0,7680,
3202,,,2157.6,17261,,,,80.0,200,,,,23.2271,5946,,,,380.0,7600,,,,15.0,7680,
3203,,,2156.4,17251,,,,80.0,200,,,,23.2059,5941,,,,380.0,7600,,,,15.0,7680,
3204,,,2155.2,17242,,,,80.0,200,,,,23.1848,5935,,,,380.0,7600,,,,15.0,7680,
3205,,,2154.0,17232,,,,80.0,200,,,,23.1637,5930,,,,380.0,7600,,,,15.0,7680,
3206,,,2152.8,17222,,,,80.0,200,,,,23.1426,5925,,,,380.0,7600,,,,15.0,7680,
3207,,,2151.6,17213,,,,80.0,200,,,,23.1217,5919,,,,380.0,7600,,,,15.0,7680,
3208,,,2150.4,17203,,,,80.0,200,,,,23.1008,5914,,,,380.0,7600,,,,15.0,7680,
3209,,,2149.2,17194,,,,80.0,200,,,,23.0799,5908,,,,380.0,7600,,,,15.0,7680,
3210,,,2148.0,17184,,,,80.0,200,,,,23.0592,5903,,,,380.0,7600,,,,15.0,7680,
3211,,,2146.8,17174,,,,80.0,200,,,,23.0385,5898,,,,380.0,7600,,,,15.0,7680,
3212,,,2145.6,17165,,,,80.0,200,,,,23.0178,5893,,,,380.0,7600,,,,15.0,7680,
3213,,,2144.4,17155,,,,80.0,200,,,,22.9973,5887,,,,380.0,7600,,,,15.0,7680,
3214,,,2143.2,17146,,,,80.0,200,,,,22.9768,5882,,,,380.0,7600,,,,15.0,7680,
3215,,,2142.0,17136,,,,80.0,200,,,,22.9563,5877,,,,380.0,7600,,,,15.0,7680,
3216,,,2140.8,17126,,,,80.0,200,,,,22.936,5872,,,,380.0,7600,,,,15.0,7680,
3217,,,2139.6,17117,,,,80.0,200,,,,22.9157,5866,,,,380.0,7600,,,,15.0,7680,
3218,,,2138.4,17107,,,,80.0,200,,,,22.8955,5861,,,,380.0,7600,,,,15.0,7680,
3219,,,2137.2,17098,,,,80.0,200,,,,22.8753,5856,,,,380.0,7600,,,,15.0,7680,
3220,,,2136.0,17088,,,,80.0,200,,,,22.8552,5851,,,,380.0,7600,,,,15.0,7680,
3221,,,2134.8,17078,,,,80.0,200,,,,22.8352,5846,,,,380.0,7600,,,,15.0,7680,
3222,,,2133.6,17069,,,,80.0,200,,,,22.8152,5841,,,,380.0,7600,,,,15.0,7680,
3223,,,2132.4,17059,,,,80.0,200,,,,22.7953,5836,,,,380.0,7600,,,,15.0,7680,
3224,,,2131.2,17050,,,,80.0,200,,,,22.7755,5831,,,,380.0,7600,,,,15.0,7680,
3225,,,2130.0,17040,,,,80.0,200,,,,22.7557,5825,,,,380.0,7600,,,,15.0,7680,
3226,,,2128.8,17030,,,,80.0,200,,,,22.736,5820,,,,380.0,7600,,,,15.0,7680,
3227,,,2127.6,17021,,,,80.0,200,,,,22.7164,5815,,,,380.0,7600,,,,15.0,7680,
3228,,,2126.4,17011,,,,80.0,200,,,,22.6968,5810,,,,380.0,7600,,,,15.0,7680,
3229,,,2125.2,17002,,,,80.0,200,,,,22.6773,5805,,,,380.0,7600,,,,15.0,7680,
3230,,,2124.0,16992,,,,80.0,200,,,,22.6579,5800,,,,380.0,7600,,,,15.0,7680,
3231,,,2122.8,16982,,,,80.0,200,,,,22.6385,5795,,,,380.0,7600,,,,15.0,7680,
3232,,,2121.6,16973,,,,80.0,200,,,,22.6193,5791,,,,380.0,7600,,,,15.0,7680,
3233,,,2120.4,16963,,,,80.0,200,,,,22.6,5786,,,,380.0,7600,,,,15.0,7680,
3234,,,2119.2,16954,,,,80.0,200,,,,22.5809,5781,,,,380.0,7600,,,,15.0,7680,
3235,,,2118.0,16944,,,,80.0,200,,,,22.5618,5776,,,,380.0,7600,,,,15.0,7680,
3236,,,2116.8,16934,,,,80.0,200,,,,22.5428,5771,,,,380.0,7600,,,,15.0,7680,
3237,,,2115.6,16925,,,,80.0,200,,,,22.5238,5766,,,,380.0,7600,,,,15.0,7680,
3238,,,2114.4,16915,,,,80.0,200,,,,22.5049,5761,,,,380.0,7600,,,,15.0,7680,
3239,,,2113.2,16906,,,,80.0,200,,,,22.4861,5756,,,,380.0,7600,,,,15.0,7680,
3240,,,2112.0,16896,,,,80.0,200,,,,22.4674,5752,,,,380.0,7600,,,,15.0,7680,
3241,,,2110.8,16886,,,,80.0,200,,,,22.4487,5747,,,,380.0,7600,,,,15.0,7680,
3242,,,2109.6,16877,,,,80.0,200,,,,22.4301,5742,,,,380.0,7600,,,,15.0,7680,
3243,,,2108.4,16867,,,,80.0,200,,,,22.4115,5737,,,,380.0,7600,,,,15.0,7680,
3244,,,2107.2,16858,,,,80.0,200,,,,22.393,5733,,,,380.0,7600,,,,15.0,7680,
3245,,,2106.0,16848,,,,80.0,200,,,,22.3746,5728,,,,380.0,7600,,,,15.0,7680,
3246,,,2104.8,16838,,,,80.0,200,,,,22.3563,5723,,,,380.0,7600,,,,15.0,7680,
3247,,,2103.6,16829,,,,80.0,200,,,,22.338,5719,,,,380.0,7600,,,,15.0,7680,
3248,,,2102.4,16819,,,,80.0,200,,,,22.3198,5714,,,,380.0,7600,,,,15.0,7680,
3249,,,2101.2,16810,,,,80.0,200,,,,22.3017,5709,,,,380.0,7600,,,,15.0,7680,
3250,,,2100.0,16800,,,,70.0,175,,,,22.2836,5705,,,,380.0,7600,,,,15.0,7680,
3251,,,2098.8,16790,,,,70.0,175,,,,22.2656,5700,,,,380.0,7600,,,,15.0,7680,
3252,,,2097.6,16781,,,,70.0,175,,,,22.2477,5695,,,,380.0,7600,,,,15.0,7680,
3253,,,2096.4,16771,,,,70.0,175,,,,22.2298,5691,,,,380.0,7600,,,,15.0,7680,
3254,,,2095.2,16762,,,,70.0,175,,,,22.212,5686,,,,380.0,7600,,,,15.0,7680,
3255,,,2094.0,16752,,,,70.0,175,,,,22.1943,5682,,,,380.0,7600,,,,15.0,7680,
3256,,,2092.8,16742,,,,70.0,175,,,,22.1766,5677,,,,380.0,7600,,,,15.0,7680,
3257,,,2091.6,16733,,,,70.0,175,,,,22.1591,5673,,,,380.0,7600,,,,15.0,7680,
3258,,,2090.4,16723,,,,70.0,175,,,,22.1415,5668,,,,380.0,7600,,,,15.0,7680,
3259,,,2089.2,16714,,,,70.0,175,,,,22.1241,5664,,,,380.0,7600,,,,15.0,7680,
3260,,,2088.0,16704,,,,70.0,175,,,,22.1067,5659,,,,380.0,7600,,,,15.0,7680,
3261,,,2086.8,16694,,,,70.0,175,,,,22.0894,5655,,,,380.0,7600,,,,15.0,7680,
3262,,,2085.6,16685,,,,70.0,175,,,,22.0721,5650,,,,380.0,7600,,,,15.0,7680,
3263,,,2084.4,16675,,,,70.0,175,,,,22.055,5646,,,,380.0,7600,,,,15.0,7680,
3264,,,2083.2,16666,,,,70.0,175,,,,22.0379,5642,,,,380.0,7600,,,,15.0,7680,
3265,,,2082.0,16656,,,,70.0,175,,,,22.0208,5637,,,,380.0,7600,,,,15.0,7680,
3266,,,2080.8,16646,,,,70.0,175,,,,22.0039,5633,,,,380.0,7600,,,,15.0,7680,
3267,,,2079.6,16637,,,,70.0,175,,,,21.987,5629,,,,380.0,7600,,,,15.0,7680,
3268,,,2078.4,16627,,,,70.0,175,,,,21.9701,5624,,,,380.0,7600,,,,15.0,7680,
3269,,,2077.2,16618,,,,70.0,175,,,,21.9534,5620,,,,380.0,7600,,,,15.0,7680,
3270,,,2076.0,16608,,,,70.0,175,,,,21.9367,5616,,,,380.0,7600,,,,15.0,7680,
3271,,,2074.8,16598,,,,70.0,175,,,,21.9201,5612,,,,380.0,7600,,,,15.0,7680,
3272,,,2073.6,16589,,,,70.0,175,,,,21.9035,5607,,,,380.0,7600,,,,15.0,7680,
3273,,,2072.4,16579,,,,70.0,175,,,,21.887,5603,,,,380.0,7600,,,,15.0,7680,
3274,,,2071.2,16570,,,,70.0,175,,,,21.8706,5599,,,,380.0,7600,,,,15.0,7680,
3275,,,2070.0,16560,,,,70.0,175,,,,21.8543,5595,,,,380.0,7600,,,,15.0,7680,
3276,,,2068.8,16550,,,,70.0,175,,,,21.838,5591,,,,380.0,7600,,,,15.0,7680,
3277,,,2067.6,16541,,,,70.0,175,,,,21.8218,5586,,,,380.0,7600,,,,15.0,7680,
3278,,,2066.4,16531,,,,70.0,175,,,,21.8056,5582,,,,380.0,7600,,,,15.0,7680,
3279,,,2065.2,16522,,,,70.0,175,,,,21.7896,5578,,,,380.0,7600,,,,15.0,7680,
3280,,,2064.0,16512,,,,70.0,175,,,,21.7736,5574,,,,380.0,7600,,,,15.0,7680,
3281,,,2062.8,16502,,,,70.0,175,,,,21.7576,5570,,,,380.0,7600,,,,15.0,7680,
3282,,,2061.6,16493,,,,70.0,175,,,,21.7418,5566,,,,380.0,7600,,,,15.0,7680,
3283,,,2060.4,16483,,,,70.0,175,,,,21.726,5562,,,,380.0,7600,,,,15.0,7680,
3284,,,2059.2,16474,,,,70.0,175,,,,21.7103,5558,,,,380.0,7600,,,,15.0,7680,
3285,,,2058.0,16464,,,,70.0,175,,,,21.6946,5554,,,,380.0,7600,,,,15.0,7680,
3286,,,2056.8,16454,,,,70.0,175,,,,21.6791,5550,,,,380.0,7600,,,,15.0,7680,
3287,,,2055.6,16445,,,,70.0,175,,,,21.6635,5546,,,,380.0,7600,,,,15.0,7680,
3288,,,2054.4,16435,,,,70.0,175,,,,21.6481,5542,,,,380.0,7600,,,,15.0,7680,
3289,,,2053.2,16426,,,,70.0,175,,,,21.6327,5538,,,,380.0,7600,,,,15.0,7680,
3290,,,2052.0,16416,,,,70.0,175,,,,21.6174,5534,,,,380.0,7600,,,,15.0,7680,
3291,,,2050.8,16406,,,,70.0,175,,,,21.6022,5530,,,,380.0,7600,,,,15.0,7680,
3292,,,2049.6,16397,,,,70.0,175,,,,21.5871,5526,,,,380.0,7600,,,,15.0,7680,
3293,,,2048.4,16387,,,,70.0,175,,,,21.572,5522,,,,380.0,7600,,,,15.0,7680,
3294,,,2047.2,16378,,,,70.0,175,,,,21.5569,5519,,,,380.0,7600,,,,15.0,7680,
3295,,,2046.0,16368,,,,70.0,175,,,,21.542,5515,,,,380.0,7600,,,,15.0,7680,
3296,,,2044.8,16358,,,,70.0,175,,,,21.5271,5511,,,,380.0,7600,,,,15.0,7680,
3297,,,2043.6,16349,,,,70.0,175,,,,21.5123,5507,,,,380.0,7600,,,,15.0,7680,
3298,,,2042.4,16339,,,,70.0,175,,,,21.4976,5503,,,,380.0,7600,,,,15.0,7680,
3299,,,2041.2,16330,,,,70.0,175,,,,21.4829,5500,,,,380.0,7600,,,,15.0,7680,
3300,,,2040.0,16320,,,,70.0,175,,,,21.4683,5496,,,,380.0,7600,,,,15.0,7680,
3301,,,2038.8,16310,,,,70.0,175,,,,21.4538,5492,,,,380.0,7600,,,,15.0,7680,
3302,,,2037.6,16301,,,,70.0,175,,,,21.4393,5488,,,,380.0,7600,,,,15.0,7680,
3303,,,2036.4,16291,,,,70.0,175,,,,21.4249,5485,,,,380.0,7600,,,,15.0,7680,
3304,,,2035.2,16282,,,,70.0,175,,,,21.4106,5481,,,,380.0,7600,,,,15.0,7680,
3305,,,2034.0,16272,,,,70.0,175,,,,21.3964,5477,,,,380.0,7600,,,,15.0,7680,
3306,,,2032.8,16262,,,,70.0,175,,,,21.3822,5474,,,,380.0,7600,,,,15.0,7680,
3307,,,2031.6,16253,,,,70.0,175,,,,21.3681,5470,,,,380.0,7600,,,,15.0,7680,
3308,,,2030.4,16243,,,,70.0,175,,,,21.3541,5467,,,,380.0,7600,,,,15.0,7680,
3309,,,2029.2,16234,,,,70.0,175,,,,21.3401,5463,,,,380.0,7600,,,,15.0,7680,
3310,,,2028.0,16224,,,,70.0,175,,,,21.3262,5460,,,,380.0,7600,,,,15.0,7680,
3311,,,2026.8,16214,,,,70.0,175,,,,21.3124,5456,,,,380.0,7600,,,,15.0,7680,
3312,,,2025.6,16205,,,,70.0,175,,,,21.2986,5452,,,,380.0,7600,,,,15.0,7680,
3313,,,2024.4,16195,,,,70.0,175,,,,21.285,5449,,,,380.0,7600,,,,15.0,7680,
3314,,,2023.2,16186,,,,70.0,175,,,,21.2714,5445,,,,380.0,7600,,,,15.0,7680,
3315,,,2022.0,16176,,,,70.0,175,,,,21.2578,5442,,,,380.0,7600,,,,15.0,7680,
3316,,,2020.8,16166,,,,70.0,175,,,,21.2443,5439,,,,380.0,7600,,,,15.0,7680,
3317,,,2019.6,16157,,,,70.0,175,,,,21.231,5435,,,,380.0,7600,,,,15.0,7680,
3318,,,2018.4,16147,,,,70.0,175,,,,21.2176,5432,,,,380.0,7600,,,,15.0,7680,
3319,,,2017.2,16138,,,,70.0,175,,,,21.2044,5428,,,,380.0,7600,,,,15.0,7680,
3320,,,2016.0,16128,,,,70.0,175,,,,21.1912,5425,,,,380.0,7600,,,,15.0,7680,
3321,,,2014.8,16118,,,,70.0,175,,,,21.1781,5422,,,,380.0,7600,,,,15.0,7680,
3322,,,2013.6,16109,,,,70.0,175,,,,21.165,5418,,,,380.0,7600,,,,15.0,7680,
3323,,,2012.4,16099,,,,70.0,175,,,,21.1521,5415,,,,380.0,7600,,,,15.0,7680,
3324,,,2011.2,16090,,,,70.0,175,,,,21.1392,5412,,,,380.0,7600,,,,15.0,7680,
3325,,,2010.0,16080,,,,70.0,175,,,,21.1263,5408,,,,380.0,7600,,,,15.0,7680,
3326,,,2008.8,16070,,,,70.0,175,,,,21.1136,5405,,,,380.0,7600,,,,15.0,7680,
3327,,,2007.6,16061,,,,70.0,175,,,,21.1009,5402,,,,380.0,7600,,,,15.0,7680,
3328,,,2006.4,16051,,,,70.0,175,,,,21.0883,5399,,,,380.0,7600,,,,15.0,7680,
3329,,,2005.2,16042,,,,70.0,175,,,,21.0757,5395,,,,380.0,7600,,,,15.0,7680,
3330,,,2004.0,16032,,,,70.0,175,,,,21.0633,5392,,,,380.0,7600,,,,15.0,7680,
3331,,,2002.8,16022,,,,70.0,175,,,,21.0509,5389,,,,380.0,7600,,,,15.0,7680,
3332,,,2001.6,16013,,,,70.0,175,,,,21.0386,5386,,,,380.0,7600,,,,15.0,7680,
3333,,,2000.4,16003,,,,70.0,175,,,,21.0263,5383,,,,380.0,7600,,,,15.0,7680,
3334,,,1999.2,15994,,,,70.0,175,,,,21.0141,5380,,,,380.0,7600,,,,15.0,7680,
3335,,,1998.0,15984,,,,70.0,175,,,,21.002,5377,,,,380.0,7600,,,,15.0,7680,
3336,,,1996.8,15974,,,,70.0,175,,,,20.99,5373,,,,380.0,7600,,,,15.0,7680,
3337,,,1995.6,15965,,,,70.0,175,,,,20.978,5370,,,,380.0,7600,,,,15.0,7680,
3338,,,1994.4,15955,,,,70.0,175,,,,20.9661,5367,,,,380.0,7600,,,,15.0,7680,
3339,,,1993.2,15946,,,,70.0,175,,,,20.9543,5364,,,,380.0,7600,,,,15.0,7680,
3340,,,1992.0,15936,,,,70.0,175,,,,20.9425,5361,,,,380.0,7600,,,,15.0,7680,
3341,,,1990.8,15926,,,,70.0,175,,,,20.9308,5358,,,,380.0,7600,,,,15.0,7680,
3342,,,1989.6,15917,,,,70.0,175,,,,20.9192,5355,,,,380.0,7600,,,,15.0,7680,
3343,,,1988.4,15907,,,,70.0,175,,,,20.9077,5352,,,,380.0,7600,,,,15.0,7680,
3344,,,1987.2,15898,,,,70.0,175,,,,20.8962,5349,,,,380.0,7600,,,,15.0,7680,
3345,,,1986.0,15888,,,,70.0,175,,,,20.8848,5347,,,,380.0,7600,,,,15.0,7680,
3346,,,1984.8,15878,,,,70.0,175,,,,20.8735,5344,,,,380.0,7600,,,,15.0,7680,
3347,,,1983.6,15869,,,,70.0,175,,,,20.8622,5341,,,,380.0,7600,,,,15.0,7680,
3348,,,1982.4,15859,,,,70.0,175,,,,20.851,5338,,,,380.0,7600,,,,15.0,7680,
3349,,,1981.2,15850,,,,70.0,175,,,,20.8399,5335,,,,380.0,7600,,,,15.0,7680,
3350,,,1980.0,15840,,,,70.0,175,,,,20.8289,5332,,,,380.0,7600,,,,15.0,7680,
3351,,,1978.8,15830,,,,70.0,175,,,,20.8179,5329,,,,380.0,7600,,,,15.0,7680,
3352,,,1977.6,15821,,,,70.0,175,,,,20.807,5327,,,,380.0,7600,,,,15.0,7680,
3353,,,1976.4,15811,,,,70.0,175,,,,20.7962,5324,,,,380.0,7600,,,,15.0,7680,
3354,,,1975.2,15802,,,,70.0,175,,,,20.7855,5321,,,,380.0,7600,,,,15.0,7680,
3355,,,1974.0,15792,,,,70.0,175,,,,20.7748,5318,,,,380.0,7600,,,,15.0,7680,
3356,,,1972.8,15782,,,,70.0,175,,,,20.7642,5316,,,,380.0,7600,,,,15.0,7680,
3357,,,1971.6,15773,,,,70.0,175,,,,20.7537,5313,,,,380.0,7600,,,,15.0,7680,
3358,,,1970.4,15763,,,,70.0,175,,,,20.7432,5310,,,,380.0,7600,,,,15.0,7680,
3359,,,1969.2,15754,,,,70.0,175,,,,20.7328,5308,,,,380.0,7600,,,,15.0,7680,
3360,,,1968.0,15744,,,,70.0,175,,,,20.7225,5305,,,,380.0,7600,,,,15.0,7680,
3361,,,1966.8,15734,,,,70.0,175,,,,20.7123,5302,,,,380.0,7600,,,,15.0,7680,
3362,,,1965.6,15725,,,,70.0,175,,,,20.7021,5300,,,,380.0,7600,,,,15.0,7680,
3363,,,1964.4,15715,,,,70.0,175,,,,20.692,5297,,,,380.0,7600,,,,15.0,7680,
3364,,,1963.2,15706,,,,70.0,175,,,,20.682,5295,,,,380.0,7600,,,,15.0,7680,
3365,,,1962.0,15696,,,,70.0,175,,,,20.672,5292,,,,380.0,7600,,,,15.0,7680,
3366,,,1960.8,15686,,,,70.0,175,,,,20.6621,5290,,,,380.0,7600,,,,15.0,7680,
3367,,,1959.6,15677,,,,70.0,175,,,,20.6523,5287,,,,380.0,7600,,,,15.0,7680,
3368,,,1958.4,15667,,,,70.0,175,,,,20.6426,5284,,,,380.0,7600,,,,15.0,7680,
3369,,,1957.2,15658,,,,70.0,175,,,,20.6329,5282,,,,380.0,7600,,,,15.0,7680,
3370,,,1956.0,15648,,,,70.0,175,,,,20.6233,5280,,,,380.0,7600,,,,15.0,7680,
3371,,,1954.8,15638,,,,70.0,175,,,,20.6138,5277,,,,380.0,7600,,,,15.0,7680,
3372,,,1953.6,15629,,,,70.0,175,,,,20.6043,5275,,,,380.0,7600,,,,15.0,7680,
3373,,,1952.4,15619,,,,70.0,175,,,,20.595,5272,,,,380.0,7600,,,,15.0,7680,
3374,,,1951.2,15610,,,,70.0,175,,,,20.5857,5270,,,,380.0,7600,,,,15.0,7680,
3375,,,1950.0,15600,,,,70.0,175,,,,20.5764,5268,,,,380.0,7600,,,,15.0,7680,
3376,,,1948.8,15590,,,,70.0,175,,,,20.5673,5265,,,,380.0,7600,,,,15.0,7680,
3377,,,1947.6,15581,,,,70.0,175,,,,20.5582,5263,,,,380.0,7600,,,,15.0,7680,
3378,,,1946.4,15571,,,,70.0,175,,,,20.5492,5261,,,,380.0,7600,,,,15.0,7680,
3379,,,1945.2,15562,,,,70.0,175,,,,20.5402,5258,,,,380.0,7600,,,,15.0,7680,
3380,,,1944.0,15552,,,,70.0,175,,,,20.5314,5256,,,,380.0,7600,,,,15.0,7680,
3381,,,1942.8,15542,,,,70.0,175,,,,20.5226,5254,,,,380.0,7600,,,,15.0,7680,
3382,,,1941.6,15533,,,,70.0,175,,,,20.5139,5252,,,,380.0,7600,,,,15.0,7680,
3383,,,1940.4,15523,,,,70.0,175,,,,20.5052,5249,,,,380.0,7600,,,,15.0,7680,
3384,,,1939.2,15514,,,,70.0,175,,,,20.4966,5247,,,,380.0,7600,,,,15.0,7680,
3385,,,1938.0,15504,,,,70.0,175,,,,20.4881,5245,,,,380.0,7600,,,,15.0,7680,
3386,,,1936.8,15494,,,,70.0,175,,,,20.4797,5243,,,,380.0,7600,,,,15.0,7680,
3387,,,1935.6,15485,,,,70.0,175,,,,20.4714,5241,,,,380.0,7600,,,,15.0,7680,
3388,,,1934.4,15475,,,,70.0,175,,,,20.4631,5239,,,,380.0,7600,,,,15.0,7680,
3389,,,1933.2,15466,,,,70.0,175,,,,20.4549,5236,,,,380.0,7600,,,,15.0,7680,
3390,,,1932.0,15456,,,,70.0,175,,,,20.4467,5234,,,,380.0,7600,,,,15.0,7680,
3391,,,1930.8,15446,,,,70.0,175,,,,20.4387,5232,,,,380.0,7600,,,,15.0,7680,
3392,,,1929.6,15437,,,,70.0,175,,,,20.4307,5230,,,,380.0,7600,,,,15.0,7680,
3393,,,1928.4,15427,,,,70.0,175,,,,20.4227,5228,,,,380.0,7600,,,,15.0,7680,
3394,,,1927.2,15418,,,,70.0,175,,,,20.4149,5226,,,,380.0,7600,,,,15.0,7680,
3395,,,1926.0,15408,,,,70.0,175,,,,20.4071,5224,,,,380.0,7600,,,,15.0,7680,
3396,,,1924.8,15398,,,,70.0,175,,,,20.3994,5222,,,,380.0,7600,,,,15.0,7680,
3397,,,1923.6,15389,,,,70.0,175,,,,20.3918,5220,,,,380.0,7600,,,,15.0,7680,
3398,,,1922.4,15379,,,,70.0,175,,,,20.3842,5218,,,,380.0,7600,,,,15.0,7680,
3399,,,1921.2,15370,,,,70.0,175,,,,20.3768,5216,,,,380.0,7600,,,,15.0,7680,
3400,,,1920.0,15360,,,,70.0,175,,,,20.3693,5215,,,,380.0,7600,,,,15.0,7680,
3401,,,1918.8,15350,,,,70.0,175,,,,20.362,5213,,,,380.0,7600,,,,15.0,7680,
3402,,,1917.6,15341,,,,70.0,175,,,,20.3548,5211,,,,380.0,7600,,,,15.0,7680,
3403,,,1916.4,15331,,,,70.0,175,,,,20.3476,5209,,,,380.0,7600,,,,15.0,7680,
3404,,,1915.2,15322,,,,70.0,175,,,,20.3404,5207,,,,380.0,7600,,,,15.0,7680,
3405,,,1914.0,15312,,,,70.0,175,,,,20.3334,5205,,,,380.0,7600,,,,15.0,7680,
3406,,,1912.8,15302,,,,70.0,175,,,,20.3264,5204,,,,380.0,7600,,,,15.0,7680,
3407,,,1911.6,15293,,,,70.0,175,,,,20.3195,5202,,,,380.0,7600,,,,15.0,7680,
3408,,,1910.4,15283,,,,70.0,175,,,,20.3127,5200,,,,380.0,7600,,,,15.0,7680,
3409,,,1909.2,15274,,,,70.0,175,,,,20.306,5198,,,,380.0,7600,,,,15.0,7680,
3410,,,1908.0,15264,,,,70.0,175,,,,20.2993,5197,,,,380.0,7600,,,,15.0,7680,
3411,,,1906.8,15254,,,,70.0,175,,,,20.2927,5195,,,,380.0,7600,,,,15.0,7680,
3412,,,1905.6,15245,,,,70.0,175,,,,20.2862,5193,,,,380.0,7600,,,,15.0,7680,
3413,,,1904.4,15235,,,,70.0,175,,,,20.2797,5192,,,,380.0,7600,,,,15.0,7680,
3414,,,1903.2,15226,,,,70.0,175,,,,20.2733,5190,,,,380.0,7600,,,,15.0,7680,
3415,,,1902.0,15216,,,,70.0,175,,,,20.267,5188,,,,380.0,7600,,,,15.0,7680,
3416,,,1900.8,15206,,,,70.0,175,,,,20.2608,5187,,,,380.0,7600,,,,15.0,7680,
3417,,,1899.6,15197,,,,70.0,175,,,,20.2546,5185,,,,380.0,7600,,,,15.0,7680,
3418,,,1898.4,15187,,,,70.0,175,,,,20.2485,5184,,,,380.0,7600,,,,15.0,7680,
3419,,,1897.2,15178,,,,70.0,175,,,,20.2425,5182,,,,380.0,7600,,,,15.0,7680,
3420,,,1896.0,15168,,,,70.0,175,,,,20.2366,5181,,,,380.0,7600,,,,15.0,7680,
3421,,,1894.8,15158,,,,70.0,175,,,,20.2307,5179,,,,380.0,7600,,,,15.0,7680,
3422,,,1893.6,15149,,,,70.0,175,,,,20.2249,5178,,,,380.0,7600,,,,15.0,7680,
3423,,,1892.4,15139,,,,70.0,175,,,,20.2192,5176,,,,380.0,7600,,,,15.0,7680,
3424,,,1891.2,15130,,,,70.0,175,,,,20.2135,5175,,,,380.0,7600,,,,15.0,7680,
3425,,,1890.0,15120,,,,70.0,175,,,,20.2079,5173,,,,380.0,7600,,,,15.0,7680,
3426,,,1888.8,15110,,,,70.0,175,,,,20.2024,5172,,,,380.0,7600,,,,15.0,7680,
3427,,,1887.6,15101,,,,70.0,175,,,,20.197,5170,,,,380.0,7600,,,,15.0,7680,
3428,,,1886.4,15091,,,,70.0,175,,,,20.1917,5169,,,,380.0,7600,,,,15.0,7680,
3429,,,1885.2,15082,,,,70.0,175,,,,20.1864,5168,,,,380.0,7600,,,,15.0,7680,
3430,,,1884.0,15072,,,,70.0,175,,,,20.1812,5166,,,,380.0,7600,,,,15.0,7680,
3431,,,1882.8,15062,,,,70.0,175,,,,20.176,5165,,,,380.0,7600,,,,15.0,7680,
3432,,,1881.6,15053,,,,70.0,175,,,,20.171,5164,,,,380.0,7600,,,,15.0,7680,
3433,,,1880.4,15043,,,,70.0,175,,,,20.166,5162,,,,380.0,7600,,,,15.0,7680,
3434,,,1879.2,15034,,,,70.0,175,,,,20.1611,5161,,,,380.0,7600,,,,15.0,7680,
3435,,,1878.0,15024,,,,70.0,175,,,,20.1562,5160,,,,380.0,7600,,,,15.0,7680,
3436,,,1876.8,15014,,,,70.0,175,,,,20.1515,5159,,,,380.0,7600,,,,15.0,7680,
3437,,,1875.6,15005,,,,70.0,175,,,,20.1468,5158,,,,380.0,7600,,,,15.0,7680,
3438,,,1874.4,14995,,,,70.0,175,,,,20.1422,5156,,,,380.0,7600,,,,15.0,7680,
3439,,,1873.2,14986,,,,70.0,175,,,,20.1376,5155,,,,380.0,7600,,,,15.0,7680,
3440,,,1872.0,14976,,,,70.0,175,,,,20.1331,5154,,,,380.0,7600,,,,15.0,7680,
3441,,,1870.8,14966,,,,70.0,175,,,,20.1287,5153,,,,380.0,7600,,,,15.0,7680,
3442,,,1869.6,14957,,,,70.0,175,,,,20.1244,5152,,,,380.0,7600,,,,15.0,7680,
3443,,,1868.4,14947,,,,70.0,175,,,,20.1202,5151,,,,380.0,7600,,,,15.0,7680,
3444,,,1867.2,14938,,,,70.0,175,,,,20.116,5150,,,,380.0,7600,,,,15.0,7680,
3445,,,1866.0,14928,,,,70.0,175,,,,20.1119,5149,,,,380.0,7600,,,,15.0,7680,
3446,,,1864.8,14918,,,,70.0,175,,,,20.1079,5148,,,,380.0,7600,,,,15.0,7680,
3447,,,1863.6,14909,,,,70.0,175,,,,20.1039,5147,,,,380.0,7600,,,,15.0,7680,
3448,,,1862.4,14899,,,,70.0,175,,,,20.1,5146,,,,380.0,7600,,,,15.0,7680,
3449,,,1861.2,14890,,,,70.0,175,,,,20.0962,5145,,,,380.0,7600,,,,15.0,7680,
3450,,,1860.0,14880,,,,70.0,175,,,,20.0925,5144,,,,380.0,7600,,,,15.0,7680,
3451,,,1858.8,14870,,,,70.0,175,,,,20.0888,5143,,,,380.0,7600,,,,15.0,7680,
3452,,,1857.6,14861,,,,70.0,175,,,,20.0852,5142,,,,380.0,7600,,,,15.0,7680,
3453,,,1856.4,14851,,,,70.0,175,,,,20.0817,5141,,,,380.0,7600,,,,15.0,7680,
3454,,,1855.2,14842,,,,70.0,175,,,,20.0783,5140,,,,380.0,7600,,,,15.0,7680,
3455,,,1854.0,14832,,,,70.0,175,,,,20.0749,5139,,,,380.0,7600,,,,15.0,7680,
3456,,,1852.8,14822,,,,70.0,175,,,,20.0716,5138,,,,380.0,7600,,,,15.0,7680,
3457,,,1851.6,14813,,,,70.0,175,,,,20.0684,5138,,,,380.0,7600,,,,15.0,7680,
3458,,,1850.4,14803,,,,70.0,175,,,,20.0653,5137,,,,380.0,7600,,,,15.0,7680,
3459,,,1849.2,14794,,,,70.0,175,,,,20.0622,5136,,,,380.0,7600,,,,15.0,7680,
3460,,,1848.0,14784,,,,70.0,175,,,,20.0592,5135,,,,380.0,7600,,,,15.0,7680,
3461,,,1846.8,14774,,,,70.0,175,,,,20.0563,5134,,,,380.0,7600,,,,15.0,7680,
3462,,,1845.6,14765,,,,70.0,175,,,,20.0534,5134,,,,380.0,7600,,,,15.0,7680,
3463,,,1844.4,14755,,,,70.0,175,,,,20.0507,5133,,,,380.0,7600,,,,15.0,7680,
3464,,,1843.2,14746,,,,70.0,175,,,,20.048,5132,,,,380.0,7600,,,,15.0,7680,
3465,,,1842.0,14736,,,,70.0,175,,,,20.0453,5132,,,,380.0,7600,,,,15.0,7680,
3466,,,1840.8,14726,,,,70.0,175,,,,20.0428,5131,,,,380.0,7600,,,,15.0,7680,
3467,,,1839.6,14717,,,,70.0,175,,,,20.0403,5130,,,,380.0,7600,,,,15.0,7680,
3468,,,1838.4,14707,,,,70.0,175,,,,20.0379,5130,,,,380.0,7600,,,,15.0,7680,
3469,,,1837.2,14698,,,,70.0,175,,,,20.0356,5129,,,,380.0,7600,,,,15.0,7680,
3470,,,1836.0,14688,,,,70.0,175,,,,20.0333,5129,,,,380.0,7600,,,,15.0,7680,
3471,,,1834.8,14678,,,,70.0,175,,,,20.0311,5128,,,,380.0,7600,,,,15.0,7680,
3472,,,1833.6,14669,,,,70.0,175,,,,20.029,5127,,,,380.0,7600,,,,15.0,7680,
3473,,,1832.4,14659,,,,70.0,175,,,,20.027,5127,,,,380.0,7600,,,,15.0,7680,
3474,,,1831.2,14650,,,,70.0,175,,,,20.025,5126,,,,380.0,7600,,,,15.0,7680,
3475,,,1830.0,14640,,,,70.0,175,,,,20.0231,5126,,,,380.0,7600,,,,15.0,7680,
3476,,,1828.8,14630,,,,70.0,175,,,,20.0213,5125,,,,380.0,7600,,,,15.0,7680,
3477,,,1827.6,14621,,,,70.0,175,,,,20.0196,5125,,,,380.0,7600,,,,15.0,7680,
3478,,,1826.4,14611,,,,70.0,175,,,,20.0179,5125,,,,380.0,7600,,,,15.0,7680,
3479,,,1825.2,14602,,,,70.0,175,,,,20.0163,5124,,,,380.0,7600,,,,15.0,7680,
3480,,,1824.0,14592,,,,70.0,175,,,,20.0148,5124,,,,380.0,7600,,,,15.0,7680,
3481,,,1822.8,14582,,,,70.0,175,,,,20.0134,5123,,,,380.0,7600,,,,15.0,7680,
3482,,,1821.6,14573,,,,70.0,175,,,,20.012,5123,,,,380.0,7600,,,,15.0,7680,
3483,,,1820.4,14563,,,,70.0,175,,,,20.0107,5123,,,,380.0,7600,,,,15.0,7680,
3484,,,1819.2,14554,,,,70.0,175,,,,20.0095,5122,,,,380.0,7600,,,,15.0,7680,
3485,,,1818.0,14544,,,,70.0,175,,,,20.0083,5122,,,,380.0,7600,,,,15.0,7680,
3486,,,1816.8,14534,,,,70.0,175,,,,20.0073,5122,,,,380.0,7600,,,,15.0,7680,
3487,,,1815.6,14525,,,,70.0,175,,,,20.0063,5122,,,,380.0,7600,,,,15.0,7680,
3488,,,1814.4,14515,,,,70.0,175,,,,20.0053,5121,,,,380.0,7600,,,,15.0,7680,
3489,,,1813.2,14506,,,,70.0,175,,,,20.0045,5121,,,,380.0,7600,,,,15.0,7680,
3490,,,1812.0,14496,,,,70.0,175,,,,20.0037,5121,,,,380.0,7600,,,,15.0,7680,
3491,,,1810.8,14486,,,,70.0,175,,,,20.003,5121,,,,380.0,7600,,,,15.0,7680,
3492,,,1809.6,14477,,,,70.0,175,,,,20.0024,5121,,,,380.0,7600,,,,15.0,7680,
3493,,,1808.4,14467,,,,70.0,175,,,,20.0018,5120,,,,380.0,7600,,,,15.0,7680,
3494,,,1807.2,14458,,,,70.0,175,,,,20.0013,5120,,,,380.0,7600,,,,15.0,7680,
3495,,,1806.0,14448,,,,70.0,175,,,,20.0009,5120,,,,380.0,7600,,,,15.0,7680,
3496,,,1804.8,14438,,,,70.0,175,,,,20.0006,5120,,,,380.0,7600,,,,15.0,7680,
3497,,,1803.6,14429,,,,70.0,175,,,,20.0003,5120,,,,380.0,7600,,,,15.0,7680,
3498,,,1802.4,14419,,,,70.0,175,,,,20.0001,5120,,,,380.0,7600,,,,15.0,7680,
3499,,,1801.2,14410,,,,70.0,175,,,,20.0,5120,,,,380.0,7600,,,,15.0,7680,
3500,,,1800.0,14400,,,,60.0,150,,,,20.0,5120,,,,380.0,7600,,,,15.0,7680,
3501,,,1798.8,14390,,,,60.0,150,,,,20.0,5120,,,,380.0,7600,,,,15.0,7680,
3502,,,1797.6,14381,,,,60.0,150,,,,20.0001,5120,,,,380.0,7600,,,,15.0,7680,
3503,,,1796.4,14371,,,,60.0,150,,,,20.0003,5120,,,,380.0,7600,,,,15.0,7680,
3504,,,1795.2,14362,,,,60.0,150,,,,20.0006,5120,,,,380.0,7600,,,,15.0,7680,
3505,,,1794.0,14352,,,,60.0,150,,,,20.0009,5120,,,,380.0,7600,,,,15.0,7680,
3506,,,1792.8,14342,,,,60.0,150,,,,20.0013,5120,,,,380.0,7600,,,,15.0,7680,
3507,,,1791.6,14333,,,,60.0,150,,,,20.0018,5120,,,,380.0,7600,,,,15.0,7680,
3508,,,1790.4,14323,,,,60.0,150,,,,20.0024,5121,,,,380.0,7600,,,,15.0,7680,
3509,,,1789.2,14314,,,,60.0,150,,,,20.003,5121,,,,380.0,7600,,,,15.0,7680,
3510,,,1788.0,14304,,,,60.0,150,,,,20.0037,5121,,,,380.0,7600,,,,15.0,7680,
3511,,,1786.8,14294,,,,60.0,150,,,,20.0045,5121,,,,380.0,7600,,,,15.0,7680,
3512,,,1785.6,14285,,,,60.0,150,,,,20.0053,5121,,,,380.0,7600,,,,15.0,7680,
3513,,,1784.4,14275,,,,60.0,150,,,,20.0063,5122,,,,380.0,7600,,,,15.0,7680,
3514,,,1783.2,14266,,,,60.0,150,,,,20.0073,5122,,,,380.0,7600,,,,15.0,7680,
3515,,,1782.0,14256,,,,60.0,150,,,,20.0083,5122,,,,380.0,7600,,,,15.0,7680,
3516,,,1780.8,14246,,,,60.0,150,,,,20.0095,5122,,,,380.0,7600,,,,15.0,7680,
3517,,,1779.6,14237,,,,60.0,150,,,,20.0107,5123,,,,380.0,7600,,,,15.0,7680,
3518,,,1778.4,14227,,,,60.0,150,,,,20.012,5123,,,,380.0,7600,,,,15.0,7680,
3519,,,1777.2,14218,,,,60.0,150,,,,20.0134,5123,,,,380.0,7600,,,,15.0,7680,
3520,,,1776.0,14208,,,,60.0,150,,,,20.0148,5124,,,,380.0,7600,,,,15.0,7680,
3521,,,1774.8,14198,,,,60.0,150,,,,20.0163,5124,,,,380.0,7600,,,,15.0,7680,
3522,,,1773.6,14189,,,,60.0,150,,,,20.0179,5125,,,,380.0,7600,,,,15.0,7680,
3523,,,1772.4,14179,,,,60.0,150,,,,20.0196,5125,,,,380.0,7600,,,,15.0,7680,
3524,,,1771.2,14170,,,,60.0,150,,,,20.0213,5125,,,,380.0,7600,,,,15.0,7680,
3525,,,1770.0,14160,,,,60.0,150,,,,20.0231,5126,,,,380.0,7600,,,,15.0,7680,
3526,,,1768.8,14150,,,,60.0,150,,,,20.025,5126,,,,380.0,7600,,,,15.0,7680,
3527,,,1767.6,14141,,,,60.0,150,,,,20.027,5127,,,,380.0,7600,,,,15.0,7680,
3528,,,1766.4,14131,,,,60.0,150,,,,20.029,5127,,,,380.0,7600,,,,15.0,7680,
3529,,,1765.2,14122,,,,60.0,150,,,,20.0311,5128,,,,380.0,7600,,,,15.0,7680,
3530,,,1764.0,14112,,,,60.0,150,,,,20.0333,5129,,,,380.0,7600,,,,15.0,7680,
3531,,,1762.8,14102,,,,60.0,150,,,,20.0356,5129,,,,380.0,7600,,,,15.0,7680,
3532,,,1761.6,14093,,,,60.0,150,,,,20.0379,5130,,,,380.0,7600,,,,15.0,7680,
3533,,,1760.4,14083,,,,60.0,150,,,,20.0403,5130,,,,380.0,7600,,,,15.0,7680,
3534,,,1759.2,14074,,,,60.0,150,,,,20.0428,5131,,,,380.0,7600,,,,15.0,7680,
3535,,,1758.0,14064,,,,60.0,150,,,,20.0453,5132,,,,380.0,7600,,,,15.0,7680,
3536,,,1756.8,14054,,,,60.0,150,,,,20.048,5132,,,,380.0,7600,,,,15.0,7680,
3537,,,1755.6,14045,,,,60.0,150,,,,20.0507,5133,,,,380.0,7600,,,,15.0,7680,
3538,,,1754.4,14035,,,,60.0,150,,,,20.0534,5134,,,,380.0,7600,,,,15.0,7680,
3539,,,1753.2,14026,,,,60.0,150,,,,20.0563,5134,,,,380.0,7600,,,,15.0,7680,
3540,,,1752.0,14016,,,,60.0,150,,,,20.0592,5135,,,,380.0,7600,,,,15.0,7680,
3541,,,1750.8,14006,,,,60.0,150,,,,20.0622,5136,,,,380.0,7600,,,,15.0,7680,
3542,,,1749.6,13997,,,,60.0,150,,,,20.0653,5137,,,,380.0,7600,,,,15.0,7680,
3543,,,1748.4,13987,,,,60.0,150,,,,20.0684,5138,,,,380.0,7600,,,,15.0,7680,
3544,,,1747.2,13978,,,,60.0,150,,,,20.0716,5138,,,,380.0,7600,,,,15.0,7680,
3545,,,1746.0,13968,,,,60.0,150,,,,20.0749,5139,,,,380.0,7600,,,,15.0,7680,
3546,,,1744.8,13958,,,,60.0,150,,,,20.0783,5140,,,,380.0,7600,,,,15.0,7680,
3547,,,1743.6,13949,,,,60.0,150,,,,20.0817,5141,,,,380.0,7600,,,,15.0,7680,
3548,,,1742.4,13939,,,,60.0,150,,,,20.0852,5142,,,,380.0,7600,,,,15.0,7680,
3549,,,1741.2,13930,,,,60.0,150,,,,20.0888,5143,,,,380.0,7600,,,,15.0,7680,
3550,,,1740.0,13920,,,,60.0,150,,,,20.0925,5144,,,,380.0,7600,,,,15.0,7680,
3551,,,1738.8,13910,,,,60.0,150,,,,20.0962,5145,,,,380.0,7600,,,,15.0,7680,
3552,,,1737.6,13901,,,,60.0,150,,,,20.1,5146,,,,380.0,7600,,,,15.0,7680,
3553,,,1736.4,13891,,,,60.0,150,,,,20.1039,5147,,,,380.0,7600,,,,15.0,7680,
3554,,,1735.2,13882,,,,60.0,150,,,,20.1079,5148,,,,380.0,7600,,,,15.0,7680,
3555,,,1734.0,13872,,,,60.0,150,,,,20.1119,5149,,,,380.0,7600,,,,15.0,7680,
3556,,,1732.8,13862,,,,60.0,150,,,,20.116,5150,,,,380.0,7600,,,,15.0,7680,
3557,,,1731.6,13853,,,,60.0,150,,,,20.1202,5151,,,,380.0,7600,,,,15.0,7680,
3558,,,1730.4,13843,,,,60.0,150,,,,20.1244,5152,,,,380.0,7600,,,,15.0,7680,
3559,,,1729.2,13834,,,,60.0,150,,,,20.1287,5153,,,,380.0,7600,,,,15.0,7680,
3560,,,1728.0,13824,,,,60.0,150,,,,20.1331,5154,,,,380.0,7600,,,,15.0,7680,
3561,,,1726.8,13814,,,,60.0,150,,,,20.1376,5155,,,,380.0,7600,,,,15.0,7680,
3562,,,1725.6,13805,,,,60.0,150,,,,20.1422,5156,,,,380.0,7600,,,,15.0,7680,
3563,,,1724.4,13795,,,,60.0,150,,,,20.1468,5158,,,,380.0,7600,,,,15.0,7680,
3564,,,1723.2,13786,,,,60.0,150,,,,20.1515,5159,,,,380.0,7600,,,,15.0,7680,
3565,,,1722.0,13776,,,,60.0,150,,,,20.1562,5160,,,,380.0,7600,,,,15.0,7680,
3566,,,1720.8,13766,,,,60.0,150,,,,20.1611,5161,,,,380.0,7600,,,,15.0,7680,
3567,,,1719.6,13757,,,,60.0,150,,,,20.166,5162,,,,380.0,7600,,,,15.0,7680,
3568,,,1718.4,13747,,,,60.0,150,,,,20.171,5164,,,,380.0,7600,,,,15.0,7680,
3569,,,1717.2,13738,,,,60.0,150,,,,20.176,5165,,,,380.0,7600,,,,15.0,7680,
3570,,,1716.0,13728,,,,60.0,150,,,,20.1812,5166,,,,380.0,7600,,,,15.0,7680,
3571,,,1714.8,13718,,,,60.0,150,,,,20.1864,5168,,,,380.0,7600,,,,15.0,7680,
3572,,,1713.6,13709,,,,60.0,150,,,,20.1917,5169,,,,380.0,7600,,,,15.0,7680,
3573,,,1712.4,13699,,,,60.0,150,,,,20.197,5170,,,,380.0,7600,,,,15.0,7680,
3574,,,1711.2,13690,,,,60.0,150,,,,20.2024,5172,,,,380.0,7600,,,,15.0,7680,
3575,,,1710.0,13680,,,,60.0,150,,,,20.2079,5173,,,,380.0,7600,,,,15.0,7680,
3576,,,1708.8,13670,,,,60.0,150,,,,20.2135,5175,,,,380.0,7600,,,,15.0,7680,
3577,,,1707.6,13661,,,,60.0,150,,,,20.2192,5176,,,,380.0,7600,,,,15.0,7680,
3578,,,1706.4,13651,,,,60.0,150,,,,20.2249,5178,,,,380.0,7600,,,,15.0,7680,
3579,,,1705.2,13642,,,,60.0,150,,,,20.2307,5179,,,,380.0,7600,,,,15.0,7680,
3580,,,1704.0,13632,,,,60.0,150,,,,20.2366,5181,,,,380.0,7600,,,,15.0,7680,
3581,,,1702.8,13622,,,,60.0,150,,,,20.2425,5182,,,,380.0,7600,,,,15.0,7680,
3582,,,1701.6,13613,,,,60.0,150,,,,20.2485,5184,,,,380.0,7600,,,,15.0,7680,
3583,,,1700.4,13603,,,,60.0,150,,,,20.2546,5185,,,,380.0,7600,,,,15.0,7680,
3584,,,1699.2,13594,,,,60.0,150,,,,20.2608,5187,,,,380.0,7600,,,,15.0,7680,
3585,,,1698.0,13584,,,,60.0,150,,,,20.267,5188,,,,380.0,7600,,,,15.0,7680,
3586,,,1696.8,13574,,,,60.0,150,,,,20.2733,5190,,,,380.0,7600,,,,15.0,7680,
3587,,,1695.6,13565,,,,60.0,150,,,,20.2797,5192,,,,380.0,7600,,,,15.0,7680,
3588,,,1694.4,13555,,,,60.0,150,,,,20.2862,5193,,,,380.0,7600,,,,15.0,7680,
3589,,,1693.2,13546,,,,60.0,150,,,,20.2927,5195,,,,380.0,7600,,,,15.0,7680,
3590,,,1692.0,13536,,,,60.0,150,,,,20.2993,5197,,,,380.0,7600,,,,15.0,7680,
3591,,,1690.8,13526,,,,60.0,150,,,,20.306,5198,,,,380.0,7600,,,,15.0,7680,
3592,,,1689.6,13517,,,,60.0,150,,,,20.3127,5200,,,,380.0,7600,,,,15.0,7680,
3593,,,1688.4,13507,,,,60.0,150,,,,20.3195,5202,,,,380.0,7600,,,,15.0,7680,
3594,,,1687.2,13498,,,,60.0,150,,,,20.3264,5204,,,,380.0,7600,,,,15.0,7680,
3595,,,1686.0,13488,,,,60.0,150,,,,20.3334,5205,,,,380.0,7600,,,,15.0,7680,
3596,,,1684.8,13478,,,,60.0,150,,,,20.3404,5207,,,,380.0,7600,,,,15.0,7680,
3597,,,1683.6,13469,,,,60.0,150,,,,20.3476,5209,,,,380.0,7600,,,,15.0,7680,
3598,,,1682.4,13459,,,,60.0,150,,,,20.3548,5211,,,,380.0,7600,,,,15.0,7680,
3599,,,1681.2,13450,,,,60.0,150,,,,20.362,5213,,,,380.0,7600,,,,15.0,7680,
3600,,,1680.0,13440,,,,60.0,150,,,,20.3693,5215,,,,380.0,7600,,,,15.0,7680,
3601,,,1678.8,13430,,,,60.0,150,,,,20.3768,5216,,,,380.0,7600,,,,15.0,7680,
3602,,,1677.6,13421,,,,60.0,150,,,,20.3842,5218,,,,380.0,7600,,,,15.0,7680,
3603,,,1676.4,13411,,,,60.0,150,,,,20.3918,5220,,,,380.0,7600,,,,15.0,7680,
3604,,,1675.2,13402,,,,60.0,150,,,,20.3994,5222,,,,380.0,7600,,,,15.0,7680,
3605,,,1674.0,13392,,,,60.0,150,,,,20.4071,5224,,,,380.0,7600,,,,15.0,7680,
3606,,,1672.8,13382,,,,60.0,150,,,,20.4149,5226,,,,380.0,7600,,,,15.0,7680,
3607,,,1671.6,13373,,,,60.0,150,,,,20.4227,5228,,,,380.0,7600,,,,15.0,7680,
3608,,,1670.4,13363,,,,60.0,150,,,,20.4307,5230,,,,380.0,7600,,,,15.0,7680,
3609,,,1669.2,13354,,,,60.0,150,,,,20.4387,5232,,,,380.0,7600,,,,15.0,7680,
3610,,,1668.0,13344,,,,60.0,150,,,,20.4467,5234,,,,380.0,7600,,,,15.0,7680,
3611,,,1666.8,13334,,,,60.0,150,,,,20.4549,5236,,,,380.0,7600,,,,15.0,7680,
3612,,,1665.6,13325,,,,60.0,150,,,,20.4631,5239,,,,380.0,7600,,,,15.0,7680,
3613,,,1664.4,13315,,,,60.0,150,,,,20.4714,5241,,,,380.0,7600,,,,15.0,7680,
3614,,,1663.2,13306,,,,60.0,150,,,,20.4797,5243,,,,380.0,7600,,,,15.0,7680,
3615,,,1662.0,13296,,,,60.0,150,,,,20.4881,5245,,,,380.0,7600,,,,15.0,7680,
3616,,,1660.8,13286,,,,60.0,150,,,,20.4966,5247,,,,380.0,7600,,,,15.0,7680,
3617,,,1659.6,13277,,,,60.0,150,,,,20.5052,5249,,,,380.0,7600,,,,15.0,7680,
3618,,,1658.4,13267,,,,60.0,150,,,,20.5139,5252,,,,380.0,7600,,,,15.0,7680,
3619,,,1657.2,13258,,,,60.0,150,,,,20.5226,5254,,,,380.0,7600,,,,15.0,7680,
3620,,,1656.0,13248,,,,60.0,150,,,,20.5314,5256,,,,380.0,7600,,,,15.0,7680,
3621,,,1654.8,13238,,,,60.0,150,,,,20.5402,5258,,,,380.0,7600,,,,15.0,7680,
3622,,,1653.6,13229,,,,60.0,150,,,,20.5492,5261,,,,380.0,7600,,,,15.0,7680,
3623,,,1652.4,13219,,,,60.0,150,,,,20.5582,5263,,,,380.0,7600,,,,15.0,7680,
3624,,,1651.2,13210,,,,60.0,150,,,,20.5673,5265,,,,380.0,7600,,,,15.0,7680,
3625,,,1650.0,13200,,,,60.0,150,,,,20.5764,5268,,,,380.0,7600,,,,15.0,7680,
3626,,,1648.8,13190,,,,60.0,150,,,,20.5857,5270,,,,380.0,7600,,,,15.0,7680,
3627,,,1647.6,13181,,,,60.0,150,,,,20.595,5272,,,,380.0,7600,,,,15.0,7680,
3628,,,1646.4,13171,,,,60.0,150,,,,20.6043,5275,,,,380.0,7600,,,,15.0,7680,
3629,,,1645.2,13162,,,,60.0,150,,,,20.6138,5277,,,,380.0,7600,,,,15.0,7680,
3630,,,1644.0,13152,,,,60.0,150,,,,20.6233,5280,,,,380.0,7600,,,,15.0,7680,
3631,,,1642.8,13142,,,,60.0,150,,,,20.6329,5282,,,,380.0,7600,,,,15.0,7680,
3632,,,1641.6,13133,,,,60.0,150,,,,20.6426,5284,,,,380.0,7600,,,,15.0,7680,
3633,,,1640.4,13123,,,,60.0,150,,,,20.6523,5287,,,,380.0,7600,,,,15.0,7680,
3634,,,1639.2,13114,,,,60.0,150,,,,20.6621,5290,,,,380.0,7600,,,,15.0,7680,
3635,,,1638.0,13104,,,,60.0,150,,,,20.672,5292,,,,380.0,7600,,,,15.0,7680,
3636,,,1636.8,13094,,,,60.0,150,,,,20.682,5295,,,,380.0,7600,,,,15.0,7680,
3637,,,1635.6,13085,,,,60.0,150,,,,20.692,5297,,,,380.0,7600,,,,15.0,7680,
3638,,,1634.4,13075,,,,60.0,150,,,,20.7021,5300,,,,380.0,7600,,,,15.0,7680,
3639,,,1633.2,13066,,,,60.0,150,,,,20.7123,5302,,,,380.0,7600,,,,15.0,7680,
3640,,,1632.0,13056,,,,60.0,150,,,,20.7225,5305,,,,380.0,7600,,,,15.0,7680,
3641,,,1630.8,13046,,,,60.0,150,,,,20.7328,5308,,,,380.0,7600,,,,15.0,7680,
3642,,,1629.6,13037,,,,60.0,150,,,,20.7432,5310,,,,380.0,7600,,,,15.0,7680,
3643,,,1628.4,13027,,,,60.0,150,,,,20.7537,5313,,,,380.0,7600,,,,15.0,7680,
3644,,,1627.2,13018,,,,60.0,150,,,,20.7642,5316,,,,380.0,7600,,,,15.0,7680,
3645,,,1626.0,13008,,,,60.0,150,,,,20.7748,5318,,,,380.0,7600,,,,15.0,7680,
3646,,,1624.8,12998,,,,60.0,150,,,,20.7855,5321,,,,380.0,7600,,,,15.0,7680,
3647,,,1623.6,12989,,,,60.0,150,,,,20.7962,5324,,,,380.0,7600,,,,15.0,7680,
3648,,,1622.4,12979,,,,60.0,150,,,,20.807,5327,,,,380.0,7600,,,,15.0,7680,
3649,,,1621.2,12970,,,,60.0,150,,,,20.8179,5329,,,,380.0,7600,,,,15.0,7680,
3650,,,1620.0,12960,,,,60.0,150,,,,20.8289,5332,,,,380.0,7600,,,,15.0,7680,
3651,,,1618.8,12950,,,,60.0,150,,,,20.8399,5335,,,,380.0,7600,,,,15.0,7680,
3652,,,1617.6,12941,,,,60.0,150,,,,20.851,5338,,,,380.0,7600,,,,15.0,7680,
3653,,,1616.4,12931,,,,60.0,150,,,,20.8622,5341,,,,380.0,7600,,,,15.0,7680,
3654,,,1615.2,12922,,,,60.0,150,,,,20.8735,5344,,,,380.0,7600,,,,15.0,7680,
3655,,,1614.0,12912,,,,60.0,150,,,,20.8848,5347,,,,380.0,7600,,,,15.0,7680,
3656,,,1612.8,12902,,,,60.0,150,,,,20.8962,5349,,,,380.0,7600,,,,15.0,7680,
3657,,,1611.6,12893,,,,60.0,150,,,,20.9077,5352,,,,380.0,7600,,,,15.0,7680,
3658,,,1610.4,12883,,,,60.0,150,,,,20.9192,5355,,,,380.0,7600,,,,15.0,7680,
3659,,,1609.2,12874,,,,60.0,150,,,,20.9308,5358,,,,380.0,7600,,,,15.0,7680,
3660,,,1608.0,12864,,,,60.0,150,,,,20.9425,5361,,,,380.0,7600,,,,15.0,7680,
3661,,,1606.8,12854,,,,60.0,150,,,,20.9543,5364,,,,380.0,7600,,,,15.0,7680,
3662,,,1605.6,12845,,,,60.0,150,,,,20.9661,5367,,,,380.0,7600,,,,15.0,7680,
3663,,,1604.4,12835,,,,60.0,150,,,,20.978,5370,,,,380.0,7600,,,,15.0,7680,
3664,,,1603.2,12826,,,,60.0,150,,,,20.99,5373,,,,380.0,7600,,,,15.0,7680,
3665,,,1602.0,12816,,,,60.0,150,,,,21.002,5377,,,,380.0,7600,,,,15.0,7680,
3666,,,1600.8,12806,,,,60.0,150,,,,21.0141,5380,,,,380.0,7600,,,,15.0,7680,
3667,,,1599.6,12797,,,,60.0,150,,,,21.0263,5383,,,,380.0,7600,,,,15.0,7680,
3668,,,1598.4,12787,,,,60.0,150,,,,21.0386,5386,,,,380.0,7600,,,,15.0,7680,
3669,,,1597.2,12778,,,,60.0,150,,,,21.0509,5389,,,,380.0,7600,,,,15.0,7680,
3670,,,1596.0,12768,,,,60.0,150,,,,21.0633,5392,,,,380.0,7600,,,,15.0,7680,
3671,,,1594.8,12758,,,,60.0,150,,,,21.0757,5395,,,,380.0,7600,,,,15.0,7680,
3672,,,1593.6,12749,,,,60.0,150,,,,21.0883,5399,,,,380.0,7600,,,,15.0,7680,
3673,,,1592.4,12739,,,,60.0,150,,,,21.1009,5402,,,,380.0,7600,,,,15.0,7680,
3674,,,1591.2,12730,,,,60.0,150,,,,21.1136,5405,,,,380.0,7600,,,,15.0,7680,
3675,,,1590.0,12720,,,,60.0,150,,,,21.1263,5408,,,,380.0,7600,,,,15.0,7680,
3676,,,1588.8,12710,,,,60.0,150,,,,21.1392,5412,,,,380.0,7600,,,,15.0,7680,
3677,,,1587.6,12701,,,,60.0,150,,,,21.1521,5415,,,,380.0,7600,,,,15.0,7680,
3678,,,1586.4,12691,,,,60.0,150,,,,21.165,5418,,,,380.0,7600,,,,15.0,7680,
3679,,,1585.2,12682,,,,60.0,150,,,,21.1781,5422,,,,380.0,7600,,,,15.0,7680,
3680,,,1584.0,12672,,,,60.0,150,,,,21.1912,5425,,,,380.0,7600,,,,15.0,7680,
3681,,,1582.8,12662,,,,60.0,150,,,,21.2044,5428,,,,380.0,7600,,,,15.0,7680,
3682,,,1581.6,12653,,,,60.0,150,,,,21.2176,5432,,,,380.0,7600,,,,15.0,7680,
3683,,,1580.4,12643,,,,60.0,150,,,,21.231,5435,,,,380.0,7600,,,,15.0,7680,
3684,,,1579.2,12634,,,,60.0,150,,,,21.2443,5439,,,,380.0,7600,,,,15.0,7680,
3685,,,1578.0,12624,,,,60.0,150,,,,21.2578,5442,,,,380.0,7600,,,,15.0,7680,
3686,,,1576.8,12614,,,,60.0,150,,,,21.2714,5445,,,,380.0,7600,,,,15.0,7680,
3687,,,1575.6,12605,,,,60.0,150,,,,21.285,5449,,,,380.0,7600,,,,15.0,7680,
3688,,,1574.4,12595,,,,60.0,150,,,,21.2986,5452,,,,380.0,7600,,,,15.0,7680,
3689,,,1573.2,12586,,,,60.0,150,,,,21.3124,5456,,,,380.0,7600,,,,15.0,7680,
3690,,,1572.0,12576,,,,60.0,150,,,,21.3262,5460,,,,380.0,7600,,,,15.0,7680,
3691,,,1570.8,12566,,,,60.0,150,,,,21.3401,5463,,,,380.0,7600,,,,15.0,7680,
3692,,,1569.6,12557,,,,60.0,150,,,,21.3541,5467,,,,380.0,7600,,,,15.0,7680,
3693,,,1568.4,12547,,,,60.0,150,,,,21.3681,5470,,,,380.0,7600,,,,15.0,7680,
3694,,,1567.2,12538,,,,60.0,150,,,,21.3822,5474,,,,380.0,7600,,,,15.0,7680,
3695,,,1566.0,12528,,,,60.0,150,,,,21.3964,5477,,,,380.0,7600,,,,15.0,7680,
3696,,,1564.8,12518,,,,60.0,150,,,,21.4106,5481,,,,380.0,7600,,,,15.0,7680,
3697,,,1563.6,12509,,,,60.0,150,,,,21.4249,5485,,,,380.0,7600,,,,15.0,7680,
3698,,,1562.4,12499,,,,60.0,150,,,,21.4393,5488,,,,380.0,7600,,,,15.0,7680,
3699,,,1561.2,12490,,,,60.0,150,,,,21.4538,5492,,,,380.0,7600,,,,15.0,7680,
3700,,,1560.0,12480,,,,60.0,150,,,,21.4683,5496,,,,380.0,7600,,,,15.0,7680,
3701,,,1558.8,12470,,,,60.0,150,,,,21.4829,5500,,,,380.0,7600,,,,15.0,7680,
3702,,,1557.6,12461,,,,60.0,150,,,,21.4976,5503,,,,380.0,7600,,,,15.0,7680,
3703,,,1556.4,12451,,,,60.0,150,,,,21.5123,5507,,,,380.0,7600,,,,15.0,7680,
3704,,,1555.2,12442,,,,60.0,150,,,,21.5271,5511,,,,380.0,7600,,,,15.0,7680,
3705,,,1554.0,12432,,,,60.0,150,,,,21.542,5515,,,,380.0,7600,,,,15.0,7680,
3706,,,1552.8,12422,,,,60.0,150,,,,21.5569,5519,,,,380.0,7600,,,,15.0,7680,
3707,,,1551.6,12413,,,,60.0,150,,,,21.572,5522,,,,380.0,7600,,,,15.0,7680,
3708,,,1550.4,12403,,,,60.0,150,,,,21.5871,5526,,,,380.0,7600,,,,15.0,7680,
3709,,,1549.2,12394,,,,60.0,150,,,,21.6022,5530,,,,380.0,7600,,,,15.0,7680,
3710,,,1548.0,12384,,,,60.0,150,,,,21.6174,5534,,,,380.0,7600,,,,15.0,7680,
3711,,,1546.8,12374,,,,60.0,150,,,,21.6327,5538,,,,380.0,7600,,,,15.0,7680,
3712,,,1545.6,12365,,,,60.0,150,,,,21.6481,5542,,,,380.0,7600,,,,15.0,7680,
3713,,,1544.4,12355,,,,60.0,150,,,,21.6635,5546,,,,380.0,7600,,,,15.0,7680,
3714,,,1543.2,12346,,,,60.0,150,,,,21.6791,5550,,,,380.0,7600,,,,15.0,7680,
3715,,,1542.0,12336,,,,60.0,150,,,,21.6946,5554,,,,380.0,7600,,,,15.0,7680,
3716,,,1540.8,12326,,,,60.0,150,,,,21.7103,5558,,,,380.0,7600,,,,15.0,7680,
3717,,,1539.6,12317,,,,60.0,150,,,,21.726,5562,,,,380.0,7600,,,,15.0,7680,
3718,,,1538.4,12307,,,,60.0,150,,,,21.7418,5566,,,,380.0,7600,,,,15.0,7680,
3719,,,1537.2,12298,,,,60.0,150,,,,21.7576,5570,,,,380.0,7600,,,,15.0,7680,
3720,,,1536.0,12288,,,,60.0,150,,,,21.7736,5574,,,,380.0,7600,,,,15.0,7680,
3721,,,1534.8,12278,,,,60.0,150,,,,21.7896,5578,,,,380.0,7600,,,,15.0,7680,
3722,,,1533.6,12269,,,,60.0,150,,,,21.8056,5582,,,,380.0,7600,,,,15.0,7680,
3723,,,1532.4,12259,,,,60.0,150,,,,21.8218,5586,,,,380.0,7600,,,,15.0,7680,
3724,,,1531.2,12250,,,,60.0,150,,,,21.838,5591,,,,380.0,7600,,,,15.0,7680,
3725,,,1530.0,12240,,,,60.0,150,,,,21.8543,5595,,,,380.0,7600,,,,15.0,7680,
3726,,,1528.8,12230,,,,60.0,150,,,,21.8706,5599,,,,380.0,7600,,,,15.0,7680,
3727,,,1527.6,12221,,,,60.0,150,,,,21.887,5603,,,,380.0,7600,,,,15.0,7680,
3728,,,1526.4,12211,,,,60.0,150,,,,21.9035,5607,,,,380.0,7600,,,,15.0,7680,
3729,,,1525.2,12202,,,,60.0,150,,,,21.9201,5612,,,,380.0,7600,,,,15.0,7680,
3730,,,1524.0,12192,,,,60.0,150,,,,21.9367,5616,,,,380.0,7600,,,,15.0,7680,
3731,,,1522.8,12182,,,,60.0,150,,,,21.9534,5620,,,,380.0,7600,,,,15.0,7680,
3732,,,1521.6,12173,,,,60.0,150,,,,21.9701,5624,,,,380.0,7600,,,,15.0,7680,
3733,,,1520.4,12163,,,,60.0,150,,,,21.987,5629,,,,380.0,7600,,,,15.0,7680,
3734,,,1519.2,12154,,,,60.0,150,,,,22.0039,5633,,,,380.0,7600,,,,15.0,7680,
3735,,,1518.0,12144,,,,60.0,150,,,,22.0208,5637,,,,380.0,7600,,,,15.0,7680,
3736,,,1516.8,12134,,,,60.0,150,,,,22.0379,5642,,,,380.0,7600,,,,15.0,7680,
3737,,,1515.6,12125,,,,60.0,150,,,,22.055,5646,,,,380.0,7600,,,,15.0,7680,
3738,,,1514.4,12115,,,,60.0,150,,,,22.0721,5650,,,,380.0,7600,,,,15.0,7680,
3739,,,1513.2,12106,,,,60.0,150,,,,22.0894,5655,,,,380.0,7600,,,,15.0,7680,
3740,,,1512.0,12096,,,,60.0,150,,,,22.1067,5659,,,,380.0,7600,,,,15.0,7680,
3741,,,1510.8,12086,,,,60.0,150,,,,22.1241,5664,,,,380.0,7600,,,,15.0,7680,
3742,,,1509.6,12077,,,,60.0,150,,,,22.1415,5668,,,,380.0,7600,,,,15.0,7680,
3743,,,1508.4,12067,,,,60.0,150,,,,22.1591,5673,,,,380.0,7600,,,,15.0,7680,
3744,,,1507.2,12058,,,,60.0,150,,,,22.1766,5677,,,,380.0,7600,,,,15.0,7680,
3745,,,1506.0,12048,,,,60.0,150,,,,22.1943,5682,,,,380.0,7600,,,,15.0,7680,
3746,,,1504.8,12038,,,,60.0,150,,,,22.212,5686,,,,380.0,7600,,,,15.0,7680,
3747,,,1503.6,12029,,,,60.0,150,,,,22.2298,5691,,,,380.0,7600,,,,15.0,7680,
3748,,,1502.4,12019,,,,60.0,150,,,,22.2477,5695,,,,380.0,7600,,,,15.0,7680,
3749,,,1501.2,12010,,,,60.0,150,,,,22.2656,5700,,,,380.0,7600,,,,15.0,7680,
3750,,,1500.0,12000,,,,50.0,125,,,,22.2836,5705,,,,380.0,7600,,,,15.0,7680,
3751,,,1498.8,11990,,,,50.0,125,,,,22.3017,5709,,,,380.0,7600,,,,15.0,7680,
3752,,,1497.6,11981,,,,50.0,125,,,,22.3198,5714,,,,380.0,7600,,,,15.0,7680,
3753,,,1496.4,11971,,,,50.0,125,,,,22.338,5719,,,,380.0,7600,,,,15.0,7680,
3754,,,1495.2,11962,,,,50.0,125,,,,22.3563,5723,,,,380.0,7600,,,,15.0,7680,
3755,,,1494.0,11952,,,,50.0,125,,,,22.3746,5728,,,,380.0,7600,,,,15.0,7680,
3756,,,1492.8,11942,,,,50.0,125,,,,22.393,5733,,,,380.0,7600,,,,15.0,7680,
3757,,,1491.6,11933,,,,50.0,125,,,,22.4115,5737,,,,380.0,7600,,,,15.0,7680,
3758,,,1490.4,11923,,,,50.0,125,,,,22.4301,5742,,,,380.0,7600,,,,15.0,7680,
3759,,,1489.2,11914,,,,50.0,125,,,,22.4487,5747,,,,380.0,7600,,,,15.0,7680,
3760,,,1488.0,11904,,,,50.0,125,,,,22.4674,5752,,,,380.0,7600,,,,15.0,7680,
3761,,,1486.8,11894,,,,50.0,125,,,,22.4861,5756,,,,380.0,7600,,,,15.0,7680,
3762,,,1485.6,11885,,,,50.0,125,,,,22.5049,5761,,,,380.0,7600,,,,15.0,7680,
3763,,,1484.4,11875,,,,50.0,125,,,,22.5238,5766,,,,380.0,7600,,,,15.0,7680,
3764,,,1483.2,11866,,,,50.0,125,,,,22.5428,5771,,,,380.0,7600,,,,15.0,7680,
3765,,,1482.0,11856,,,,50.0,125,,,,22.5618,5776,,,,380.0,7600,,,,15.0,7680,
3766,,,1480.8,11846,,,,50.0,125,,,,22.5809,5781,,,,380.0,7600,,,,15.0,7680,
3767,,,1479.6,11837,,,,50.0,125,,,,22.6,5786,,,,380.0,7600,,,,15.0,7680,
3768,,,1478.4,11827,,,,50.0,125,,,,22.6193,5791,,,,380.0,7600,,,,15.0,7680,
3769,,,1477.2,11818,,,,50.0,125,,,,22.6385,5795,,,,380.0,7600,,,,15.0,7680,
3770,,,1476.0,11808,,,,50.0,125,,,,22.6579,5800,,,,380.0,7600,,,,15.0,7680,
3771,,,1474.8,11798,,,,50.0,125,,,,22.6773,5805,,,,380.0,7600,,,,15.0,7680,
3772,,,1473.6,11789,,,,50.0,125,,,,22.6968,5810,,,,380.0,7600,,,,15.0,7680,
3773,,,1472.4,11779,,,,50.0,125,,,,22.7164,5815,,,,380.0,7600,,,,15.0,7680,
3774,,,1471.2,11770,,,,50.0,125,,,,22.736,5820,,,,380.0,7600,,,,15.0,7680,
3775,,,1470.0,11760,,,,50.0,125,,,,22.7557,5825,,,,380.0,7600,,,,15.0,7680,
3776,,,1468.8,11750,,,,50.0,125,,,,22.7755,5831,,,,380.0,7600,,,,15.0,7680,
3777,,,1467.6,11741,,,,50.0,125,,,,22.7953,5836,,,,380.0,7600,,,,15.0,7680,
3778,,,1466.4,11731,,,,50.0,125,,,,22.8152,5841,,,,380.0,7600,,,,15.0,7680,
3779,,,1465.2,11722,,,,50.0,125,,,,22.8352,5846,,,,380.0,7600,,,,15.0,7680,
3780,,,1464.0,11712,,,,50.0,125,,,,22.8552,5851,,,,380.0,7600,,,,15.0,7680,
3781,,,1462.8,11702,,,,50.0,125,,,,22.8753,5856,,,,380.0,7600,,,,15.0,7680,
3782,,,1461.6,11693,,,,50.0,125,,,,22.8955,5861,,,,380.0,7600,,,,15.0,7680,
3783,,,1460.4,11683,,,,50.0,125,,,,22.9157,5866,,,,380.0,7600,,,,15.0,7680,
3784,,,1459.2,11674,,,,50.0,125,,,,22.936,5872,,,,380.0,7600,,,,15.0,7680,
3785,,,1458.0,11664,,,,50.0,125,,,,22.9563,5877,,,,380.0,7600,,,,15.0,7680,
3786,,,1456.8,11654,,,,50.0,125,,,,22.9768,5882,,,,380.0,7600,,,,15.0,7680,
3787,,,1455.6,11645,,,,50.0,125,,,,22.9973,5887,,,,380.0,7600,,,,15.0,7680,
3788,,,1454.4,11635,,,,50.0,125,,,,23.0178,5893,,,,380.0,7600,,,,15.0,7680,
3789,,,1453.2,11626,,,,50.0,125,,,,23.0385,5898,,,,380.0,7600,,,,15.0,7680,
3790,,,1452.0,11616,,,,50.0,125,,,,23.0592,5903,,,,380.0,7600,,,,15.0,7680,
3791,,,1450.8,11606,,,,50.0,125,,,,23.0799,5908,,,,380.0,7600,,,,15.0,7680,
3792,,,1449.6,11597,,,,50.0,125,,,,23.1008,5914,,,,380.0,7600,,,,15.0,7680,
3793,,,1448.4,11587,,,,50.0,125,,,,23.1217,5919,,,,380.0,7600,,,,15.0,7680,
3794,,,1447.2,11578,,,,50.0,125,,,,23.1426,5925,,,,380.0,7600,,,,15.0,7680,
3795,,,1446.0,11568,,,,50.0,125,,,,23.1637,5930,,,,380.0,7600,,,,15.0,7680,
3796,,,1444.8,11558,,,,50.0,125,,,,23.1848,5935,,,,380.0,7600,,,,15.0,7680,
3797,,,1443.6,11549,,,,50.0,125,,,,23.2059,5941,,,,380.0,7600,,,,15.0,7680,
3798,,,1442.4,11539,,,,50.0,125,,,,23.2271,5946,,,,380.0,7600,,,,15.0,7680,
3799,,,1441.2,11530,,,,50.0,125,,,,23.2484,5952,,,,380.0,7600,,,,15.0,7680,
3800,,,1440.0,11520,,,,50.0,125,,,,23.2698,5957,,,,380.0,7600,,,,15.0,7680,
3801,,,1438.8,11510,,,,50.0,125,,,,23.2912,5963,,,,380.0,7600,,,,15.0,7680,
3802,,,1437.6,11501,,,,50.0,125,,,,23.3127,5968,,,,380.0,7600,,,,15.0,7680,
3803,,,1436.4,11491,,,,50.0,125,,,,23.3343,5974,,,,380.0,7600,,,,15.0,7680,
3804,,,1435.2,11482,,,,50.0,125,,,,23.3559,5979,,,,380.0,7600,,,,15.0,7680,
3805,,,1434.0,11472,,,,50.0,125,,,,23.3776,5985,,,,380.0,7600,,,,15.0,7680,
3806,,,1432.8,11462,,,,50.0,125,,,,23.3994,5990,,,,380.0,7600,,,,15.0,7680,
3807,,,1431.6,11453,,,,50.0,125,,,,23.4212,5996,,,,380.0,7600,,,,15.0,7680,
3808,,,1430.4,11443,,,,50.0,125,,,,23.4431,6001,,,,380.0,7600,,,,15.0,7680,
3809,,,1429.2,11434,,,,50.0,125,,,,23.465,6007,,,,380.0,7600,,,,15.0,7680,
3810,,,1428.0,11424,,,,50.0,125,,,,23.487,6013,,,,380.0,7600,,,,15.0,7680,
3811,,,1426.8,11414,,,,50.0,125,,,,23.5091,6018,,,,380.0,7600,,,,15.0,7680,
3812,,,1425.6,11405,,,,50.0,125,,,,23.5313,6024,,,,380.0,7600,,,,15.0,7680,
3813,,,1424.4,11395,,,,50.0,125,,,,23.5535,6030,,,,380.0,7600,,,,15.0,7680,
3814,,,1423.2,11386,,,,50.0,125,,,,23.5758,6035,,,,380.0,7600,,,,15.0,7680,
3815,,,1422.0,11376,,,,50.0,125,,,,23.5981,6041,,,,380.0,7600,,,,15.0,7680,
3816,,,1420.8,11366,,,,50.0,125,,,,23.6205,6047,,,,380.0,7600,,,,15.0,7680,
3817,,,1419.6,11357,,,,50.0,125,,,,23.643,6053,,,,380.0,7600,,,,15.0,7680,
3818,,,1418.4,11347,,,,50.0,125,,,,23.6655,6058,,,,380.0,7600,,,,15.0,7680,
3819,,,1417.2,11338,,,,50.0,125,,,,23.6881,6064,,,,380.0,7600,,,,15.0,7680,
3820,,,1416.0,11328,,,,50.0,125,,,,23.7108,6070,,,,380.0,7600,,,,15.0,7680,
3821,,,1414.8,11318,,,,50.0,125,,,,23.7335,6076,,,,380.0,7600,,,,15.0,7680,
3822,,,1413.6,11309,,,,50.0,125,,,,23.7563,6082,,,,380.0,7600,,,,15.0,7680,
3823,,,1412.4,11299,,,,50.0,125,,,,23.7792,6087,,,,380.0,7600,,,,15.0,7680,
3824,,,1411.2,11290,,,,50.0,125,,,,23.8021,6093,,,,380.0,7600,,,,15.0,7680,
3825,,,1410.0,11280,,,,50.0,125,,,,23.8251,6099,,,,380.0,7600,,,,15.0,7680,
3826,,,1408.8,11270,,,,50.0,125,,,,23.8482,6105,,,,380.0,7600,,,,15.0,7680,
3827,,,1407.6,11261,,,,50.0,125,,,,23.8713,6111,,,,380.0,7600,,,,15.0,7680,
3828,,,1406.4,11251,,,,50.0,125,,,,23.8945,6117,,,,380.0,7600,,,,15.0,7680,
3829,,,1405.2,11242,,,,50.0,125,,,,23.9177,6123,,,,380.0,7600,,,,15.0,7680,
3830,,,1404.0,11232,,,,50.0,125,,,,23.9411,6129,,,,380.0,7600,,,,15.0,7680,
3831,,,1402.8,11222,,,,50.0,125,,,,23.9644,6135,,,,380.0,7600,,,,15.0,7680,
3832,,,1401.6,11213,,,,50.0,125,,,,23.9879,6141,,,,380.0,7600,,,,15.0,7680,
3833,,,1400.4,11203,,,,50.0,125,,,,24.0114,6147,,,,380.0,7600,,,,15.0,7680,
3834,,,1399.2,11194,,,,50.0,125,,,,24.035,6153,,,,380.0,7600,,,,15.0,7680,
3835,,,1398.0,11184,,,,50.0,125,,,,24.0586,6159,,,,380.0,7600,,,,15.0,7680,
3836,,,1396.8,11174,,,,50.0,125,,,,24.0823,6165,,,,380.0,7600,,,,15.0,7680,
3837,,,1395.6,11165,,,,50.0,125,,,,24.1061,6171,,,,380.0,7600,,,,15.0,7680,
3838,,,1394.4,11155,,,,50.0,125,,,,24.1299,6177,,,,380.0,7600,,,,15.0,7680,
3839,,,1393.2,11146,,,,50.0,125,,,,24.1538,6183,,,,380.0,7600,,,,15.0,7680,
3840,,,1392.0,11136,,,,50.0,125,,,,24.1777,6190,,,,380.0,7600,,,,15.0,7680,
3841,,,1390.8,11126,,,,50.0,125,,,,24.2018,6196,,,,380.0,7600,,,,15.0,7680,
3842,,,1389.6,11117,,,,50.0,125,,,,24.2258,6202,,,,380.0,7600,,,,15.0,7680,
3843,,,1388.4,11107,,,,50.0,125,,,,24.25,6208,,,,380.0,7600,,,,15.0,7680,
3844,,,1387.2,11098,,,,50.0,125,,,,24.2742,6214,,,,380.0,7600,,,,15.0,7680,
3845,,,1386.0,11088,,,,50.0,125,,,,24.2985,6220,,,,380.0,7600,,,,15.0,7680,
3846,,,1384.8,11078,,,,50.0,125,,,,24.3228,6227,,,,380.0,7600,,,,15.0,7680,
3847,,,1383.6,11069,,,,50.0,125,,,,24.3472,6233,,,,380.0,7600,,,,15.0,7680,
3848,,,1382.4,11059,,,,50.0,125,,,,24.3717,6239,,,,380.0,7600,,,,15.0,7680,
3849,,,1381.2,11050,,,,50.0,125,,,,24.3962,6245,,,,380.0,7600,,,,15.0,7680,
3850,,,1380.0,11040,,,,50.0,125,,,,24.4208,6252,,,,380.0,7600,,,,15.0,7680,
3851,,,1378.8,11030,,,,50.0,125,,,,24.4454,6258,,,,380.0,7600,,,,15.0,7680,
3852,,,1377.6,11021,,,,50.0,125,,,,24.4702,6264,,,,380.0,7600,,,,15.0,7680,
3853,,,1376.4,11011,,,,50.0,125,,,,24.4949,6271,,,,380.0,7600,,,,15.0,7680,
3854,,,1375.2,11002,,,,50.0,125,,,,24.5198,6277,,,,380.0,7600,,,,15.0,7680,
3855,,,1374.0,10992,,,,50.0,125,,,,24.5447,6283,,,,380.0,7600,,,,15.0,7680,
3856,,,1372.8,10982,,,,50.0,125,,,,24.5697,6290,,,,380.0,7600,,,,15.0,7680,
3857,,,1371.6,10973,,,,50.0,125,,,,24.5947,6296,,,,380.0,7600,,,,15.0,7680,
3858,,,1370.4,10963,,,,50.0,125,,,,24.6198,6303,,,,380.0,7600,,,,15.0,7680,
3859,,,1369.2,10954,,,,50.0,125,,,,24.6449,6309,,,,380.0,7600,,,,15.0,7680,
3860,,,1368.0,10944,,,,50.0,125,,,,24.6702,6316,,,,380.0,7600,,,,15.0,7680,
3861,,,1366.8,10934,,,,50.0,125,,,,24.6954,6322,,,,380.0,7600,,,,15.0,7680,
3862,,,1365.6,10925,,,,50.0,125,,,,24.7208,6329,,,,380.0,7600,,,,15.0,7680,
3863,,,1364.4,10915,,,,50.0,125,,,,24.7462,6335,,,,380.0,7600,,,,15.0,7680,
3864,,,1363.2,10906,,,,50.0,125,,,,24.7717,6342,,,,380.0,7600,,,,15.0,7680,
3865,,,1362.0,10896,,,,50.0,125,,,,24.7972,6348,,,,380.0,7600,,,,15.0,7680,
3866,,,1360.8,10886,,,,50.0,125,,,,24.8228,6355,,,,380.0,7600,,,,15.0,7680,
3867,,,1359.6,10877,,,,50.0,125,,,,24.8484,6361,,,,380.0,7600,,,,15.0,7680,
3868,,,1358.4,10867,,,,50.0,125,,,,24.8742,6368,,,,380.0,7600,,,,15.0,7680,
3869,,,1357.2,10858,,,,50.0,125,,,,24.8999,6374,,,,380.0,7600,,,,15.0,7680,
3870,,,1356.0,10848,,,,50.0,125,,,,24.9258,6381,,,,380.0,7600,,,,15.0,7680,
3871,,,1354.8,10838,,,,50.0,125,,,,24.9517,6388,,,,380.0,7600,,,,15.0,7680,
3872,,,1353.6,10829,,,,50.0,125,,,,24.9776,6394,,,,380.0,7600,,,,15.0,7680,
3873,,,1352.4,10819,,,,50.0,125,,,,25.0037,6401,,,,380.0,7600,,,,15.0,7680,
3874,,,1351.2,10810,,,,50.0,125,,,,25.0298,6408,,,,380.0,7600,,,,15.0,7680,
3875,,,1350.0,10800,,,,50.0,125,,,,25.0559,6414,,,,380.0,7600,,,,15.0,7680,
3876,,,1348.8,10790,,,,50.0,125,,,,25.0821,6421,,,,380.0,7600,,,,15.0,7680,
3877,,,1347.6,10781,,,,50.0,125,,,,25.1084,6428,,,,380.0,7600,,,,15.0,7680,
3878,,,1346.4,10771,,,,50.0,125,,,,25.1347,6434,,,,380.0,7600,,,,15.0,7680,
3879,,,1345.2,10762,,,,50.0,125,,,,25.1611,6441,,,,380.0,7600,,,,15.0,7680,
3880,,,1344.0,10752,,,,50.0,125,,,,25.1876,6448,,,,380.0,7600,,,,15.0,7680,
3881,,,1342.8,10742,,,,50.0,125,,,,25.2141,6455,,,,380.0,7600,,,,15.0,7680,
3882,,,1341.6,10733,,,,50.0,125,,,,25.2407,6462,,,,380.0,7600,,,,15.0,7680,
3883,,,1340.4,10723,,,,50.0,125,,,,25.2673,6468,,,,380.0,7600,,,,15.0,7680,
3884,,,1339.2,10714,,,,50.0,125,,,,25.294,6475,,,,380.0,7600,,,,15.0,7680,
3885,,,1338.0,10704,,,,50.0,125,,,,25.3208,6482,,,,380.0,7600,,,,15.0,7680,
3886,,,1336.8,10694,,,,50.0,125,,,,25.3476,6489,,,,380.0,7600,,,,15.0,7680,
3887,,,1335.6,10685,,,,50.0,125,,,,25.3745,6496,,,,380.0,7600,,,,15.0,7680,
3888,,,1334.4,10675,,,,50.0,125,,,,25.4014,6503,,,,380.0,7600,,,,15.0,7680,
3889,,,1333.2,10666,,,,50.0,125,,,,25.4284,6510,,,,380.0,7600,,,,15.0,7680,
3890,,,1332.0,10656,,,,50.0,125,,,,25.4555,6517,,,,380.0,7600,,,,15.0,7680,
3891,,,1330.8,10646,,,,50.0,125,,,,25.4826,6524,,,,380.0,7600,,,,15.0,7680,
3892,,,1329.6,10637,,,,50.0,125,,,,25.5098,6531,,,,380.0,7600,,,,15.0,7680,
3893,,,1328.4,10627,,,,50.0,125,,,,25.5371,6537,,,,380.0,7600,,,,15.0,7680,
3894,,,1327.2,10618,,,,50.0,125,,,,25.5644,6544,,,,380.0,7600,,,,15.0,7680,
3895,,,1326.0,10608,,,,50.0,125,,,,25.5917,6551,,,,380.0,7600,,,,15.0,7680,
3896,,,1324.8,10598,,,,50.0,125,,,,25.6192,6559,,,,380.0,7600,,,,15.0,7680,
3897,,,1323.6,10589,,,,50.0,125,,,,25.6467,6566,,,,380.0,7600,,,,15.0,7680,
3898,,,1322.4,10579,,,,50.0,125,,,,25.6742,6573,,,,380.0,7600,,,,15.0,7680,
3899,,,1321.2,10570,,,,50.0,125,,,,25.7018,6580,,,,380.0,7600,,,,15.0,7680,
3900,,,1320.0,10560,,,,50.0,125,,,,25.7295,6587,,,,380.0,7600,,,,15.0,7680,
3901,,,1318.8,10550,,,,50.0,125,,,,25.7572,6594,,,,380.0,7600,,,,15.0,7680,
3902,,,1317.6,10541,,,,50.0,125,,,,25.785,6601,,,,380.0,7600,,,,15.0,7680,
3903,,,1316.4,10531,,,,50.0,125,,,,25.8129,6608,,,,380.0,7600,,,,15.0,7680,
3904,,,1315.2,10522,,,,50.0,125,,,,25.8408,6615,,,,380.0,7600,,,,15.0,7680,
3905,,,1314.0,10512,,,,50.0,125,,,,25.8687,6622,,,,380.0,7600,,,,15.0,7680,
3906,,,1312.8,10502,,,,50.0,125,,,,25.8968,6630,,,,380.0,7600,,,,15.0,7680,
3907,,,1311.6,10493,,,,50.0,125,,,,25.9248,6637,,,,380.0,7600,,,,15.0,7680,
3908,,,1310.4,10483,,,,50.0,125,,,,25.953,6644,,,,380.0,7600,,,,15.0,7680,
3909,,,1309.2,10474,,,,50.0,125,,,,25.9812,6651,,,,380.0,7600,,,,15.0,7680,
3910,,,1308.0,10464,,,,50.0,125,,,,26.0095,6658,,,,380.0,7600,,,,15.0,7680,
3911,,,1306.8,10454,,,,50.0,125,,,,26.0378,6666,,,,380.0,7600,,,,15.0,7680,
3912,,,1305.6,10445,,,,50.0,125,,,,26.0662,6673,,,,380.0,7600,,,,15.0,7680,
3913,,,1304.4,10435,,,,50.0,125,,,,26.0946,6680,,,,380.0,7600,,,,15.0,7680,
3914,,,1303.2,10426,,,,50.0,125,,,,26.1231,6688,,,,380.0,7600,,,,15.0,7680,
3915,,,1302.0,10416,,,,50.0,125,,,,26.1517,6695,,,,380.0,7600,,,,15.0,7680,
3916,,,1300.8,10406,,,,50.0,125,,,,26.1803,6702,,,,380.0,7600,,,,15.0,7680,
3917,,,1299.6,10397,,,,50.0,125,,,,26.209,6709,,,,380.0,7600,,,,15.0,7680,
3918,,,1298.4,10387,,,,50.0,125,,,,26.2377,6717,,,,380.0,7600,,,,15.0,7680,
3919,,,1297.2,10378,,,,50.0,125,,,,26.2665,6724,,,,380.0,7600,,,,15.0,7680,
3920,,,1296.0,10368,,,,50.0,125,,,,26.2953,6732,,,,380.0,7600,,,,15.0,7680,
3921,,,1294.8,10358,,,,50.0,125,,,,26.3243,6739,,,,380.0,7600,,,,15.0,7680,
3922,,,1293.6,10349,,,,50.0,125,,,,26.3532,6746,,,,380.0,7600,,,,15.0,7680,
3923,,,1292.4,10339,,,,50.0,125,,,,26.3823,6754,,,,380.0,7600,,,,15.0,7680,
3924,,,1291.2,10330,,,,50.0,125,,,,26.4113,6761,,,,380.0,7600,,,,15.0,7680,
3925,,,1290.0,10320,,,,50.0,125,,,,26.4405,6769,,,,380.0,7600,,,,15.0,7680,
3926,,,1288.8,10310,,,,50.0,125,,,,26.4697,6776,,,,380.0,7600,,,,15.0,7680,
3927,,,1287.6,10301,,,,50.0,125,,,,26.499,6784,,,,380.0,7600,,,,15.0,7680,
3928,,,1286.4,10291,,,,50.0,125,,,,26.5283,6791,,,,380.0,7600,,,,15.0,7680,
3929,,,1285.2,10282,,,,50.0,125,,,,26.5577,6799,,,,380.0,7600,,,,15.0,7680,
3930,,,1284.0,10272,,,,50.0,125,,,,26.5871,6806,,,,380.0,7600,,,,15.0,7680,
3931,,,1282.8,10262,,,,50.0,125,,,,26.6166,6814,,,,380.0,7600,,,,15.0,7680,
3932,,,1281.6,10253,,,,50.0,125,,,,26.6461,6821,,,,380.0,7600,,,,15.0,7680,
3933,,,1280.4,10243,,,,50.0,125,,,,26.6757,6829,,,,380.0,7600,,,,15.0,7680,
3934,,,1279.2,10234,,,,50.0,125,,,,26.7054,6837,,,,380.0,7600,,,,15.0,7680,
3935,,,1278.0,10224,,,,50.0,125,,,,26.7351,6844,,,,380.0,7600,,,,15.0,7680,
3936,,,1276.8,10214,,,,50.0,125,,,,26.7649,6852,,,,380.0,7600,,,,15.0,7680,
3937,,,1275.6,10205,,,,50.0,125,,,,26.7947,6859,,,,380.0,7600,,,,15.0,7680,
3938,,,1274.4,10195,,,,50.0,125,,,,26.8246,6867,,,,380.0,7600,,,,15.0,7680,
3939,,,1273.2,10186,,,,50.0,125,,,,26.8546,6875,,,,380.0,7600,,,,15.0,7680,
3940,,,1272.0,10176,,,,50.0,125,,,,26.8846,6882,,,,380.0,7600,,,,15.0,7680,
3941,,,1270.8,10166,,,,50.0,125,,,,26.9147,6890,,,,380.0,7600,,,,15.0,7680,
3942,,,1269.6,10157,,,,50.0,125,,,,26.9448,6898,,,,380.0,7600,,,,15.0,7680,
3943,,,1268.4,10147,,,,50.0,125,,,,26.975,6906,,,,380.0,7600,,,,15.0,7680,
3944,,,1267.2,10138,,,,50.0,125,,,,27.0052,6913,,,,380.0,7600,,,,15.0,7680,
3945,,,1266.0,10128,,,,50.0,125,,,,27.0355,6921,,,,380.0,7600,,,,15.0,7680,
3946,,,1264.8,10118,,,,50.0,125,,,,27.0659,6929,,,,380.0,7600,,,,15.0,7680,
3947,,,1263.6,10109,,,,50.0,125,,,,27.0963,6937,,,,380.0,7600,,,,15.0,7680,
3948,,,1262.4,10099,,,,50.0,125,,,,27.1267,6944,,,,380.0,7600,,,,15.0,7680,
3949,,,1261.2,10090,,,,50.0,125,,,,27.1572,6952,,,,380.0,7600,,,,15.0,7680,
3950,,,1260.0,10080,,,,50.0,125,,,,27.1878,6960,,,,380.0,7600,,,,15.0,7680,
3951,,,1258.8,10070,,,,50.0,125,,,,27.2185,6968,,,,380.0,7600,,,,15.0,7680,
3952,,,1257.6,10061,,,,50.0,125,,,,27.2491,6976,,,,380.0,7600,,,,15.0,7680,
3953,,,1256.4,10051,,,,50.0,125,,,,27.2799,6984,,,,380.0,7600,,,,15.0,7680,
3954,,,1255.2,10042,,,,50.0,125,,,,27.3107,6992,,,,380.0,7600,,,,15.0,7680,
3955,,,1254.0,10032,,,,50.0,125,,,,27.3415,6999,,,,380.0,7600,,,,15.0,7680,
3956,,,1252.8,10022,,,,50.0,125,,,,27.3725,7007,,,,380.0,7600,,,,15.0,7680,
3957,,,1251.6,10013,,,,50.0,125,,,,27.4034,7015,,,,380.0,7600,,,,15.0,7680,
3958,,,1250.4,10003,,,,50.0,125,,,,27.4345,7023,,,,380.0,7600,,,,15.0,7680,
3959,,,1249.2,9994,,,,50.0,125,,,,27.4655,7031,,,,380.0,7600,,,,15.0,7680,
3960,,,1248.0,9984,,,,50.0,125,,,,27.4967,7039,,,,380.0,7600,,,,15.0,7680,
3961,,,1246.8,9974,,,,50.0,125,,,,27.5279,7047,,,,380.0,7600,,,,15.0,7680,
3962,,,1245.6,9965,,,,50.0,125,,,,27.5591,7055,,,,380.0,7600,,,,15.0,7680,
3963,,,1244.4,9955,,,,50.0,125,,,,27.5904,7063,,,,380.0,7600,,,,15.0,7680,
3964,,,1243.2,9946,,,,50.0,125,,,,27.6218,7071,,,,380.0,7600,,,,15.0,7680,
3965,,,1242.0,9936,,,,50.0,125,,,,27.6532,7079,,,,380.0,7600,,,,15.0,7680,
3966,,,1240.8,9926,,,,50.0,125,,,,27.6846,7087,,,,380.0,7600,,,,15.0,7680,
3967,,,1239.6,9917,,,,50.0,125,,,,27.7162,7095,,,,380.0,7600,,,,15.0,7680,
3968,,,1238.4,9907,,,,50.0,125,,,,27.7477,7103,,,,380.0,7600,,,,15.0,7680,
3969,,,1237.2,9898,,,,50.0,125,,,,27.7794,7112,,,,380.0,7600,,,,15.0,7680,
3970,,,1236.0,9888,,,,50.0,125,,,,27.8111,7120,,,,380.0,7600,,,,15.0,7680,
3971,,,1234.8,9878,,,,50.0,125,,,,27.8428,7128,,,,380.0,7600,,,,15.0,7680,
3972,,,1233.6,9869,,,,50.0,125,,,,27.8746,7136,,,,380.0,7600,,,,15.0,7680,
3973,,,1232.4,9859,,,,50.0,125,,,,27.9065,7144,,,,380.0,7600,,,,15.0,7680,
3974,,,1231.2,9850,,,,50.0,125,,,,27.9384,7152,,,,380.0,7600,,,,15.0,7680,
3975,,,1230.0,9840,,,,50.0,125,,,,27.9703,7160,,,,380.0,7600,,,,15.0,7680,
3976,,,1228.8,9830,,,,50.0,125,,,,28.0023,7169,,,,380.0,7600,,,,15.0,7680,
3977,,,1227.6,9821,,,,50.0,125,,,,28.0344,7177,,,,380.0,7600,,,,15.0,7680,
3978,,,1226.4,9811,,,,50.0,125,,,,28.0665,7185,,,,380.0,7600,,,,15.0,7680,
3979,,,1225.2,9802,,,,50.0,125,,,,28.0987,7193,,,,380.0,7600,,,,15.0,7680,
3980,,,1224.0,9792,,,,50.0,125,,,,28.1309,7202,,,,380.0,7600,,,,15.0,7680,
3981,,,1222.8,9782,,,,50.0,125,,,,28.1632,7210,,,,380.0,7600,,,,15.0,7680,
3982,,,1221.6,9773,,,,50.0,125,,,,28.1956,7218,,,,380.0,7600,,,,15.0,7680,
3983,,,1220.4,9763,,,,50.0,125,,,,28.228,7226,,,,380.0,7600,,,,15.0,7680,
3984,,,1219.2,9754,,,,50.0,125,,,,28.2604,7235,,,,380.0,7600,,,,15.0,7680,
3985,,,1218.0,9744,,,,50.0,125,,,,28.2929,7243,,,,380.0,7600,,,,15.0,7680,
3986,,,1216.8,9734,,,,50.0,125,,,,28.3255,7251,,,,380.0,7600,,,,15.0,7680,
3987,,,1215.6,9725,,,,50.0,125,,,,28.3581,7260,,,,380.0,7600,,,,15.0,7680,
3988,,,1214.4,9715,,,,50.0,125,,,,28.3907,7268,,,,380.0,7600,,,,15.0,7680,
3989,,,1213.2,9706,,,,50.0,125,,,,28.4234,7276,,,,380.0,7600,,,,15.0,7680,
3990,,,1212.0,9696,,,,50.0,125,,,,28.4562,7285,,,,380.0,7600,,,,15.0,7680,
3991,,,1210.8,9686,,,,50.0,125,,,,28.489,7293,,,,380.0,7600,,,,15.0,7680,
3992,,,1209.6,9677,,,,50.0,125,,,,28.5219,7302,,,,380.0,7600,,,,15.0,7680,
3993,,,1208.4,9667,,,,50.0,125,,,,28.5548,7310,,,,380.0,7600,,,,15.0,7680,
3994,,,1207.2,9658,,,,50.0,125,,,,28.5878,7318,,,,380.0,7600,,,,15.0,7680,
3995,,,1206.0,9648,,,,50.0,125,,,,28.6208,7327,,,,380.0,7600,,,,15.0,7680,
3996,,,1204.8,9638,,,,50.0,125,,,,28.6539,7335,,,,380.0,7600,,,,15.0,7680,
3997,,,1203.6,9629,,,,50.0,125,,,,28.6871,7344,,,,380.0,7600,,,,15.0,7680,
3998,,,1202.4,9619,,,,50.0,125,,,,28.7203,7352,,,,380.0,7600,,,,15.0,7680,
3999,,,1201.2,9610,,,,50.0,125,,,,28.7535,7361,,,,380.0,7600,,,,15.0,7680,
4000,,,1200.0,9600,,,,40.0,100,,,,28.7868,7369,,,,0.0,0,,,,15.0,7680,
4001,,,1198.8,9590,,,,40.0,100,,,,28.8201,7378,,,,0.0,0,,,,15.0,7680,
4002,,,1197.6,9581,,,,40.0,100,,,,28.8535,7387,,,,0.0,0,,,,15.0,7680,
4003,,,1196.4,9571,,,,40.0,100,,,,28.887,7395,,,,0.0,0,,,,15.0,7680,
4004,,,1195.2,9562,,,,40.0,100,,,,28.9205,7404,,,,0.0,0,,,,15.0,7680,
4005,,,1194.0,9552,,,,40.0,100,,,,28.9541,7412,,,,0.0,0,,,,15.0,7680,
4006,,,1192.8,9542,,,,40.0,100,,,,28.9877,7421,,,,0.0,0,,,,15.0,7680,
4007,,,1191.6,9533,,,,40.0,100,,,,29.0213,7429,,,,0.0,0,,,,15.0,7680,
4008,,,1190.4,9523,,,,40.0,100,,,,29.055,7438,,,,0.0,0,,,,15.0,7680,
4009,,,1189.2,9514,,,,40.0,100,,,,29.0888,7447,,,,0.0,0,,,,15.0,7680,
4010,,,1188.0,9504,,,,40.0,100,,,,29.1226,7455,,,,0.0,0,,,,15.0,7680,
4011,,,1186.8,9494,,,,40.0,100,,,,29.1565,7464,,,,0.0,0,,,,15.0,7680,
4012,,,1185.6,9485,,,,40.0,100,,,,29.1904,7473,,,,0.0,0,,,,15.0,7680,
4013,,,1184.4,9475,,,,40.0,100,,,,29.2244,7481,,,,0.0,0,,,,15.0,7680,
4014,,,1183.2,9466,,,,40.0,100,,,,29.2584,7490,,,,0.0,0,,,,15.0,7680,
4015,,,1182.0,9456,,,,40.0,100,,,,29.2925,7499,,,,0.0,0,,,,15.0,7680,
4016,,,1180.8,9446,,,,40.0,100,,,,29.3266,7508,,,,0.0,0,,,,15.0,7680,
4017,,,1179.6,9437,,,,40.0,100,,,,29.3608,7516,,,,0.0,0,,,,15.0,7680,
4018,,,1178.4,9427,,,,40.0,100,,,,29.395,7525,,,,0.0,0,,,,15.0,7680,
4019,,,1177.2,9418,,,,40.0,100,,,,29.4293,7534,,,,0.0,0,,,,15.0,7680,
4020,,,1176.0,9408,,,,40.0,100,,,,29.4636,7543,,,,0.0,0,,,,15.0,7680,
4021,,,1174.8,9398,,,,40.0,100,,,,29.498,7551,,,,0.0,0,,,,15.0,7680,
4022,,,1173.6,9389,,,,40.0,100,,,,29.5324,7560,,,,0.0,0,,,,15.0,7680,
4023,,,1172.4,9379,,,,40.0,100,,,,29.5669,7569,,,,0.0,0,,,,15.0,7680,
4024,,,1171.2,9370,,,,40.0,100,,,,29.6014,7578,,,,0.0,0,,,,15.0,7680,
4025,,,1170.0,9360,,,,40.0,100,,,,29.636,7587,,,,0.0,0,,,,15.0,7680,
4026,,,1168.8,9350,,,,40.0,100,,,,29.6706,7596,,,,0.0,0,,,,15.0,7680,
4027,,,1167.6,9341,,,,40.0,100,,,,29.7053,7605,,,,0.0,0,,,,15.0,7680,
4028,,,1166.4,9331,,,,40.0,100,,,,29.74,7613,,,,0.0,0,,,,15.0,7680,
4029,,,1165.2,9322,,,,40.0,100,,,,29.7748,7622,,,,0.0,0,,,,15.0,7680,
4030,,,1164.0,9312,,,,40.0,100,,,,29.8096,7631,,,,0.0,0,,,,15.0,7680,
4031,,,1162.8,9302,,,,40.0,100,,,,29.8445,7640,,,,0.0,0,,,,15.0,7680,
4032,,,1161.6,9293,,,,40.0,100,,,,29.8794,7649,,,,0.0,0,,,,15.0,7680,
4033,,,1160.4,9283,,,,40.0,100,,,,29.9144,7658,,,,0.0,0,,,,15.0,7680,
4034,,,1159.2,9274,,,,40.0,100,,,,29.9494,7667,,,,0.0,0,,,,15.0,7680,
4035,,,1158.0,9264,,,,40.0,100,,,,29.9845,7676,,,,0.0,0,,,,15.0,7680,
4036,,,1156.8,9254,,,,40.0,100,,,,30.0196,7685,,,,0.0,0,,,,15.0,7680,
4037,,,1155.6,9245,,,,40.0,100,,,,30.0548,7694,,,,0.0,0,,,,15.0,7680,
4038,,,1154.4,9235,,,,40.0,100,,,,30.09,7703,,,,0.0,0,,,,15.0,7680,
4039,,,1153.2,9226,,,,40.0,100,,,,30.1253,7712,,,,0.0,0,,,,15.0,7680,
4040,,,1152.0,9216,,,,40.0,100,,,,30.1606,7721,,,,0.0,0,,,,15.0,7680,
4041,,,1150.8,9206,,,,40.0,100,,,,30.196,7730,,,,0.0,0,,,,15.0,7680,
4042,,,1149.6,9197,,,,40.0,100,,,,30.2314,7739,,,,0.0,0,,,,15.0,7680,
4043,,,1148.4,9187,,,,40.0,100,,,,30.2669,7748,,,,0.0,0,,,,15.0,7680,
4044,,,1147.2,9178,,,,40.0,100,,,,30.3024,7757,,,,0.0,0,,,,15.0,7680,
4045,,,1146.0,9168,,,,40.0,100,,,,30.338,7767,,,,0.0,0,,,,15.0,7680,
4046,,,1144.8,9158,,,,40.0,100,,,,30.3736,7776,,,,0.0,0,,,,15.0,7680,
4047,,,1143.6,9149,,,,40.0,100,,,,30.4093,7785,,,,0.0,0,,,,15.0,7680,
4048,,,1142.4,9139,,,,40.0,100,,,,30.445,7794,,,,0.0,0,,,,15.0,7680,
4049,,,1141.2,9130,,,,40.0,100,,,,30.4807,7803,,,,0.0,0,,,,15.0,7680,
4050,,,1140.0,9120,,,,40.0,100,,,,30.5166,7812,,,,0.0,0,,,,15.0,7680,
4051,,,1138.8,9110,,,,40.0,100,,,,30.5524,7821,,,,0.0,0,,,,15.0,7680,
4052,,,1137.6,9101,,,,40.0,100,,,,30.5883,7831,,,,0.0,0,,,,15.0,7680,
4053,,,1136.4,9091,,,,40.0,100,,,,30.6243,7840,,,,0.0,0,,,,15.0,7680,
4054,,,1135.2,9082,,,,40.0,100,,,,30.6603,7849,,,,0.0,0,,,,15.0,7680,
4055,,,1134.0,9072,,,,40.0,100,,,,30.6963,7858,,,,0.0,0,,,,15.0,7680,
4056,,,1132.8,9062,,,,40.0,100,,,,30.7324,7867,,,,0.0,0,,,,15.0,7680,
4057,,,1131.6,9053,,,,40.0,100,,,,30.7686,7877,,,,0.0,0,,,,15.0,7680,
4058,,,1130.4,9043,,,,40.0,100,,,,30.8048,7886,,,,0.0,0,,,,15.0,7680,
4059,,,1129.2,9034,,,,40.0,100,,,,30.841,7895,,,,0.0,0,,,,15.0,7680,
4060,,,1128.0,9024,,,,40.0,100,,,,30.8773,7905,,,,0.0,0,,,,15.0,7680,
4061,,,1126.8,9014,,,,40.0,100,,,,30.9136,7914,,,,0.0,0,,,,15.0,7680,
4062,,,1125.6,9005,,,,40.0,100,,,,30.95,7923,,,,0.0,0,,,,15.0,7680,
4063,,,1124.4,8995,,,,40.0,100,,,,30.9864,7933,,,,0.0,0,,,,15.0,7680,
4064,,,1123.2,8986,,,,40.0,100,,,,31.0229,7942,,,,0.0,0,,,,15.0,7680,
4065,,,1122.0,8976,,,,40.0,100,,,,31.0594,7951,,,,0.0,0,,,,15.0,7680,
4066,,,1120.8,8966,,,,40.0,100,,,,31.096,7961,,,,0.0,0,,,,15.0,7680,
4067,,,1119.6,8957,,,,40.0,100,,,,31.1326,7970,,,,0.0,0,,,,15.0,7680,
4068,,,1118.4,8947,,,,40.0,100,,,,31.1693,7979,,,,0.0,0,,,,15.0,7680,
4069,,,1117.2,8938,,,,40.0,100,,,,31.206,7989,,,,0.0,0,,,,15.0,7680,
4070,,,1116.0,8928,,,,40.0,100,,,,31.2427,7998,,,,0.0,0,,,,15.0,7680,
4071,,,1114.8,8918,,,,40.0,100,,,,31.2795,8008,,,,0.0,0,,,,15.0,7680,
4072,,,1113.6,8909,,,,40.0,100,,,,31.3164,8017,,,,0.0,0,,,,15.0,7680,
4073,,,1112.4,8899,,,,40.0,100,,,,31.3533,8026,,,,0.0,0,,,,15.0,7680,
4074,,,1111.2,8890,,,,40.0,100,,,,31.3902,8036,,,,0.0,0,,,,15.0,7680,
4075,,,1110.0,8880,,,,40.0,100,,,,31.4272,8045,,,,0.0,0,,,,15.0,7680,
4076,,,1108.8,8870,,,,40.0,100,,,,31.4642,8055,,,,0.0,0,,,,15.0,7680,
4077,,,1107.6,8861,,,,40.0,100,,,,31.5013,8064,,,,0.0,0,,,,15.0,7680,
4078,,,1106.4,8851,,,,40.0,100,,,,31.5384,8074,,,,0.0,0,,,,15.0,7680,
4079,,,1105.2,8842,,,,40.0,100,,,,31.5756,8083,,,,0.0,0,,,,15.0,7680,
4080,,,1104.0,8832,,,,40.0,100,,,,31.6128,8093,,,,0.0,0,,,,15.0,7680,
4081,,,1102.8,8822,,,,40.0,100,,,,31.65,8102,,,,0.0,0,,,,15.0,7680,
4082,,,1101.6,8813,,,,40.0,100,,,,31.6873,8112,,,,0.0,0,,,,15.0,7680,
4083,,,1100.4,8803,,,,40.0,100,,,,31.7247,8122,,,,0.0,0,,,,15.0,7680,
4084,,,1099.2,8794,,,,40.0,100,,,,31.7621,8131,,,,0.0,0,,,,15.0,7680,
4085,,,1098.0,8784,,,,40.0,100,,,,31.7995,8141,,,,0.0,0,,,,15.0,7680,
4086,,,1096.8,8774,,,,40.0,100,,,,31.837,8150,,,,0.0,0,,,,15.0,7680,
4087,,,1095.6,8765,,,,40.0,100,,,,31.8745,8160,,,,0.0,0,,,,15.0,7680,
4088,,,1094.4,8755,,,,40.0,100,,,,31.9121,8170,,,,0.0,0,,,,15.0,7680,
4089,,,1093.2,8746,,,,40.0,100,,,,31.9497,8179,,,,0.0,0,,,,15.0,7680,
4090,,,1092.0,8736,,,,40.0,100,,,,31.9874,8189,,,,0.0,0,,,,15.0,7680,
4091,,,1090.8,8726,,,,40.0,100,,,,32.0251,8198,,,,0.0,0,,,,15.0,7680,
4092,,,1089.6,8717,,,,40.0,100,,,,32.0629,8208,,,,0.0,0,,,,15.0,7680,
4093,,,1088.4,8707,,,,40.0,100,,,,32.1006,8218,,,,0.0,0,,,,15.0,7680,
4094,,,1087.2,8698,,,,40.0,100,,,,32.1385,8227,,,,0.0,0,,,,15.0,7680,
4095,,,1086.0,8688,,,,40.0,100,,,,32.1764,8237,,,,0.0,0,,,,15.0,7680,
4096,,,1084.8,8678,,,,40.0,100,,,,32.2143,8247,,,,0.0,0,,,,15.0,7680,
4097,,,1083.6,8669,,,,40.0,100,,,,32.2523,8257,,,,0.0,0,,,,15.0,7680,
4098,,,1082.4,8659,,,,40.0,100,,,,32.2903,8266,,,,0.0,0,,,,15.0,7680,
4099,,,1081.2,8650,,,,40.0,100,,,,32.3283,8276,,,,0.0,0,,,,15.0,7680,
4100,,,1080.0,8640,,,,40.0,100,,,,32.3664,8286,,,,0.0,0,,,,15.0,7680,
4101,,,1078.8,8630,,,,40.0,100,,,,32.4046,8296,,,,0.0,0,,,,15.0,7680,
4102,,,1077.6,8621,,,,40.0,100,,,,32.4428,8305,,,,0.0,0,,,,15.0,7680,
4103,,,1076.4,8611,,,,40.0,100,,,,32.481,8315,,,,0.0,0,,,,15.0,7680,
4104,,,1075.2,8602,,,,40.0,100,,,,32.5193,8325,,,,0.0,0,,,,15.0,7680,
4105,,,1074.0,8592,,,,40.0,100,,,,32.5576,8335,,,,0.0,0,,,,15.0,7680,
4106,,,1072.8,8582,,,,40.0,100,,,,32.596,8345,,,,0.0,0,,,,15.0,7680,
4107,,,1071.6,8573,,,,40.0,100,,,,32.6344,8354,,,,0.0,0,,,,15.0,7680,
4108,,,1070.4,8563,,,,40.0,100,,,,32.6728,8364,,,,0.0,0,,,,15.0,7680,
4109,,,1069.2,8554,,,,40.0,100,,,,32.7113,8374,,,,0.0,0,,,,15.0,7680,
4110,,,1068.0,8544,,,,40.0,100,,,,32.7498,8384,,,,0.0,0,,,,15.0,7680,
4111,,,1066.8,8534,,,,40.0,100,,,,32.7884,8394,,,,0.0,0,,,,15.0,7680,
4112,,,1065.6,8525,,,,40.0,100,,,,32.827,8404,,,,0.0,0,,,,15.0,7680,
4113,,,1064.4,8515,,,,40.0,100,,,,32.8657,8414,,,,0.0,0,,,,15.0,7680,
4114,,,1063.2,8506,,,,40.0,100,,,,32.9044,8424,,,,0.0,0,,,,15.0,7680,
4115,,,1062.0,8496,,,,40.0,100,,,,32.9431,8433,,,,0.0,0,,,,15.0,7680,
4116,,,1060.8,8486,,,,40.0,100,,,,32.9819,8443,,,,0.0,0,,,,15.0,7680,
4117,,,1059.6,8477,,,,40.0,100,,,,33.0208,8453,,,,0.0,0,,,,15.0,7680,
4118,,,1058.4,8467,,,,40.0,100,,,,33.0596,8463,,,,0.0,0,,,,15.0,7680,
4119,,,1057.2,8458,,,,40.0,100,,,,33.0985,8473,,,,0.0,0,,,,15.0,7680,
4120,,,1056.0,8448,,,,40.0,100,,,,33.1375,8483,,,,0.0,0,,,,15.0,7680,
4121,,,1054.8,8438,,,,40.0,100,,,,33.1765,8493,,,,0.0,0,,,,15.0,7680,
4122,,,1053.6,8429,,,,40.0,100,,,,33.2155,8503,,,,0.0,0,,,,15.0,7680,
4123,,,1052.4,8419,,,,40.0,100,,,,33.2546,8513,,,,0.0,0,,,,15.0,7680,
4124,,,1051.2,8410,,,,40.0,100,,,,33.2937,8523,,,,0.0,0,,,,15.0,7680,
4125,,,1050.0,8400,,,,40.0,100,,,,33.3329,8533,,,,0.0,0,,,,15.0,7680,
4126,,,1048.8,8390,,,,40.0,100,,,,33.3721,8543,,,,0.0,0,,,,15.0,7680,
4127,,,1047.6,8381,,,,40.0,100,,,,33.4113,8553,,,,0.0,0,,,,15.0,7680,
4128,,,1046.4,8371,,,,40.0,100,,,,33.4506,8563,,,,0.0,0,,,,15.0,7680,
4129,,,1045.2,8362,,,,40.0,100,,,,33.4899,8573,,,,0.0,0,,,,15.0,7680,
4130,,,1044.0,8352,,,,40.0,100,,,,33.5293,8584,,,,0.0,0,,,,15.0,7680,
4131,,,1042.8,8342,,,,40.0,100,,,,33.5687,8594,,,,0.0,0,,,,15.0,7680,
4132,,,1041.6,8333,,,,40.0,100,,,,33.6082,8604,,,,0.0,0,,,,15.0,7680,
4133,,,1040.4,8323,,,,40.0,100,,,,33.6477,8614,,,,0.0,0,,,,15.0,7680,
4134,,,1039.2,8314,,,,40.0,100,,,,33.6872,8624,,,,0.0,0,,,,15.0,7680,
4135,,,1038.0,8304,,,,40.0,100,,,,33.7268,8634,,,,0.0,0,,,,15.0,7680,
4136,,,1036.8,8294,,,,40.0,100,,,,33.7664,8644,,,,0.0,0,,,,15.0,7680,
4137,,,1035.6,8285,,,,40.0,100,,,,33.806,8654,,,,0.0,0,,,,15.0,7680,
4138,,,1034.4,8275,,,,40.0,100,,,,33.8457,8664,,,,0.0,0,,,,15.0,7680,
4139,,,1033.2,8266,,,,40.0,100,,,,33.8854,8675,,,,0.0,0,,,,15.0,7680,
4140,,,1032.0,8256,,,,40.0,100,,,,33.9252,8685,,,,0.0,0,,,,15.0,7680,
4141,,,1030.8,8246,,,,40.0,100,,,,33.965,8695,,,,0.0,0,,,,15.0,7680,
4142,,,1029.6,8237,,,,40.0,100,,,,34.0049,8705,,,,0.0,0,,,,15.0,7680,
4143,,,1028.4,8227,,,,40.0,100,,,,34.0447,8715,,,,0.0,0,,,,15.0,7680,
4144,,,1027.2,8218,,,,40.0,100,,,,34.0847,8726,,,,0.0,0,,,,15.0,7680,
4145,,,1026.0,8208,,,,40.0,100,,,,34.1246,8736,,,,0.0,0,,,,15.0,7680,
4146,,,1024.8,8198,,,,40.0,100,,,,34.1646,8746,,,,0.0,0,,,,15.0,7680,
4147,,,1023.6,8189,,,,40.0,100,,,,34.2047,8756,,,,0.0,0,,,,15.0,7680,
4148,,,1022.4,8179,,,,40.0,100,,,,34.2448,8767,,,,0.0,0,,,,15.0,7680,
4149,,,1021.2,8170,,,,40.0,100,,,,34.2849,8777,,,,0.0,0,,,,15.0,7680,
4150,,,1020.0,8160,,,,40.0,100,,,,34.325,8787,,,,0.0,0,,,,15.0,7680,
4151,,,1018.8,8150,,,,40.0,100,,,,34.3652,8798,,,,0.0,0,,,,15.0,7680,
4152,,,1017.6,8141,,,,40.0,100,,,,34.4055,8808,,,,0.0,0,,,,15.0,7680,
4153,,,1016.4,8131,,,,40.0,100,,,,34.4458,8818,,,,0.0,0,,,,15.0,7680,
4154,,,1015.2,8122,,,,40.0,100,,,,34.4861,8828,,,,0.0,0,,,,15.0,7680,
4155,,,1014.0,8112,,,,40.0,100,,,,34.5264,8839,,,,0.0,0,,,,15.0,7680,
4156,,,1012.8,8102,,,,40.0,100,,,,34.5668,8849,,,,0.0,0,,,,15.0,7680,
4157,,,1011.6,8093,,,,40.0,100,,,,34.6072,8859,,,,0.0,0,,,,15.0,7680,
4158,,,1010.4,8083,,,,40.0,100,,,,34.6477,8870,,,,0.0,0,,,,15.0,7680,
4159,,,1009.2,8074,,,,40.0,100,,,,34.6882,8880,,,,0.0,0,,,,15.0,7680,
4160,,,1008.0,8064,,,,40.0,100,,,,34.7288,8891,,,,0.0,0,,,,15.0,7680,
4161,,,1006.8,8054,,,,40.0,100,,,,34.7693,8901,,,,0.0,0,,,,15.0,7680,
4162,,,1005.6,8045,,,,40.0,100,,,,34.81,8911,,,,0.0,0,,,,15.0,7680,
4163,,,1004.4,8035,,,,40.0,100,,,,34.8506,8922,,,,0.0,0,,,,15.0,7680,
4164,,,1003.2,8026,,,,40.0,100,,,,34.8913,8932,,,,0.0,0,,,,15.0,7680,
4165,,,1002.0,8016,,,,40.0,100,,,,34.932,8943,,,,0.0,0,,,,15.0,7680,
4166,,,1000.8,8006,,,,40.0,100,,,,34.9728,8953,,,,0.0,0,,,,15.0,7680,
4167,,,999.6,7997,,,,40.0,100,,,,35.0136,8963,,,,0.0,0,,,,15.0,7680,
4168,,,998.4,7987,,,,40.0,100,,,,35.0544,8974,,,,0.0,0,,,,15.0,7680,
4169,,,997.2,7978,,,,40.0,100,,,,35.0953,8984,,,,0.0,0,,,,15.0,7680,
4170,,,996.0,7968,,,,40.0,100,,,,35.1362,8995,,,,0.0,0,,,,15.0,7680,
4171,,,994.8,7958,,,,40.0,100,,,,35.1772,9005,,,,0.0,0,,,,15.0,7680,
4172,,,993.6,7949,,,,40.0,100,,,,35.2182,9016,,,,0.0,0,,,,15.0,7680,
4173,,,992.4,7939,,,,40.0,100,,,,35.2592,9026,,,,0.0,0,,,,15.0,7680,
4174,,,991.2,7930,,,,40.0,100,,,,35.3003,9037,,,,0.0,0,,,,15.0,7680,
4175,,,990.0,7920,,,,40.0,100,,,,35.3414,9047,,,,0.0,0,,,,15.0,7680,
4176,,,988.8,7910,,,,40.0,100,,,,35.3825,9058,,,,0.0,0,,,,15.0,7680,
4177,,,987.6,7901,,,,40.0,100,,,,35.4237,9068,,,,0.0,0,,,,15.0,7680,
4178,,,986.4,7891,,,,40.0,100,,,,35.4649,9079,,,,0.0,0,,,,15.0,7680,
4179,,,985.2,7882,,,,40.0,100,,,,35.5061,9090,,,,0.0,0,,,,15.0,7680,
4180,,,984.0,7872,,,,40.0,100,,,,35.5474,9100,,,,0.0,0,,,,15.0,7680,
4181,,,982.8,7862,,,,40.0,100,,,,35.5887,9111,,,,0.0,0,,,,15.0,7680,
4182,,,981.6,7853,,,,40.0,100,,,,35.6301,9121,,,,0.0,0,,,,15.0,7680,
4183,,,980.4,7843,,,,40.0,100,,,,35.6714,9132,,,,0.0,0,,,,15.0,7680,
4184,,,979.2,7834,,,,40.0,100,,,,35.7129,9142,,,,0.0,0,,,,15.0,7680,
4185,,,978.0,7824,,,,40.0,100,,,,35.7543,9153,,,,0.0,0,,,,15.0,7680,
4186,,,976.8,7814,,,,40.0,100,,,,35.7958,9164,,,,0.0,0,,,,15.0,7680,
4187,,,975.6,7805,,,,40.0,100,,,,35.8373,9174,,,,0.0,0,,,,15.0,7680,
4188,,,974.4,7795,,,,40.0,100,,,,35.8789,9185,,,,0.0,0,,,,15.0,7680,
4189,,,973.2,7786,,,,40.0,100,,,,35.9205,9196,,,,0.0,0,,,,15.0,7680,
4190,,,972.0,7776,,,,40.0,100,,,,35.9621,9206,,,,0.0,0,,,,15.0,7680,
4191,,,970.8,7766,,,,40.0,100,,,,36.0038,9217,,,,0.0,0,,,,15.0,7680,
4192,,,969.6,7757,,,,40.0,100,,,,36.0455,9228,,,,0.0,0,,,,15.0,7680,
4193,,,968.4,7747,,,,40.0,100,,,,36.0872,9238,,,,0.0,0,,,,15.0,7680,
4194,,,967.2,7738,,,,40.0,100,,,,36.129,9249,,,,0.0,0,,,,15.0,7680,
4195,,,966.0,7728,,,,40.0,100,,,,36.1708,9260,,,,0.0,0,,,,15.0,7680,
4196,,,964.8,7718,,,,40.0,100,,,,36.2126,9270,,,,0.0,0,,,,15.0,7680,
4197,,,963.6,7709,,,,40.0,100,,,,36.2545,9281,,,,0.0,0,,,,15.0,7680,
4198,,,962.4,7699,,,,40.0,100,,,,36.2964,9292,,,,0.0,0,,,,15.0,7680,
4199,,,961.2,7690,,,,40.0,100,,,,36.3383,9303,,,,0.0,0,,,,15.0,7680,
4200,,,960.0,7680,,,,40.0,100,,,,36.3803,9313,,,,0.0,0,,,,15.0,7680,
4201,,,958.8,7670,,,,40.0,100,,,,36.4223,9324,,,,0.0,0,,,,15.0,7680,
4202,,,957.6,7661,,,,40.0,100,,,,36.4643,9335,,,,0.0,0,,,,15.0,7680,
4203,,,956.4,7651,,,,40.0,100,,,,36.5064,9346,,,,0.0,0,,,,15.0,7680,
4204,,,955.2,7642,,,,40.0,100,,,,36.5485,9356,,,,0.0,0,,,,15.0,7680,
4205,,,954.0,7632,,,,40.0,100,,,,36.5906,9367,,,,0.0,0,,,,15.0,7680,
4206,,,952.8,7622,,,,40.0,100,,,,36.6328,9378,,,,0.0,0,,,,15.0,7680,
4207,,,951.6,7613,,,,40.0,100,,,,36.675,9389,,,,0.0,0,,,,15.0,7680,
4208,,,950.4,7603,,,,40.0,100,,,,36.7173,9400,,,,0.0,0,,,,15.0,7680,
4209,,,949.2,7594,,,,40.0,100,,,,36.7595,9410,,,,0.0,0,,,,15.0,7680,
4210,,,948.0,7584,,,,40.0,100,,,,36.8018,9421,,,,0.0,0,,,,15.0,7680,
4211,,,946.8,7574,,,,40.0,100,,,,36.8442,9432,,,,0.0,0,,,,15.0,7680,
4212,,,945.6,7565,,,,40.0,100,,,,36.8865,9443,,,,0.0,0,,,,15.0,7680,
4213,,,944.4,7555,,,,40.0,100,,,,36.9289,9454,,,,0.0,0,,,,15.0,7680,
4214,,,943.2,7546,,,,40.0,100,,,,36.9714,9465,,,,0.0,0,,,,15.0,7680,
4215,,,942.0,7536,,,,40.0,100,,,,37.0138,9476,,,,0.0,0,,,,15.0,7680,
4216,,,940.8,7526,,,,40.0,100,,,,37.0563,9486,,,,0.0,0,,,,15.0,7680,
4217,,,939.6,7517,,,,40.0,100,,,,37.0988,9497,,,,0.0,0,,,,15.0,7680,
4218,,,938.4,7507,,,,40.0,100,,,,37.1414,9508,,,,0.0,0,,,,15.0,7680,
4219,,,937.2,7498,,,,40.0,100,,,,37.184,9519,,,,0.0,0,,,,15.0,7680,
4220,,,936.0,7488,,,,40.0,100,,,,37.2266,9530,,,,0.0,0,,,,15.0,7680,
4221,,,934.8,7478,,,,40.0,100,,,,37.2693,9541,,,,0.0,0,,,,15.0,7680,
4222,,,933.6,7469,,,,40.0,100,,,,37.312,9552,,,,0.0,0,,,,15.0,7680,
4223,,,932.4,7459,,,,40.0,100,,,,37.3547,9563,,,,0.0,0,,,,15.0,7680,
4224,,,931.2,7450,,,,40.0,100,,,,37.3974,9574,,,,0.0,0,,,,15.0,7680,
4225,,,930.0,7440,,,,40.0,100,,,,37.4402,9585,,,,0.0,0,,,,15.0,7680,
4226,,,928.8,7430,,,,40.0,100,,,,37.483,9596,,,,0.0,0,,,,15.0,7680,
4227,,,927.6,7421,,,,40.0,100,,,,37.5259,9607,,,,0.0,0,,,,15.0,7680,
4228,,,926.4,7411,,,,40.0,100,,,,37.5687,9618,,,,0.0,0,,,,15.0,7680,
4229,,,925.2,7402,,,,40.0,100,,,,37.6116,9629,,,,0.0,0,,,,15.0,7680,
4230,,,924.0,7392,,,,40.0,100,,,,37.6546,9640,,,,0.0,0,,,,15.0,7680,
4231,,,922.8,7382,,,,40.0,100,,,,37.6975,9651,,,,0.0,0,,,,15.0,7680,
4232,,,921.6,7373,,,,40.0,100,,,,37.7405,9662,,,,0.0,0,,,,15.0,7680,
4233,,,920.4,7363,,,,40.0,100,,,,37.7836,9673,,,,0.0,0,,,,15.0,7680,
4234,,,919.2,7354,,,,40.0,100,,,,37.8266,9684,,,,0.0,0,,,,15.0,7680,
4235,,,918.0,7344,,,,40.0,100,,,,37.8697,9695,,,,0.0,0,,,,15.0,7680,
4236,,,916.8,7334,,,,40.0,100,,,,37.9128,9706,,,,0.0,0,,,,15.0,7680,
4237,,,915.6,7325,,,,40.0,100,,,,37.956,9717,,,,0.0,0,,,,15.0,7680,
4238,,,914.4,7315,,,,40.0,100,,,,37.9991,9728,,,,0.0,0,,,,15.0,7680,
4239,,,913.2,7306,,,,40.0,100,,,,38.0423,9739,,,,0.0,0,,,,15.0,7680,
4240,,,912.0,7296,,,,40.0,100,,,,38.0856,9750,,,,0.0,0,,,,15.0,7680,
4241,,,910.8,7286,,,,40.0,100,,,,38.1288,9761,,,,0.0,0,,,,15.0,7680,
4242,,,909.6,7277,,,,40.0,100,,,,38.1721,9772,,,,0.0,0,,,,15.0,7680,
4243,,,908.4,7267,,,,40.0,100,,,,38.2154,9783,,,,0.0,0,,,,15.0,7680,
4244,,,907.2,7258,,,,40.0,100,,,,38.2588,9794,,,,0.0,0,,,,15.0,7680,
4245,,,906.0,7248,,,,40.0,100,,,,38.3022,9805,,,,0.0,0,,,,15.0,7680,
4246,,,904.8,7238,,,,40.0,100,,,,38.3456,9816,,,,0.0,0,,,,15.0,7680,
4247,,,903.6,7229,,,,40.0,100,,,,38.389,9828,,,,0.0,0,,,,15.0,7680,
4248,,,902.4,7219,,,,40.0,100,,,,38.4325,9839,,,,0.0,0,,,,15.0,7680,
4249,,,901.2,7210,,,,40.0,100,,,,38.476,9850,,,,0.0,0,,,,15.0,7680,
4250,,,900.0,7200,,,,30.0,75,,,,38.5195,9861,,,,0.0,0,,,,15.0,7680,
4251,,,898.8,7190,,,,30.0,75,,,,38.563,9872,,,,0.0,0,,,,15.0,7680,
4252,,,897.6,7181,,,,30.0,75,,,,38.6066,9883,,,,0.0,0,,,,15.0,7680,
4253,,,896.4,7171,,,,30.0,75,,,,38.6502,9894,,,,0.0,0,,,,15.0,7680,
4254,,,895.2,7162,,,,30.0,75,,,,38.6939,9906,,,,0.0,0,,,,15.0,7680,
4255,,,894.0,7152,,,,30.0,75,,,,38.7375,9917,,,,0.0,0,,,,15.0,7680,
4256,,,892.8,7142,,,,30.0,75,,,,38.7812,9928,,,,0.0,0,,,,15.0,7680,
4257,,,891.6,7133,,,,30.0,75,,,,38.8249,9939,,,,0.0,0,,,,15.0,7680,
4258,,,890.4,7123,,,,30.0,75,,,,38.8687,9950,,,,0.0,0,,,,15.0,7680,
4259,,,889.2,7114,,,,30.0,75,,,,38.9125,9962,,,,0.0,0,,,,15.0,7680,
4260,,,888.0,7104,,,,30.0,75,,,,38.9563,9973,,,,0.0,0,,,,15.0,7680,
4261,,,886.8,7094,,,,30.0,75,,,,39.0001,9984,,,,0.0,0,,,,15.0,7680,
4262,,,885.6,7085,,,,30.0,75,,,,39.0439,9995,,,,0.0,0,,,,15.0,7680,
4263,,,884.4,7075,,,,30.0,75,,,,39.0878,10006,,,,0.0,0,,,,15.0,7680,
4264,,,883.2,7066,,,,30.0,75,,,,39.1317,10018,,,,0.0,0,,,,15.0,7680,
4265,,,882.0,7056,,,,30.0,75,,,,39.1757,10029,,,,0.0,0,,,,15.0,7680,
4266,,,880.8,7046,,,,30.0,75,,,,39.2196,10040,,,,0.0,0,,,,15.0,7680,
4267,,,879.6,7037,,,,30.0,75,,,,39.2636,10051,,,,0.0,0,,,,15.0,7680,
4268,,,878.4,7027,,,,30.0,75,,,,39.3076,10063,,,,0.0,0,,,,15.0,7680,
4269,,,877.2,7018,,,,30.0,75,,,,39.3517,10074,,,,0.0,0,,,,15.0,7680,
4270,,,876.0,7008,,,,30.0,75,,,,39.3958,10085,,,,0.0,0,,,,15.0,7680,
4271,,,874.8,6998,,,,30.0,75,,,,39.4398,10097,,,,0.0,0,,,,15.0,7680,
4272,,,873.6,6989,,,,30.0,75,,,,39.484,10108,,,,0.0,0,,,,15.0,7680,
4273,,,872.4,6979,,,,30.0,75,,,,39.5281,10119,,,,0.0,0,,,,15.0,7680,
4274,,,871.2,6970,,,,30.0,75,,,,39.5723,10131,,,,0.0,0,,,,15.0,7680,
4275,,,870.0,6960,,,,30.0,75,,,,39.6165,10142,,,,0.0,0,,,,15.0,7680,
4276,,,868.8,6950,,,,30.0,75,,,,39.6607,10153,,,,0.0,0,,,,15.0,7680,
4277,,,867.6,6941,,,,30.0,75,,,,39.705,10164,,,,0.0,0,,,,15.0,7680,
4278,,,866.4,6931,,,,30.0,75,,,,39.7492,10176,,,,0.0,0,,,,15.0,7680,
4279,,,865.2,6922,,,,30.0,75,,,,39.7935,10187,,,,0.0,0,,,,15.0,7680,
4280,,,864.0,6912,,,,30.0,75,,,,39.8379,10198,,,,0.0,0,,,,15.0,7680,
4281,,,862.8,6902,,,,30.0,75,,,,39.8822,10210,,,,0.0,0,,,,15.0,7680,
4282,,,861.6,6893,,,,30.0,75,,,,39.9266,10221,,,,0.0,0,,,,15.0,7680,
4283,,,860.4,6883,,,,30.0,75,,,,39.971,10233,,,,0.0,0,,,,15.0,7680,
4284,,,859.2,6874,,,,30.0,75,,,,40.0154,10244,,,,0.0,0,,,,15.0,7680,
4285,,,858.0,6864,,,,30.0,75,,,,40.0599,10255,,,,0.0,0,,,,15.0,7680,
4286,,,856.8,6854,,,,30.0,75,,,,40.1043,10267,,,,0.0,0,,,,15.0,7680,
4287,,,855.6,6845,,,,30.0,75,,,,40.1488,10278,,,,0.0,0,,,,15.0,7680,
4288,,,854.4,6835,,,,30.0,75,,,,40.1934,10289,,,,0.0,0,,,,15.0,7680,
4289,,,853.2,6826,,,,30.0,75,,,,40.2379,10301,,,,0.0,0,,,,15.0,7680,
4290,,,852.0,6816,,,,30.0,75,,,,40.2825,10312,,,,0.0,0,,,,15.0,7680,
4291,,,850.8,6806,,,,30.0,75,,,,40.3271,10324,,,,0.0,0,,,,15.0,7680,
4292,,,849.6,6797,,,,30.0,75,,,,40.3717,10335,,,,0.0,0,,,,15.0,7680,
4293,,,848.4,6787,,,,30.0,75,,,,40.4163,10347,,,,0.0,0,,,,15.0,7680,
4294,,,847.2,6778,,,,30.0,75,,,,40.461,10358,,,,0.0,0,,,,15.0,7680,
4295,,,846.0,6768,,,,30.0,75,,,,40.5057,10369,,,,0.0,0,,,,15.0,7680,
4296,,,844.8,6758,,,,30.0,75,,,,40.5504,10381,,,,0.0,0,,,,15.0,7680,
4297,,,843.6,6749,,,,30.0,75,,,,40.5951,10392,,,,0.0,0,,,,15.0,7680,
4298,,,842.4,6739,,,,30.0,75,,,,40.6399,10404,,,,0.0,0,,,,15.0,7680,
4299,,,841.2,6730,,,,30.0,75,,,,40.6847,10415,,,,0.0,0,,,,15.0,7680,
4300,,,840.0,6720,,,,30.0,75,,,,40.7295,10427,,,,0.0,0,,,,15.0,7680,
4301,,,838.8,6710,,,,30.0,75,,,,40.7743,10438,,,,0.0,0,,,,15.0,7680,
4302,,,837.6,6701,,,,30.0,75,,,,40.8192,10450,,,,0.0,0,,,,15.0,7680,
4303,,,836.4,6691,,,,30.0,75,,,,40.864,10461,,,,0.0,0,,,,15.0,7680,
4304,,,835.2,6682,,,,30.0,75,,,,40.9089,10473,,,,0.0,0,,,,15.0,7680,
4305,,,834.0,6672,,,,30.0,75,,,,40.9539,10484,,,,0.0,0,,,,15.0,7680,
4306,,,832.8,6662,,,,30.0,75,,,,40.9988,10496,,,,0.0,0,,,,15.0,7680,
4307,,,831.6,6653,,,,30.0,75,,,,41.0438,10507,,,,0.0,0,,,,15.0,7680,
4308,,,830.4,6643,,,,30.0,75,,,,41.0888,10519,,,,0.0,0,,,,15.0,7680,
4309,,,829.2,6634,,,,30.0,75,,,,41.1338,10530,,,,0.0,0,,,,15.0,7680,
4310,,,828.0,6624,,,,30.0,75,,,,41.1788,10542,,,,0.0,0,,,,15.0,7680,
4311,,,826.8,6614,,,,30.0,75,,,,41.2238,10553,,,,0.0,0,,,,15.0,7680,
4312,,,825.6,6605,,,,30.0,75,,,,41.2689,10565,,,,0.0,0,,,,15.0,7680,
4313,,,824.4,6595,,,,30.0,75,,,,41.314,10576,,,,0.0,0,,,,15.0,7680,
4314,,,823.2,6586,,,,30.0,75,,,,41.3591,10588,,,,0.0,0,,,,15.0,7680,
4315,,,822.0,6576,,,,30.0,75,,,,41.4043,10599,,,,0.0,0,,,,15.0,7680,
4316,,,820.8,6566,,,,30.0,75,,,,41.4494,10611,,,,0.0,0,,,,15.0,7680,
4317,,,819.6,6557,,,,30.0,75,,,,41.4946,10623,,,,0.0,0,,,,15.0,7680,
4318,,,818.4,6547,,,,30.0,75,,,,41.5398,10634,,,,0.0,0,,,,15.0,7680,
4319,,,817.2,6538,,,,30.0,75,,,,41.585,10646,,,,0.0,0,,,,15.0,7680,
4320,,,816.0,6528,,,,30.0,75,,,,41.6303,10657,,,,0.0,0,,,,15.0,7680,
4321,,,814.8,6518,,,,30.0,75,,,,41.6755,10669,,,,0.0,0,,,,15.0,7680,
4322,,,813.6,6509,,,,30.0,75,,,,41.7208,10681,,,,0.0,0,,,,15.0,7680,
4323,,,812.4,6499,,,,30.0,75,,,,41.7661,10692,,,,0.0,0,,,,15.0,7680,
4324,,,811.2,6490,,,,30.0,75,,,,41.8114,10704,,,,0.0,0,,,,15.0,7680,
4325,,,810.0,6480,,,,30.0,75,,,,41.8568,10715,,,,0.0,0,,,,15.0,7680,
4326,,,808.8,6470,,,,30.0,75,,,,41.9022,10727,,,,0.0,0,,,,15.0,7680,
4327,,,807.6,6461,,,,30.0,75,,,,41.9475,10739,,,,0.0,0,,,,15.0,7680,
4328,,,806.4,6451,,,,30.0,75,,,,41.9929,10750,,,,0.0,0,,,,15.0,7680,
4329,,,805.2,6442,,,,30.0,75,,,,42.0384,10762,,,,0.0,0,,,,15.0,7680,
4330,,,804.0,6432,,,,30.0,75,,,,42.0838,10773,,,,0.0,0,,,,15.0,7680,
4331,,,802.8,6422,,,,30.0,75,,,,42.1293,10785,,,,0.0,0,,,,15.0,7680,
4332,,,801.6,6413,,,,30.0,75,,,,42.1748,10797,,,,0.0,0,,,,15.0,7680,
4333,,,800.4,6403,,,,30.0,75,,,,42.2203,10808,,,,0.0,0,,,,15.0,7680,
4334,,,799.2,6394,,,,30.0,75,,,,42.2658,10820,,,,0.0,0,,,,15.0,7680,
4335,,,798.0,6384,,,,30.0,75,,,,42.3113,10832,,,,0.0,0,,,,15.0,7680,
4336,,,796.8,6374,,,,30.0,75,,,,42.3569,10843,,,,0.0,0,,,,15.0,7680,
4337,,,795.6,6365,,,,30.0,75,,,,42.4025,10855,,,,0.0,0,,,,15.0,7680,
4338,,,794.4,6355,,,,30.0,75,,,,42.4481,10867,,,,0.0,0,,,,15.0,7680,
4339,,,793.2,6346,,,,30.0,75,,,,42.4937,10878,,,,0.0,0,,,,15.0,7680,
4340,,,792.0,6336,,,,30.0,75,,,,42.5393,10890,,,,0.0,0,,,,15.0,7680,
4341,,,790.8,6326,,,,30.0,75,,,,42.585,10902,,,,0.0,0,,,,15.0,7680,
4342,,,789.6,6317,,,,30.0,75,,,,42.6306,10913,,,,0.0,0,,,,15.0,7680,
4343,,,788.4,6307,,,,30.0,75,,,,42.6763,10925,,,,0.0,0,,,,15.0,7680,
4344,,,787.2,6298,,,,30.0,75,,,,42.722,10937,,,,0.0,0,,,,15.0,7680,
4345,,,786.0,6288,,,,30.0,75,,,,42.7677,10949,,,,0.0,0,,,,15.0,7680,
4346,,,784.8,6278,,,,30.0,75,,,,42.8135,10960,,,,0.0,0,,,,15.0,7680,
4347,,,783.6,6269,,,,30.0,75,,,,42.8593,10972,,,,0.0,0,,,,15.0,7680,
4348,,,782.4,6259,,,,30.0,75,,,,42.905,10984,,,,0.0,0,,,,15.0,7680,
4349,,,781.2,6250,,,,30.0,75,,,,42.9508,10995,,,,0.0,0,,,,15.0,7680,
4350,,,780.0,6240,,,,30.0,75,,,,42.9966,11007,,,,0.0,0,,,,15.0,7680,
4351,,,778.8,6230,,,,30.0,75,,,,43.0425,11019,,,,0.0,0,,,,15.0,7680,
4352,,,777.6,6221,,,,30.0,75,,,,43.0883,11031,,,,0.0,0,,,,15.0,7680,
4353,,,776.4,6211,,,,30.0,75,,,,43.1342,11042,,,,0.0,0,,,,15.0,7680,
4354,,,775.2,6202,,,,30.0,75,,,,43.1801,11054,,,,0.0,0,,,,15.0,7680,
4355,,,774.0,6192,,,,30.0,75,,,,43.226,11066,,,,0.0,0,,,,15.0,7680,
4356,,,772.8,6182,,,,30.0,75,,,,43.2719,11078,,,,0.0,0,,,,15.0,7680,
4357,,,771.6,6173,,,,30.0,75,,,,43.3178,11089,,,,0.0,0,,,,15.0,7680,
4358,,,770.4,6163,,,,30.0,75,,,,43.3638,11101,,,,0.0,0,,,,15.0,7680,
4359,,,769.2,6154,,,,30.0,75,,,,43.4097,11113,,,,0.0,0,,,,15.0,7680,
4360,,,768.0,6144,,,,30.0,75,,,,43.4557,11125,,,,0.0,0,,,,15.0,7680,
4361,,,766.8,6134,,,,30.0,75,,,,43.5017,11136,,,,0.0,0,,,,15.0,7680,
4362,,,765.6,6125,,,,30.0,75,,,,43.5477,11148,,,,0.0,0,,,,15.0,7680,
4363,,,764.4,6115,,,,30.0,75,,,,43.5937,11160,,,,0.0,0,,,,15.0,7680,
4364,,,763.2,6106,,,,30.0,75,,,,43.6398,11172,,,,0.0,0,,,,15.0,7680,
4365,,,762.0,6096,,,,30.0,75,,,,43.6858,11184,,,,0.0,0,,,,15.0,7680,
4366,,,760.8,6086,,,,30.0,75,,,,43.7319,11195,,,,0.0,0,,,,15.0,7680,
4367,,,759.6,6077,,,,30.0,75,,,,43.778,11207,,,,0.0,0,,,,15.0,7680,
4368,,,758.4,6067,,,,30.0,75,,,,43.8241,11219,,,,0.0,0,,,,15.0,7680,
4369,,,757.2,6058,,,,30.0,75,,,,43.8702,11231,,,,0.0,0,,,,15.0,7680,
4370,,,756.0,6048,,,,30.0,75,,,,43.9164,11243,,,,0.0,0,,,,15.0,7680,
4371,,,754.8,6038,,,,30.0,75,,,,43.9625,11254,,,,0.0,0,,,,15.0,7680,
4372,,,753.6,6029,,,,30.0,75,,,,44.0087,11266,,,,0.0,0,,,,15.0,7680,
4373,,,752.4,6019,,,,30.0,75,,,,44.0549,11278,,,,0.0,0,,,,15.0,7680,
4374,,,751.2,6010,,,,30.0,75,,,,44.1011,11290,,,,0.0,0,,,,15.0,7680,
4375,,,750.0,6000,,,,30.0,75,,,,44.1473,11302,,,,0.0,0,,,,15.0,7680,
4376,,,748.8,5990,,,,30.0,75,,,,44.1935,11314,,,,0.0,0,,,,15.0,7680,
4377,,,747.6,5981,,,,30.0,75,,,,44.2398,11325,,,,0.0,0,,,,15.0,7680,
4378,,,746.4,5971,,,,30.0,75,,,,44.286,11337,,,,0.0,0,,,,15.0,7680,
4379,,,745.2,5962,,,,30.0,75,,,,44.3323,11349,,,,0.0,0,,,,15.0,7680,
4380,,,744.0,5952,,,,30.0,75,,,,44.3786,11361,,,,0.0,0,,,,15.0,7680,
4381,,,742.8,5942,,,,30.0,75,,,,44.4249,11373,,,,0.0,0,,,,15.0,7680,
4382,,,741.6,5933,,,,30.0,75,,,,44.4712,11385,,,,0.0,0,,,,15.0,7680,
4383,,,740.4,5923,,,,30.0,75,,,,44.5175,11396,,,,0.0,0,,,,15.0,7680,
4384,,,739.2,5914,,,,30.0,75,,,,44.5638,11408,,,,0.0,0,,,,15.0,7680,
4385,,,738.0,5904,,,,30.0,75,,,,44.6102,11420,,,,0.0,0,,,,15.0,7680,
4386,,,736.8,5894,,,,30.0,75,,,,44.6565,11432,,,,0.0,0,,,,15.0,7680,
4387,,,735.6,5885,,,,30.0,75,,,,44.7029,11444,,,,0.0,0,,,,15.0,7680,
4388,,,734.4,5875,,,,30.0,75,,,,44.7493,11456,,,,0.0,0,,,,15.0,7680,
4389,,,733.2,5866,,,,30.0,75,,,,44.7957,11468,,,,0.0,0,,,,15.0,7680,
4390,,,732.0,5856,,,,30.0,75,,,,44.8421,11480,,,,0.0,0,,,,15.0,7680,
4391,,,730.8,5846,,,,30.0,75,,,,44.8886,11491,,,,0.0,0,,,,15.0,7680,
4392,,,729.6,5837,,,,30.0,75,,,,44.935,11503,,,,0.0,0,,,,15.0,7680,
4393,,,728.4,5827,,,,30.0,75,,,,44.9815,11515,,,,0.0,0,,,,15.0,7680,
4394,,,727.2,5818,,,,30.0,75,,,,45.0279,11527,,,,0.0,0,,,,15.0,7680,
4395,,,726.0,5808,,,,30.0,75,,,,45.0744,11539,,,,0.0,0,,,,15.0,7680,
4396,,,724.8,5798,,,,30.0,75,,,,45.1209,11551,,,,0.0,0,,,,15.0,7680,
4397,,,723.6,5789,,,,30.0,75,,,,45.1674,11563,,,,0.0,0,,,,15.0,7680,
4398,,,722.4,5779,,,,30.0,75,,,,45.2139,11575,,,,0.0,0,,,,15.0,7680,
4399,,,721.2,5770,,,,30.0,75,,,,45.2604,11587,,,,0.0,0,,,,15.0,7680,
4400,,,720.0,5760,,,,30.0,75,,,,45.307,11599,,,,0.0,0,,,,15.0,7680,
4401,,,718.8,5750,,,,30.0,75,,,,45.3535,11610,,,,0.0,0,,,,15.0,7680,
4402,,,717.6,5741,,,,30.0,75,,,,45.4001,11622,,,,0.0,0,,,,15.0,7680,
4403,,,716.4,5731,,,,30.0,75,,,,45.4466,11634,,,,0.0,0,,,,15.0,7680,
4404,,,715.2,5722,,,,30.0,75,,,,45.4932,11646,,,,0.0,0,,,,15.0,7680,
4405,,,714.0,5712,,,,30.0,75,,,,45.5398,11658,,,,0.0,0,,,,15.0,7680,
4406,,,712.8,5702,,,,30.0,75,,,,45.5864,11670,,,,0.0,0,,,,15.0,7680,
4407,,,711.6,5693,,,,30.0,75,,,,45.633,11682,,,,0.0,0,,,,15.0,7680,
4408,,,710.4,5683,,,,30.0,75,,,,45.6797,11694,,,,0.0,0,,,,15.0,7680,
4409,,,709.2,5674,,,,30.0,75,,,,45.7263,11706,,,,0.0,0,,,,15.0,7680,
4410,,,708.0,5664,,,,30.0,75,,,,45.773,11718,,,,0.0,0,,,,15.0,7680,
4411,,,706.8,5654,,,,30.0,75,,,,45.8196,11730,,,,0.0,0,,,,15.0,7680,
4412,,,705.6,5645,,,,30.0,75,,,,45.8663,11742,,,,0.0,0,,,,15.0,7680,
4413,,,704.4,5635,,,,30.0,75,,,,45.913,11754,,,,0.0,0,,,,15.0,7680,
4414,,,703.2,5626,,,,30.0,75,,,,45.9597,11766,,,,0.0,0,,,,15.0,7680,
4415,,,702.0,5616,,,,30.0,75,,,,46.0064,11778,,,,0.0,0,,,,15.0,7680,
4416,,,700.8,5606,,,,30.0,75,,,,46.0531,11790,,,,0.0,0,,,,15.0,7680,
4417,,,699.6,5597,,,,30.0,75,,,,46.0998,11802,,,,0.0,0,,,,15.0,7680,
4418,,,698.4,5587,,,,30.0,75,,,,46.1465,11814,,,,0.0,0,,,,15.0,7680,
4419,,,697.2,5578,,,,30.0,75,,,,46.1933,11825,,,,0.0,0,,,,15.0,7680,
4420,,,696.0,5568,,,,30.0,75,,,,46.24,11837,,,,0.0,0,,,,15.0,7680,
4421,,,694.8,5558,,,,30.0,75,,,,46.2868,11849,,,,0.0,0,,,,15.0,7680,
4422,,,693.6,5549,,,,30.0,75,,,,46.3335,11861,,,,0.0,0,,,,15.0,7680,
4423,,,692.4,5539,,,,30.0,75,,,,46.3803,11873,,,,0.0,0,,,,15.0,7680,
4424,,,691.2,5530,,,,30.0,75,,,,46.4271,11885,,,,0.0,0,,,,15.0,7680,
4425,,,690.0,5520,,,,30.0,75,,,,46.4739,11897,,,,0.0,0,,,,15.0,7680,
4426,,,688.8,5510,,,,30.0,75,,,,46.5207,11909,,,,0.0,0,,,,15.0,7680,
4427,,,687.6,5501,,,,30.0,75,,,,46.5675,11921,,,,0.0,0,,,,15.0,7680,
4428,,,686.4,5491,,,,30.0,75,,,,46.6143,11933,,,,0.0,0,,,,15.0,7680,
4429,,,685.2,5482,,,,30.0,75,,,,46.6611,11945,,,,0.0,0,,,,15.0,7680,
4430,,,684.0,5472,,,,30.0,75,,,,46.708,11957,,,,0.0,0,,,,15.0,7680,
4431,,,682.8,5462,,,,30.0,75,,,,46.7548,11969,,,,0.0,0,,,,15.0,7680,
4432,,,681.6,5453,,,,30.0,75,,,,46.8017,11981,,,,0.0,0,,,,15.0,7680,
4433,,,680.4,5443,,,,30.0,75,,,,46.8485,11993,,,,0.0,0,,,,15.0,7680,
4434,,,679.2,5434,,,,30.0,75,,,,46.8954,12005,,,,0.0,0,,,,15.0,7680,
4435,,,678.0,5424,,,,30.0,75,,,,46.9423,12017,,,,0.0,0,,,,15.0,7680,
4436,,,676.8,5414,,,,30.0,75,,,,46.9891,12029,,,,0.0,0,,,,15.0,7680,
4437,,,675.6,5405,,,,30.0,75,,,,47.036,12041,,,,0.0,0,,,,15.0,7680,
4438,,,674.4,5395,,,,30.0,75,,,,47.0829,12053,,,,0.0,0,,,,15.0,7680,
4439,,,673.2,5386,,,,30.0,75,,,,47.1298,12065,,,,0.0,0,,,,15.0,7680,
4440,,,672.0,5376,,,,30.0,75,,,,47.1768,12077,,,,0.0,0,,,,15.0,7680,
4441,,,670.8,5366,,,,30.0,75,,,,47.2237,12089,,,,0.0,0,,,,15.0,7680,
4442,,,669.6,5357,,,,30.0,75,,,,47.2706,12101,,,,0.0,0,,,,15.0,7680,
4443,,,668.4,5347,,,,30.0,75,,,,47.3175,12113,,,,0.0,0,,,,15.0,7680,
4444,,,667.2,5338,,,,30.0,75,,,,47.3645,12125,,,,0.0,0,,,,15.0,7680,
4445,,,666.0,5328,,,,30.0,75,,,,47.4114,12137,,,,0.0,0,,,,15.0,7680,
4446,,,664.8,5318,,,,30.0,75,,,,47.4584,12149,,,,0.0,0,,,,15.0,7680,
4447,,,663.6,5309,,,,30.0,75,,,,47.5053,12161,,,,0.0,0,,,,15.0,7680,
4448,,,662.4,5299,,,,30.0,75,,,,47.5523,12173,,,,0.0,0,,,,15.0,7680,
4449,,,661.2,5290,,,,30.0,75,,,,47.5993,12185,,,,0.0,0,,,,15.0,7680,
4450,,,660.0,5280,,,,30.0,75,,,,47.6462,12197,,,,0.0,0,,,,15.0,7680,
4451,,,658.8,5270,,,,30.0,75,,,,47.6932,12209,,,,0.0,0,,,,15.0,7680,
4452,,,657.6,5261,,,,30.0,75,,,,47.7402,12221,,,,0.0,0,,,,15.0,7680,
4453,,,656.4,5251,,,,30.0,75,,,,47.7872,12234,,,,0.0,0,,,,15.0,7680,
4454,,,655.2,5242,,,,30.0,75,,,,47.8342,12246,,,,0.0,0,,,,15.0,7680,
4455,,,654.0,5232,,,,30.0,75,,,,47.8812,12258,,,,0.0,0,,,,15.0,7680,
4456,,,652.8,5222,,,,30.0,75,,,,47.9282,12270,,,,0.0,0,,,,15.0,7680,
4457,,,651.6,5213,,,,30.0,75,,,,47.9752,12282,,,,0.0,0,,,,15.0,7680,
4458,,,650.4,5203,,,,30.0,75,,,,48.0222,12294,,,,0.0,0,,,,15.0,7680,
4459,,,649.2,5194,,,,30.0,75,,,,48.0693,12306,,,,0.0,0,,,,15.0,7680,
4460,,,648.0,5184,,,,30.0,75,,,,48.1163,12318,,,,0.0,0,,,,15.0,7680,
4461,,,646.8,5174,,,,30.0,75,,,,48.1633,12330,,,,0.0,0,,,,15.0,7680,
4462,,,645.6,5165,,,,30.0,75,,,,48.2104,12342,,,,0.0,0,,,,15.0,7680,
4463,,,644.4,5155,,,,30.0,75,,,,48.2574,12354,,,,0.0,0,,,,15.0,7680,
4464,,,643.2,5146,,,,30.0,75,,,,48.3044,12366,,,,0.0,0,,,,15.0,7680,
4465,,,642.0,5136,,,,30.0,75,,,,48.3515,12378,,,,0.0,0,,,,15.0,7680,
4466,,,640.8,5126,,,,30.0,75,,,,48.3985,12390,,,,0.0,0,,,,15.0,7680,
4467,,,639.6,5117,,,,30.0,75,,,,48.4456,12402,,,,0.0,0,,,,15.0,7680,
4468,,,638.4,5107,,,,30.0,75,,,,48.4927,12414,,,,0.0,0,,,,15.0,7680,
4469,,,637.2,5098,,,,30.0,75,,,,48.5397,12426,,,,0.0,0,,,,15.0,7680,
4470,,,636.0,5088,,,,30.0,75,,,,48.5868,12438,,,,0.0,0,,,,15.0,7680,
4471,,,634.8,5078,,,,30.0,75,,,,48.6339,12450,,,,0.0,0,,,,15.0,7680,
4472,,,633.6,5069,,,,30.0,75,,,,48.681,12462,,,,0.0,0,,,,15.0,7680,
4473,,,632.4,5059,,,,30.0,75,,,,48.728,12474,,,,0.0,0,,,,15.0,7680,
4474,,,631.2,5050,,,,30.0,75,,,,48.7751,12486,,,,0.0,0,,,,15.0,7680,
4475,,,630.0,5040,,,,30.0,75,,,,48.8222,12498,,,,0.0,0,,,,15.0,7680,
4476,,,628.8,5030,,,,30.0,75,,,,48.8693,12511,,,,0.0,0,,,,15.0,7680,
4477,,,627.6,5021,,,,30.0,75,,,,48.9164,12523,,,,0.0,0,,,,15.0,7680,
4478,,,626.4,5011,,,,30.0,75,,,,48.9635,12535,,,,0.0,0,,,,15.0,7680,
4479,,,625.2,5002,,,,30.0,75,,,,49.0106,12547,,,,0.0,0,,,,15.0,7680,
4480,,,624.0,4992,,,,30.0,75,,,,49.0577,12559,,,,0.0,0,,,,15.0,7680,
4481,,,622.8,4982,,,,30.0,75,,,,49.1048,12571,,,,0.0,0,,,,15.0,7680,
4482,,,621.6,4973,,,,30.0,75,,,,49.1519,12583,,,,0.0,0,,,,15.0,7680,
4483,,,620.4,4963,,,,30.0,75,,,,49.199,12595,,,,0.0,0,,,,15.0,7680,
4484,,,619.2,4954,,,,30.0,75,,,,49.2461,12607,,,,0.0,0,,,,15.0,7680,
4485,,,618.0,4944,,,,30.0,75,,,,49.2932,12619,,,,0.0,0,,,,15.0,7680,
4486,,,616.8,4934,,,,30.0,75,,,,49.3403,12631,,,,0.0,0,,,,15.0,7680,
4487,,,615.6,4925,,,,30.0,75,,,,49.3874,12643,,,,0.0,0,,,,15.0,7680,
4488,,,614.4,4915,,,,30.0,75,,,,49.4345,12655,,,,0.0,0,,,,15.0,7680,
4489,,,613.2,4906,,,,30.0,75,,,,49.4817,12667,,,,0.0,0,,,,15.0,7680,
4490,,,612.0,4896,,,,30.0,75,,,,49.5288,12679,,,,0.0,0,,,,15.0,7680,
4491,,,610.8,4886,,,,30.0,75,,,,49.5759,12691,,,,0.0,0,,,,15.0,7680,
4492,,,609.6,4877,,,,30.0,75,,,,49.623,12703,,,,0.0,0,,,,15.0,7680,
4493,,,608.4,4867,,,,30.0,75,,,,49.6701,12716,,,,0.0,0,,,,15.0,7680,
4494,,,607.2,4858,,,,30.0,75,,,,49.7173,12728,,,,0.0,0,,,,15.0,7680,
4495,,,606.0,4848,,,,30.0,75,,,,49.7644,12740,,,,0.0,0,,,,15.0,7680,
4496,,,604.8,4838,,,,30.0,75,,,,49.8115,12752,,,,0.0,0,,,,15.0,7680,
4497,,,603.6,4829,,,,30.0,75,,,,49.8586,12764,,,,0.0,0,,,,15.0,7680,
4498,,,602.4,4819,,,,30.0,75,,,,49.9058,12776,,,,0.0,0,,,,15.0,7680,
4499,,,601.2,4810,,,,30.0,75,,,,49.9529,12788,,,,0.0,0,,,,15.0,7680,
4500,,,600.0,4800,,,,20.0,50,,,,50.0,12800,,,,0.0,0,,,,15.0,7680,
4501,,,598.8,4790,,,,20.0,50,,,,49.9,12774,,,,0.0,0,,,,15.0,7680,
4502,,,597.6,4781,,,,20.0,50,,,,49.8,12749,,,,0.0,0,,,,15.0,7680,
4503,,,596.4,4771,,,,20.0,50,,,,49.7,12723,,,,0.0,0,,,,15.0,7680,
4504,,,595.2,4762,,,,20.0,50,,,,49.6,12698,,,,0.0,0,,,,15.0,7680,
4505,,,594.0,4752,,,,20.0,50,,,,49.5,12672,,,,0.0,0,,,,15.0,7680,
4506,,,592.8,4742,,,,20.0,50,,,,49.4,12646,,,,0.0,0,,,,15.0,7680,
4507,,,591.6,4733,,,,20.0,50,,,,49.3,12621,,,,0.0,0,,,,15.0,7680,
4508,,,590.4,4723,,,,20.0,50,,,,49.2,12595,,,,0.0,0,,,,15.0,7680,
4509,,,589.2,4714,,,,20.0,50,,,,49.1,12570,,,,0.0,0,,,,15.0,7680,
4510,,,588.0,4704,,,,20.0,50,,,,49.0,12544,,,,0.0,0,,,,15.0,7680,
4511,,,586.8,4694,,,,20.0,50,,,,48.9,12518,,,,0.0,0,,,,15.0,7680,
4512,,,585.6,4685,,,,20.0,50,,,,48.8,12493,,,,0.0,0,,,,15.0,7680,
4513,,,584.4,4675,,,,20.0,50,,,,48.7,12467,,,,0.0,0,,,,15.0,7680,
4514,,,583.2,4666,,,,20.0,50,,,,48.6,12442,,,,0.0,0,,,,15.0,7680,
4515,,,582.0,4656,,,,20.0,50,,,,48.5,12416,,,,0.0,0,,,,15.0,7680,
4516,,,580.8,4646,,,,20.0,50,,,,48.4,12390,,,,0.0,0,,,,15.0,7680,
4517,,,579.6,4637,,,,20.0,50,,,,48.3,12365,,,,0.0,0,,,,15.0,7680,
4518,,,578.4,4627,,,,20.0,50,,,,48.2,12339,,,,0.0,0,,,,15.0,7680,
4519,,,577.2,4618,,,,20.0,50,,,,48.1,12314,,,,0.0,0,,,,15.0,7680,
4520,,,576.0,4608,,,,20.0,50,,,,48.0,12288,,,,0.0,0,,,,15.0,7680,
4521,,,574.8,4598,,,,20.0,50,,,,47.9,12262,,,,0.0,0,,,,15.0,7680,
4522,,,573.6,4589,,,,20.0,50,,,,47.8,12237,,,,0.0,0,,,,15.0,7680,
4523,,,572.4,4579,,,,20.0,50,,,,47.7,12211,,,,0.0,0,,,,15.0,7680,
4524,,,571.2,4570,,,,20.0,50,,,,47.6,12186,,,,0.0,0,,,,15.0,7680,
4525,,,570.0,4560,,,,20.0,50,,,,47.5,12160,,,,0.0,0,,,,15.0,7680,
4526,,,568.8,4550,,,,20.0,50,,,,47.4,12134,,,,0.0,0,,,,15.0,7680,
4527,,,567.6,4541,,,,20.0,50,,,,47.3,12109,,,,0.0,0,,,,15.0,7680,
4528,,,566.4,4531,,,,20.0,50,,,,47.2,12083,,,,0.0,0,,,,15.0,7680,
4529,,,565.2,4522,,,,20.0,50,,,,47.1,12058,,,,0.0,0,,,,15.0,7680,
4530,,,564.0,4512,,,,20.0,50,,,,47.0,12032,,,,0.0,0,,,,15.0,7680,
4531,,,562.8,4502,,,,20.0,50,,,,46.9,12006,,,,0.0,0,,,,15.0,7680,
4532,,,561.6,4493,,,,20.0,50,,,,46.8,11981,,,,0.0,0,,,,15.0,7680,
4533,,,560.4,4483,,,,20.0,50,,,,46.7,11955,,,,0.0,0,,,,15.0,7680,
4534,,,559.2,4474,,,,20.0,50,,,,46.6,11930,,,,0.0,0,,,,15.0,7680,
4535,,,558.0,4464,,,,20.0,50,,,,46.5,11904,,,,0.0,0,,,,15.0,7680,
4536,,,556.8,4454,,,,20.0,50,,,,46.4,11878,,,,0.0,0,,,,15.0,7680,
4537,,,555.6,4445,,,,20.0,50,,,,46.3,11853,,,,0.0,0,,,,15.0,7680,
4538,,,554.4,4435,,,,20.0,50,,,,46.2,11827,,,,0.0,0,,,,15.0,7680,
4539,,,553.2,4426,,,,20.0,50,,,,46.1,11802,,,,0.0,0,,,,15.0,7680,
4540,,,552.0,4416,,,,20.0,50,,,,46.0,11776,,,,0.0,0,,,,15.0,7680,
4541,,,550.8,4406,,,,20.0,50,,,,45.9,11750,,,,0.0,0,,,,15.0,7680,
4542,,,549.6,4397,,,,20.0,50,,,,45.8,11725,,,,0.0,0,,,,15.0,7680,
4543,,,548.4,4387,,,,20.0,50,,,,45.7,11699,,,,0.0,0,,,,15.0,7680,
4544,,,547.2,4378,,,,20.0,50,,,,45.6,11674,,,,0.0,0,,,,15.0,7680,
4545,,,546.0,4368,,,,20.0,50,,,,45.5,11648,,,,0.0,0,,,,15.0,7680,
4546,,,544.8,4358,,,,20.0,50,,,,45.4,11622,,,,0.0,0,,,,15.0,7680,
4547,,,543.6,4349,,,,20.0,50,,,,45.3,11597,,,,0.0,0,,,,15.0,7680,
4548,,,542.4,4339,,,,20.0,50,,,,45.2,11571,,,,0.0,0,,,,15.0,7680,
4549,,,541.2,4330,,,,20.0,50,,,,45.1,11546,,,,0.0,0,,,,15.0,7680,
4550,,,540.0,4320,,,,20.0,50,,,,45.0,11520,,,,0.0,0,,,,15.0,7680,
4551,,,538.8,4310,,,,20.0,50,,,,44.9,11494,,,,0.0,0,,,,15.0,7680,
4552,,,537.6,4301,,,,20.0,50,,,,44.8,11469,,,,0.0,0,,,,15.0,7680,
4553,,,536.4,4291,,,,20.0,50,,,,44.7,11443,,,,0.0,0,,,,15.0,7680,
4554,,,535.2,4282,,,,20.0,50,,,,44.6,11418,,,,0.0,0,,,,15.0,7680,
4555,,,534.0,4272,,,,20.0,50,,,,44.5,11392,,,,0.0,0,,,,15.0,7680,
4556,,,532.8,4262,,,,20.0,50,,,,44.4,11366,,,,0.0,0,,,,15.0,7680,
4557,,,531.6,4253,,,,20.0,50,,,,44.3,11341,,,,0.0,0,,,,15.0,7680,
4558,,,530.4,4243,,,,20.0,50,,,,44.2,11315,,,,0.0,0,,,,15.0,7680,
4559,,,529.2,4234,,,,20.0,50,,,,44.1,11290,,,,0.0,0,,,,15.0,7680,
4560,,,528.0,4224,,,,20.0,50,,,,44.0,11264,,,,0.0,0,,,,15.0,7680,
4561,,,526.8,4214,,,,20.0,50,,,,43.9,11238,,,,0.0,0,,,,15.0,7680,
4562,,,525.6,4205,,,,20.0,50,,,,43.8,11213,,,,0.0,0,,,,15.0,7680,
4563,,,524.4,4195,,,,20.0,50,,,,43.7,11187,,,,0.0,0,,,,15.0,7680,
4564,,,523.2,4186,,,,20.0,50,,,,43.6,11162,,,,0.0,0,,,,15.0,7680,
4565,,,522.0,4176,,,,20.0,50,,,,43.5,11136,,,,0.0,0,,,,15.0,7680,
4566,,,520.8,4166,,,,20.0,50,,,,43.4,11110,,,,0.0,0,,,,15.0,7680,
4567,,,519.6,4157,,,,20.0,50,,,,43.3,11085,,,,0.0,0,,,,15.0,7680,
4568,,,518.4,4147,,,,20.0,50,,,,43.2,11059,,,,0.0,0,,,,15.0,7680,
4569,,,517.2,4138,,,,20.0,50,,,,43.1,11034,,,,0.0,0,,,,15.0,7680,
4570,,,516.0,4128,,,,20.0,50,,,,43.0,11008,,,,0.0,0,,,,15.0,7680,
4571,,,514.8,4118,,,,20.0,50,,,,42.9,10982,,,,0.0,0,,,,15.0,7680,
4572,,,513.6,4109,,,,20.0,50,,,,42.8,10957,,,,0.0,0,,,,15.0,7680,
4573,,,512.4,4099,,,,20.0,50,,,,42.7,10931,,,,0.0,0,,,,15.0,7680,
4574,,,511.2,4090,,,,20.0,50,,,,42.6,10906,,,,0.0,0,,,,15.0,7680,
4575,,,510.0,4080,,,,20.0,50,,,,42.5,10880,,,,0.0,0,,,,15.0,7680,
4576,,,508.8,4070,,,,20.0,50,,,,42.4,10854,,,,0.0,0,,,,15.0,7680,
4577,,,507.6,4061,,,,20.0,50,,,,42.3,10829,,,,0.0,0,,,,15.0,7680,
4578,,,506.4,4051,,,,20.0,50,,,,42.2,10803,,,,0.0,0,,,,15.0,7680,
4579,,,505.2,4042,,,,20.0,50,,,,42.1,10778,,,,0.0,0,,,,15.0,7680,
4580,,,504.0,4032,,,,20.0,50,,,,42.0,10752,,,,0.0,0,,,,15.0,7680,
4581,,,502.8,4022,,,,20.0,50,,,,41.9,10726,,,,0.0,0,,,,15.0,7680,
4582,,,501.6,4013,,,,20.0,50,,,,41.8,10701,,,,0.0,0,,,,15.0,7680,
4583,,,500.4,4003,,,,20.0,50,,,,41.7,10675,,,,0.0,0,,,,15.0,7680,
4584,,,499.2,3994,,,,20.0,50,,,,41.6,10650,,,,0.0,0,,,,15.0,7680,
4585,,,498.0,3984,,,,20.0,50,,,,41.5,10624,,,,0.0,0,,,,15.0,7680,
4586,,,496.8,3974,,,,20.0,50,,,,41.4,10598,,,,0.0,0,,,,15.0,7680,
4587,,,495.6,3965,,,,20.0,50,,,,41.3,10573,,,,0.0,0,,,,15.0,7680,
4588,,,494.4,3955,,,,20.0,50,,,,41.2,10547,,,,0.0,0,,,,15.0,7680,
4589,,,493.2,3946,,,,20.0,50,,,,41.1,10522,,,,0.0,0,,,,15.0,7680,
4590,,,492.0,3936,,,,20.0,50,,,,41.0,10496,,,,0.0,0,,,,15.0,7680,
4591,,,490.8,3926,,,,20.0,50,,,,40.9,10470,,,,0.0,0,,,,15.0,7680,
4592,,,489.6,3917,,,,20.0,50,,,,40.8,10445,,,,0.0,0,,,,15.0,7680,
4593,,,488.4,3907,,,,20.0,50,,,,40.7,10419,,,,0.0,0,,,,15.0,7680,
4594,,,487.2,3898,,,,20.0,50,,,,40.6,10394,,,,0.0,0,,,,15.0,7680,
4595,,,486.0,3888,,,,20.0,50,,,,40.5,10368,,,,0.0,0,,,,15.0,7680,
4596,,,484.8,3878,,,,20.0,50,,,,40.4,10342,,,,0.0,0,,,,15.0,7680,
4597,,,483.6,3869,,,,20.0,50,,,,40.3,10317,,,,0.0,0,,,,15.0,7680,
4598,,,482.4,3859,,,,20.0,50,,,,40.2,10291,,,,0.0,0,,,,15.0,7680,
4599,,,481.2,3850,,,,20.0,50,,,,40.1,10266,,,,0.0,0,,,,15.0,7680,
4600,,,480.0,3840,,,,20.0,50,,,,40.0,10240,,,,0.0,0,,,,15.0,7680,
4601,,,478.8,3830,,,,20.0,50,,,,39.9,10214,,,,0.0,0,,,,15.0,7680,
4602,,,477.6,3821,,,,20.0,50,,,,39.8,10189,,,,0.0,0,,,,15.0,7680,
4603,,,476.4,3811,,,,20.0,50,,,,39.7,10163,,,,0.0,0,,,,15.0,7680,
4604,,,475.2,3802,,,,20.0,50,,,,39.6,10138,,,,0.0,0,,,,15.0,7680,
4605,,,474.0,3792,,,,20.0,50,,,,39.5,10112,,,,0.0,0,,,,15.0,7680,
4606,,,472.8,3782,,,,20.0,50,,,,39.4,10086,,,,0.0,0,,,,15.0,7680,
4607,,,471.6,3773,,,,20.0,50,,,,39.3,10061,,,,0.0,0,,,,15.0,7680,
4608,,,470.4,3763,,,,20.0,50,,,,39.2,10035,,,,0.0,0,,,,15.0,7680,
4609,,,469.2,3754,,,,20.0,50,,,,39.1,10010,,,,0.0,0,,,,15.0,7680,
4610,,,468.0,3744,,,,20.0,50,,,,39.0,9984,,,,0.0,0,,,,15.0,7680,
4611,,,466.8,3734,,,,20.0,50,,,,38.9,9958,,,,0.0,0,,,,15.0,7680,
4612,,,465.6,3725,,,,20.0,50,,,,38.8,9933,,,,0.0,0,,,,15.0,7680,
4613,,,464.4,3715,,,,20.0,50,,,,38.7,9907,,,,0.0,0,,,,15.0,7680,
4614,,,463.2,3706,,,,20.0,50,,,,38.6,9882,,,,0.0,0,,,,15.0,7680,
4615,,,462.0,3696,,,,20.0,50,,,,38.5,9856,,,,0.0,0,,,,15.0,7680,
4616,,,460.8,3686,,,,20.0,50,,,,38.4,9830,,,,0.0,0,,,,15.0,7680,
4617,,,459.6,3677,,,,20.0,50,,,,38.3,9805,,,,0.0,0,,,,15.0,7680,
4618,,,458.4,3667,,,,20.0,50,,,,38.2,9779,,,,0.0,0,,,,15.0,7680,
4619,,,457.2,3658,,,,20.0,50,,,,38.1,9754,,,,0.0,0,,,,15.0,7680,
4620,,,456.0,3648,,,,20.0,50,,,,38.0,9728,,,,0.0,0,,,,15.0,7680,
4621,,,454.8,3638,,,,20.0,50,,,,37.9,9702,,,,0.0,0,,,,15.0,7680,
4622,,,453.6,3629,,,,20.0,50,,,,37.8,9677,,,,0.0,0,,,,15.0,7680,
4623,,,452.4,3619,,,,20.0,50,,,,37.7,9651,,,,0.0,0,,,,15.0,7680,
4624,,,451.2,3610,,,,20.0,50,,,,37.6,9626,,,,0.0,0,,,,15.0,7680,
4625,,,450.0,3600,,,,20.0,50,,,,37.5,9600,,,,0.0,0,,,,15.0,7680,
4626,,,448.8,3590,,,,20.0,50,,,,37.4,9574,,,,0.0,0,,,,15.0,7680,
4627,,,447.6,3581,,,,20.0,50,,,,37.3,9549,,,,0.0,0,,,,15.0,7680,
4628,,,446.4,3571,,,,20.0,50,,,,37.2,9523,,,,0.0,0,,,,15.0,7680,
4629,,,445.2,3562,,,,20.0,50,,,,37.1,9498,,,,0.0,0,,,,15.0,7680,
4630,,,444.0,3552,,,,20.0,50,,,,37.0,9472,,,,0.0,0,,,,15.0,7680,
4631,,,442.8,3542,,,,20.0,50,,,,36.9,9446,,,,0.0,0,,,,15.0,7680,
4632,,,441.6,3533,,,,20.0,50,,,,36.8,9421,,,,0.0,0,,,,15.0,7680,
4633,,,440.4,3523,,,,20.0,50,,,,36.7,9395,,,,0.0,0,,,,15.0,7680,
4634,,,439.2,3514,,,,20.0,50,,,,36.6,9370,,,,0.0,0,,,,15.0,7680,
4635,,,438.0,3504,,,,20.0,50,,,,36.5,9344,,,,0.0,0,,,,15.0,7680,
4636,,,436.8,3494,,,,20.0,50,,,,36.4,9318,,,,0.0,0,,,,15.0,7680,
4637,,,435.6,3485,,,,20.0,50,,,,36.3,9293,,,,0.0,0,,,,15.0,7680,
4638,,,434.4,3475,,,,20.0,50,,,,36.2,9267,,,,0.0,0,,,,15.0,7680,
4639,,,433.2,3466,,,,20.0,50,,,,36.1,9242,,,,0.0,0,,,,15.0,7680,
4640,,,432.0,3456,,,,20.0,50,,,,36.0,9216,,,,0.0,0,,,,15.0,7680,
4641,,,430.8,3446,,,,20.0,50,,,,35.9,9190,,,,0.0,0,,,,15.0,7680,
4642,,,429.6,3437,,,,20.0,50,,,,35.8,9165,,,,0.0,0,,,,15.0,7680,
4643,,,428.4,3427,,,,20.0,50,,,,35.7,9139,,,,0.0,0,,,,15.0,7680,
4644,,,427.2,3418,,,,20.0,50,,,,35.6,9114,,,,0.0,0,,,,15.0,7680,
4645,,,426.0,3408,,,,20.0,50,,,,35.5,9088,,,,0.0,0,,,,15.0,7680,
4646,,,424.8,3398,,,,20.0,50,,,,35.4,9062,,,,0.0,0,,,,15.0,7680,
4647,,,423.6,3389,,,,20.0,50,,,,35.3,9037,,,,0.0,0,,,,15.0,7680,
4648,,,422.4,3379,,,,20.0,50,,,,35.2,9011,,,,0.0,0,,,,15.0,7680,
4649,,,421.2,3370,,,,20.0,50,,,,35.1,8986,,,,0.0,0,,,,15.0,7680,
4650,,,420.0,3360,,,,20.0,50,,,,35.0,8960,,,,0.0,0,,,,15.0,7680,
4651,,,418.8,3350,,,,20.0,50,,,,34.9,8934,,,,0.0,0,,,,15.0,7680,
4652,,,417.6,3341,,,,20.0,50,,,,34.8,8909,,,,0.0,0,,,,15.0,7680,
4653,,,416.4,3331,,,,20.0,50,,,,34.7,8883,,,,0.0,0,,,,15.0,7680,
4654,,,415.2,3322,,,,20.0,50,,,,34.6,8858,,,,0.0,0,,,,15.0,7680,
4655,,,414.0,3312,,,,20.0,50,,,,34.5,8832,,,,0.0,0,,,,15.0,7680,
4656,,,412.8,3302,,,,20.0,50,,,,34.4,8806,,,,0.0,0,,,,15.0,7680,
4657,,,411.6,3293,,,,20.0,50,,,,34.3,8781,,,,0.0,0,,,,15.0,7680,
4658,,,410.4,3283,,,,20.0,50,,,,34.2,8755,,,,0.0,0,,,,15.0,7680,
4659,,,409.2,3274,,,,20.0,50,,,,34.1,8730,,,,0.0,0,,,,15.0,7680,
4660,,,408.0,3264,,,,20.0,50,,,,34.0,8704,,,,0.0,0,,,,15.0,7680,
4661,,,406.8,3254,,,,20.0,50,,,,33.9,8678,,,,0.0,0,,,,15.0,7680,
4662,,,405.6,3245,,,,20.0,50,,,,33.8,8653,,,,0.0,0,,,,15.0,7680,
4663,,,404.4,3235,,,,20.0,50,,,,33.7,8627,,,,0.0,0,,,,15.0,7680,
4664,,,403.2,3226,,,,20.0,50,,,,33.6,8602,,,,0.0,0,,,,15.0,7680,
4665,,,402.0,3216,,,,20.0,50,,,,33.5,8576,,,,0.0,0,,,,15.0,7680,
4666,,,400.8,3206,,,,20.0,50,,,,33.4,8550,,,,0.0,0,,,,15.0,7680,
4667,,,399.6,3197,,,,20.0,50,,,,33.3,8525,,,,0.0,0,,,,15.0,7680,
4668,,,398.4,3187,,,,20.0,50,,,,33.2,8499,,,,0.0,0,,,,15.0,7680,
4669,,,397.2,3178,,,,20.0,50,,,,33.1,8474,,,,0.0,0,,,,15.0,7680,
4670,,,396.0,3168,,,,20.0,50,,,,33.0,8448,,,,0.0,0,,,,15.0,7680,
4671,,,394.8,3158,,,,20.0,50,,,,32.9,8422,,,,0.0,0,,,,15.0,7680,
4672,,,393.6,3149,,,,20.0,50,,,,32.8,8397,,,,0.0,0,,,,15.0,7680,
4673,,,392.4,3139,,,,20.0,50,,,,32.7,8371,,,,0.0,0,,,,15.0,7680,
4674,,,391.2,3130,,,,20.0,50,,,,32.6,8346,,,,0.0,0,,,,15.0,7680,
4675,,,390.0,3120,,,,20.0,50,,,,32.5,8320,,,,0.0,0,,,,15.0,7680,
4676,,,388.8,3110,,,,20.0,50,,,,32.4,8294,,,,0.0,0,,,,15.0,7680,
4677,,,387.6,3101,,,,20.0,50,,,,32.3,8269,,,,0.0,0,,,,15.0,7680,
4678,,,386.4,3091,,,,20.0,50,,,,32.2,8243,,,,0.0,0,,,,15.0,7680,
4679,,,385.2,3082,,,,20.0,50,,,,32.1,8218,,,,0.0,0,,,,15.0,7680,
4680,,,384.0,3072,,,,20.0,50,,,,32.0,8192,,,,0.0,0,,,,15.0,7680,
4681,,,382.8,3062,,,,20.0,50,,,,31.9,8166,,,,0.0,0,,,,15.0,7680,
4682,,,381.6,3053,,,,20.0,50,,,,31.8,8141,,,,0.0,0,,,,15.0,7680,
4683,,,380.4,3043,,,,20.0,50,,,,31.7,8115,,,,0.0,0,,,,15.0,7680,
4684,,,379.2,3034,,,,20.0,50,,,,31.6,8090,,,,0.0,0,,,,15.0,7680,
4685,,,378.0,3024,,,,20.0,50,,,,31.5,8064,,,,0.0,0,,,,15.0,7680,
4686,,,376.8,3014,,,,20.0,50,,,,31.4,8038,,,,0.0,0,,,,15.0,7680,
4687,,,375.6,3005,,,,20.0,50,,,,31.3,8013,,,,0.0,0,,,,15.0,7680,
4688,,,374.4,2995,,,,20.0,50,,,,31.2,7987,,,,0.0,0,,,,15.0,7680,
4689,,,373.2,2986,,,,20.0,50,,,,31.1,7962,,,,0.0,0,,,,15.0,7680,
4690,,,372.0,2976,,,,20.0,50,,,,31.0,7936,,,,0.0,0,,,,15.0,7680,
4691,,,370.8,2966,,,,20.0,50,,,,30.9,7910,,,,0.0,0,,,,15.0,7680,
4692,,,369.6,2957,,,,20.0,50,,,,30.8,7885,,,,0.0,0,,,,15.0,7680,
4693,,,368.4,2947,,,,20.0,50,,,,30.7,7859,,,,0.0,0,,,,15.0,7680,
4694,,,367.2,2938,,,,20.0,50,,,,30.6,7834,,,,0.0,0,,,,15.0,7680,
4695,,,366.0,2928,,,,20.0,50,,,,30.5,7808,,,,0.0,0,,,,15.0,7680,
4696,,,364.8,2918,,,,20.0,50,,,,30.4,7782,,,,0.0,0,,,,15.0,7680,
4697,,,363.6,2909,,,,20.0,50,,,,30.3,7757,,,,0.0,0,,,,15.0,7680,
4698,,,362.4,2899,,,,20.0,50,,,,30.2,7731,,,,0.0,0,,,,15.0,7680,
4699,,,361.2,2890,,,,20.0,50,,,,30.1,7706,,,,0.0,0,,,,15.0,7680,
4700,,,360.0,2880,,,,20.0,50,,,,30.0,7680,,,,0.0,0,,,,15.0,7680,
4701,,,358.8,2870,,,,20.0,50,,,,29.9,7654,,,,0.0,0,,,,15.0,7680,
4702,,,357.6,2861,,,,20.0,50,,,,29.8,7629,,,,0.0,0,,,,15.0,7680,
4703,,,356.4,2851,,,,20.0,50,,,,29.7,7603,,,,0.0,0,,,,15.0,7680,
4704,,,355.2,2842,,,,20.0,50,,,,29.6,7578,,,,0.0,0,,,,15.0,7680,
4705,,,354.0,2832,,,,20.0,50,,,,29.5,7552,,,,0.0,0,,,,15.0,7680,
4706,,,352.8,2822,,,,20.0,50,,,,29.4,7526,,,,0.0,0,,,,15.0,7680,
4707,,,351.6,2813,,,,20.0,50,,,,29.3,7501,,,,0.0,0,,,,15.0,7680,
4708,,,350.4,2803,,,,20.0,50,,,,29.2,7475,,,,0.0,0,,,,15.0,7680,
4709,,,349.2,2794,,,,20.0,50,,,,29.1,7450,,,,0.0,0,,,,15.0,7680,
4710,,,348.0,2784,,,,20.0,50,,,,29.0,7424,,,,0.0,0,,,,15.0,7680,
4711,,,346.8,2774,,,,20.0,50,,,,28.9,7398,,,,0.0,0,,,,15.0,7680,
4712,,,345.6,2765,,,,20.0,50,,,,28.8,7373,,,,0.0,0,,,,15.0,7680,
4713,,,344.4,2755,,,,20.0,50,,,,28.7,7347,,,,0.0,0,,,,15.0,7680,
4714,,,343.2,2746,,,,20.0,50,,,,28.6,7322,,,,0.0,0,,,,15.0,7680,
4715,,,342.0,2736,,,,20.0,50,,,,28.5,7296,,,,0.0,0,,,,15.0,7680,
4716,,,340.8,2726,,,,20.0,50,,,,28.4,7270,,,,0.0,0,,,,15.0,7680,
4717,,,339.6,2717,,,,20.0,50,,,,28.3,7245,,,,0.0,0,,,,15.0,7680,
4718,,,338.4,2707,,,,20.0,50,,,,28.2,7219,,,,0.0,0,,,,15.0,7680,
4719,,,337.2,2698,,,,20.0,50,,,,28.1,7194,,,,0.0,0,,,,15.0,7680,
4720,,,336.0,2688,,,,20.0,50,,,,28.0,7168,,,,0.0,0,,,,15.0,7680,
4721,,,334.8,2678,,,,20.0,50,,,,27.9,7142,,,,0.0,0,,,,15.0,7680,
4722,,,333.6,2669,,,,20.0,50,,,,27.8,7117,,,,0.0,0,,,,15.0,7680,
4723,,,332.4,2659,,,,20.0,50,,,,27.7,7091,,,,0.0,0,,,,15.0,7680,
4724,,,331.2,2650,,,,20.0,50,,,,27.6,7066,,,,0.0,0,,,,15.0,7680,
4725,,,330.0,2640,,,,20.0,50,,,,27.5,7040,,,,0.0,0,,,,15.0,7680,
4726,,,328.8,2630,,,,20.0,50,,,,27.4,7014,,,,0.0,0,,,,15.0,7680,
4727,,,327.6,2621,,,,20.0,50,,,,27.3,6989,,,,0.0,0,,,,15.0,7680,
4728,,,326.4,2611,,,,20.0,50,,,,27.2,6963,,,,0.0,0,,,,15.0,7680,
4729,,,325.2,2602,,,,20.0,50,,,,27.1,6938,,,,0.0,0,,,,15.0,7680,
4730,,,324.0,2592,,,,20.0,50,,,,27.0,6912,,,,0.0,0,,,,15.0,7680,
4731,,,322.8,2582,,,,20.0,50,,,,26.9,6886,,,,0.0,0,,,,15.0,7680,
4732,,,321.6,2573,,,,20.0,50,,,,26.8,6861,,,,0.0,0,,,,15.0,7680,
4733,,,320.4,2563,,,,20.0,50,,,,26.7,6835,,,,0.0,0,,,,15.0,7680,
4734,,,319.2,2554,,,,20.0,50,,,,26.6,6810,,,,0.0,0,,,,15.0,7680,
4735,,,318.0,2544,,,,20.0,50,,,,26.5,6784,,,,0.0,0,,,,15.0,7680,
4736,,,316.8,2534,,,,20.0,50,,,,26.4,6758,,,,0.0,0,,,,15.0,7680,
4737,,,315.6,2525,,,,20.0,50,,,,26.3,6733,,,,0.0,0,,,,15.0,7680,
4738,,,314.4,2515,,,,20.0,50,,,,26.2,6707,,,,0.0,0,,,,15.0,7680,
4739,,,313.2,2506,,,,20.0,50,,,,26.1,6682,,,,0.0,0,,,,15.0,7680,
4740,,,312.0,2496,,,,20.0,50,,,,26.0,6656,,,,0.0,0,,,,15.0,7680,
4741,,,310.8,2486,,,,20.0,50,,,,25.9,6630,,,,0.0,0,,,,15.0,7680,
4742,,,309.6,2477,,,,20.0,50,,,,25.8,6605,,,,0.0,0,,,,15.0,7680,
4743,,,308.4,2467,,,,20.0,50,,,,25.7,6579,,,,0.0,0,,,,15.0,7680,
4744,,,307.2,2458,,,,20.0,50,,,,25.6,6554,,,,0.0,0,,,,15.0,7680,
4745,,,306.0,2448,,,,20.0,50,,,,25.5,6528,,,,0.0,0,,,,15.0,7680,
4746,,,304.8,2438,,,,20.0,50,,,,25.4,6502,,,,0.0,0,,,,15.0,7680,
4747,,,303.6,2429,,,,20.0,50,,,,25.3,6477,,,,0.0,0,,,,15.0,7680,
4748,,,302.4,2419,,,,20.0,50,,,,25.2,6451,,,,0.0,0,,,,15.0,7680,
4749,,,301.2,2410,,,,20.0,50,,,,25.1,6426,,,,0.0,0,,,,15.0,7680,
4750,,,300.0,2400,,,,10.0,25,,,,25.0,6400,,,,0.0,0,,,,15.0,7680,
4751,,,298.8,2390,,,,10.0,25,,,,24.9,6374,,,,0.0,0,,,,15.0,7680,
4752,,,297.6,2381,,,,10.0,25,,,,24.8,6349,,,,0.0,0,,,,15.0,7680,
4753,,,296.4,2371,,,,10.0,25,,,,24.7,6323,,,,0.0,0,,,,15.0,7680,
4754,,,295.2,2362,,,,10.0,25,,,,24.6,6298,,,,0.0,0,,,,15.0,7680,
4755,,,294.0,2352,,,,10.0,25,,,,24.5,6272,,,,0.0,0,,,,15.0,7680,
4756,,,292.8,2342,,,,10.0,25,,,,24.4,6246,,,,0.0,0,,,,15.0,7680,
4757,,,291.6,2333,,,,10.0,25,,,,24.3,6221,,,,0.0,0,,,,15.0,7680,
4758,,,290.4,2323,,,,10.0,25,,,,24.2,6195,,,,0.0,0,,,,15.0,7680,
4759,,,289.2,2314,,,,10.0,25,,,,24.1,6170,,,,0.0,0,,,,15.0,7680,
4760,,,288.0,2304,,,,10.0,25,,,,24.0,6144,,,,0.0,0,,,,15.0,7680,
4761,,,286.8,2294,,,,10.0,25,,,,23.9,6118,,,,0.0,0,,,,15.0,7680,
4762,,,285.6,2285,,,,10.0,25,,,,23.8,6093,,,,0.0,0,,,,15.0,7680,
4763,,,284.4,2275,,,,10.0,25,,,,23.7,6067,,,,0.0,0,,,,15.0,7680,
4764,,,283.2,2266,,,,10.0,25,,,,23.6,6042,,,,0.0,0,,,,15.0,7680,
4765,,,282.0,2256,,,,10.0,25,,,,23.5,6016,,,,0.0,0,,,,15.0,7680,
4766,,,280.8,2246,,,,10.0,25,,,,23.4,5990,,,,0.0,0,,,,15.0,7680,
4767,,,279.6,2237,,,,10.0,25,,,,23.3,5965,,,,0.0,0,,,,15.0,7680,
4768,,,278.4,2227,,,,10.0,25,,,,23.2,5939,,,,0.0,0,,,,15.0,7680,
4769,,,277.2,2218,,,,10.0,25,,,,23.1,5914,,,,0.0,0,,,,15.0,7680,
4770,,,276.0,2208,,,,10.0,25,,,,23.0,5888,,,,0.0,0,,,,15.0,7680,
4771,,,274.8,2198,,,,10.0,25,,,,22.9,5862,,,,0.0,0,,,,15.0,7680,
4772,,,273.6,2189,,,,10.0,25,,,,22.8,5837,,,,0.0,0,,,,15.0,7680,
4773,,,272.4,2179,,,,10.0,25,,,,22.7,5811,,,,0.0,0,,,,15.0,7680,
4774,,,271.2,2170,,,,10.0,25,,,,22.6,5786,,,,0.0,0,,,,15.0,7680,
4775,,,270.0,2160,,,,10.0,25,,,,22.5,5760,,,,0.0,0,,,,15.0,7680,
4776,,,268.8,2150,,,,10.0,25,,,,22.4,5734,,,,0.0,0,,,,15.0,7680,
4777,,,267.6,2141,,,,10.0,25,,,,22.3,5709,,,,0.0,0,,,,15.0,7680,
4778,,,266.4,2131,,,,10.0,25,,,,22.2,5683,,,,0.0,0,,,,15.0,7680,
4779,,,265.2,2122,,,,10.0,25,,,,22.1,5658,,,,0.0,0,,,,15.0,7680,
4780,,,264.0,2112,,,,10.0,25,,,,22.0,5632,,,,0.0,0,,,,15.0,7680,
4781,,,262.8,2102,,,,10.0,25,,,,21.9,5606,,,,0.0,0,,,,15.0,7680,
4782,,,261.6,2093,,,,10.0,25,,,,21.8,5581,,,,0.0,0,,,,15.0,7680,
4783,,,260.4,2083,,,,10.0,25,,,,21.7,5555,,,,0.0,0,,,,15.0,7680,
4784,,,259.2,2074,,,,10.0,25,,,,21.6,5530,,,,0.0,0,,,,15.0,7680,
4785,,,258.0,2064,,,,10.0,25,,,,21.5,5504,,,,0.0,0,,,,15.0,7680,
4786,,,256.8,2054,,,,10.0,25,,,,21.4,5478,,,,0.0,0,,,,15.0,7680,
4787,,,255.6,2045,,,,10.0,25,,,,21.3,5453,,,,0.0,0,,,,15.0,7680,
4788,,,254.4,2035,,,,10.0,25,,,,21.2,5427,,,,0.0,0,,,,15.0,7680,
4789,,,253.2,2026,,,,10.0,25,,,,21.1,5402,,,,0.0,0,,,,15.0,7680,
4790,,,252.0,2016,,,,10.0,25,,,,21.0,5376,,,,0.0,0,,,,15.0,7680,
4791,,,250.8,2006,,,,10.0,25,,,,20.9,5350,,,,0.0,0,,,,15.0,7680,
4792,,,249.6,1997,,,,10.0,25,,,,20.8,5325,,,,0.0,0,,,,15.0,7680,
4793,,,248.4,1987,,,,10.0,25,,,,20.7,5299,,,,0.0,0,,,,15.0,7680,
4794,,,247.2,1978,,,,10.0,25,,,,20.6,5274,,,,0.0,0,,,,15.0,7680,
4795,,,246.0,1968,,,,10.0,25,,,,20.5,5248,,,,0.0,0,,,,15.0,7680,
4796,,,244.8,1958,,,,10.0,25,,,,20.4,5222,,,,0.0,0,,,,15.0,7680,
4797,,,243.6,1949,,,,10.0,25,,,,20.3,5197,,,,0.0,0,,,,15.0,7680,
4798,,,242.4,1939,,,,10.0,25,,,,20.2,5171,,,,0.0,0,,,,15.0,7680,
4799,,,241.2,1930,,,,10.0,25,,,,20.1,5146,,,,0.0,0,,,,15.0,7680,
4800,,,240.0,1920,,,,10.0,25,,,,20.0,5120,,,,0.0,0,,,,15.0,7680,
4801,,,238.8,1910,,,,10.0,25,,,,19.9,5094,,,,0.0,0,,,,15.0,7680,
4802,,,237.6,1901,,,,10.0,25,,,,19.8,5069,,,,0.0,0,,,,15.0,7680,
4803,,,236.4,1891,,,,10.0,25,,,,19.7,5043,,,,0.0,0,,,,15.0,7680,
4804,,,235.2,1882,,,,10.0,25,,,,19.6,5018,,,,0.0,0,,,,15.0,7680,
4805,,,234.0,1872,,,,10.0,25,,,,19.5,4992,,,,0.0,0,,,,15.0,7680,
4806,,,232.8,1862,,,,10.0,25,,,,19.4,4966,,,,0.0,0,,,,15.0,7680,
4807,,,231.6,1853,,,,10.0,25,,,,19.3,4941,,,,0.0,0,,,,15.0,7680,
4808,,,230.4,1843,,,,10.0,25,,,,19.2,4915,,,,0.0,0,,,,15.0,7680,
4809,,,229.2,1834,,,,10.0,25,,,,19.1,4890,,,,0.0,0,,,,15.0,7680,
4810,,,228.0,1824,,,,10.0,25,,,,19.0,4864,,,,0.0,0,,,,15.0,7680,
4811,,,226.8,1814,,,,10.0,25,,,,18.9,4838,,,,0.0,0,,,,15.0,7680,
4812,,,225.6,1805,,,,10.0,25,,,,18.8,4813,,,,0.0,0,,,,15.0,7680,
4813,,,224.4,1795,,,,10.0,25,,,,18.7,4787,,,,0.0,0,,,,15.0,7680,
4814,,,223.2,1786,,,,10.0,25,,,,18.6,4762,,,,0.0,0,,,,15.0,7680,
4815,,,222.0,1776,,,,10.0,25,,,,18.5,4736,,,,0.0,0,,,,15.0,7680,
4816,,,220.8,1766,,,,10.0,25,,,,18.4,4710,,,,0.0,0,,,,15.0,7680,
4817,,,219.6,1757,,,,10.0,25,,,,18.3,4685,,,,0.0,0,,,,15.0,7680,
4818,,,218.4,1747,,,,10.0,25,,,,18.2,4659,,,,0.0,0,,,,15.0,7680,
4819,,,217.2,1738,,,,10.0,25,,,,18.1,4634,,,,0.0,0,,,,15.0,7680,
4820,,,216.0,1728,,,,10.0,25,,,,18.0,4608,,,,0.0,0,,,,15.0,7680,
4821,,,214.8,1718,,,,10.0,25,,,,17.9,4582,,,,0.0,0,,,,15.0,7680,
4822,,,213.6,1709,,,,10.0,25,,,,17.8,4557,,,,0.0,0,,,,15.0,7680,
4823,,,212.4,1699,,,,10.0,25,,,,17.7,4531,,,,0.0,0,,,,15.0,7680,
4824,,,211.2,1690,,,,10.0,25,,,,17.6,4506,,,,0.0,0,,,,15.0,7680,
4825,,,210.0,1680,,,,10.0,25,,,,17.5,4480,,,,0.0,0,,,,15.0,7680,
4826,,,208.8,1670,,,,10.0,25,,,,17.4,4454,,,,0.0,0,,,,15.0,7680,
4827,,,207.6,1661,,,,10.0,25,,,,17.3,4429,,,,0.0,0,,,,15.0,7680,
4828,,,206.4,1651,,,,10.0,25,,,,17.2,4403,,,,0.0,0,,,,15.0,7680,
4829,,,205.2,1642,,,,10.0,25,,,,17.1,4378,,,,0.0,0,,,,15.0,7680,
4830,,,204.0,1632,,,,10.0,25,,,,17.0,4352,,,,0.0,0,,,,15.0,7680,
4831,,,202.8,1622,,,,10.0,25,,,,16.9,4326,,,,0.0,0,,,,15.0,7680,
4832,,,201.6,1613,,,,10.0,25,,,,16.8,4301,,,,0.0,0,,,,15.0,7680,
4833,,,200.4,1603,,,,10.0,25,,,,16.7,4275,,,,0.0,0,,,,15.0,7680,
4834,,,199.2,1594,,,,10.0,25,,,,16.6,4250,,,,0.0,0,,,,15.0,7680,
4835,,,198.0,1584,,,,10.0,25,,,,16.5,4224,,,,0.0,0,,,,15.0,7680,
4836,,,196.8,1574,,,,10.0,25,,,,16.4,4198,,,,0.0,0,,,,15.0,7680,
4837,,,195.6,1565,,,,10.0,25,,,,16.3,4173,,,,0.0,0,,,,15.0,7680,
4838,,,194.4,1555,,,,10.0,25,,,,16.2,4147,,,,0.0,0,,,,15.0,7680,
4839,,,193.2,1546,,,,10.0,25,,,,16.1,4122,,,,0.0,0,,,,15.0,7680,
4840,,,192.0,1536,,,,10.0,25,,,,16.0,4096,,,,0.0,0,,,,15.0,7680,
4841,,,190.8,1526,,,,10.0,25,,,,15.9,4070,,,,0.0,0,,,,15.0,7680,
4842,,,189.6,1517,,,,10.0,25,,,,15.8,4045,,,,0.0,0,,,,15.0,7680,
4843,,,188.4,1507,,,,10.0,25,,,,15.7,4019,,,,0.0,0,,,,15.0,7680,
4844,,,187.2,1498,,,,10.0,25,,,,15.6,3994,,,,0.0,0,,,,15.0,7680,
4845,,,186.0,1488,,,,10.0,25,,,,15.5,3968,,,,0.0,0,,,,15.0,7680,
4846,,,184.8,1478,,,,10.0,25,,,,15.4,3942,,,,0.0,0,,,,15.0,7680,
4847,,,183.6,1469,,,,10.0,25,,,,15.3,3917,,,,0.0,0,,,,15.0,7680,
4848,,,182.4,1459,,,,10.0,25,,,,15.2,3891,,,,0.0,0,,,,15.0,7680,
4849,,,181.2,1450,,,,10.0,25,,,,15.1,3866,,,,0.0,0,,,,15.0,7680,
4850,,,180.0,1440,,,,10.0,25,,,,15.0,3840,,,,0.0,0,,,,15.0,7680,
4851,,,178.8,1430,,,,10.0,25,,,,14.9,3814,,,,0.0,0,,,,15.0,7680,
4852,,,177.6,1421,,,,10.0,25,,,,14.8,3789,,,,0.0,0,,,,15.0,7680,
4853,,,176.4,1411,,,,10.0,25,,,,14.7,3763,,,,0.0,0,,,,15.0,7680,
4854,,,175.2,1402,,,,10.0,25,,,,14.6,3738,,,,0.0,0,,,,15.0,7680,
4855,,,174.0,1392,,,,10.0,25,,,,14.5,3712,,,,0.0,0,,,,15.0,7680,
4856,,,172.8,1382,,,,10.0,25,,,,14.4,3686,,,,0.0,0,,,,15.0,7680,
4857,,,171.6,1373,,,,10.0,25,,,,14.3,3661,,,,0.0,0,,,,15.0,7680,
4858,,,170.4,1363,,,,10.0,25,,,,14.2,3635,,,,0.0,0,,,,15.0,7680,
4859,,,169.2,1354,,,,10.0,25,,,,14.1,3610,,,,0.0,0,,,,15.0,7680,
4860,,,168.0,1344,,,,10.0,25,,,,14.0,3584,,,,0.0,0,,,,15.0,7680,
4861,,,166.8,1334,,,,10.0,25,,,,13.9,3558,,,,0.0,0,,,,15.0,7680,
4862,,,165.6,1325,,,,10.0,25,,,,13.8,3533,,,,0.0,0,,,,15.0,7680,
4863,,,164.4,1315,,,,10.0,25,,,,13.7,3507,,,,0.0,0,,,,15.0,7680,
4864,,,163.2,1306,,,,10.0,25,,,,13.6,3482,,,,0.0,0,,,,15.0,7680,
4865,,,162.0,1296,,,,10.0,25,,,,13.5,3456,,,,0.0,0,,,,15.0,7680,
4866,,,160.8,1286,,,,10.0,25,,,,13.4,3430,,,,0.0,0,,,,15.0,7680,
4867,,,159.6,1277,,,,10.0,25,,,,13.3,3405,,,,0.0,0,,,,15.0,7680,
4868,,,158.4,1267,,,,10.0,25,,,,13.2,3379,,,,0.0,0,,,,15.0,7680,
4869,,,157.2,1258,,,,10.0,25,,,,13.1,3354,,,,0.0,0,,,,15.0,7680,
4870,,,156.0,1248,,,,10.0,25,,,,13.0,3328,,,,0.0,0,,,,15.0,7680,
4871,,,154.8,1238,,,,10.0,25,,,,12.9,3302,,,,0.0,0,,,,15.0,7680,
4872,,,153.6,1229,,,,10.0,25,,,,12.8,3277,,,,0.0,0,,,,15.0,7680,
4873,,,152.4,1219,,,,10.0,25,,,,12.7,3251,,,,0.0,0,,,,15.0,7680,
4874,,,151.2,1210,,,,10.0,25,,,,12.6,3226,,,,0.0,0,,,,15.0,7680,
4875,,,150.0,1200,,,,10.0,25,,,,12.5,3200,,,,0.0,0,,,,15.0,7680,
4876,,,148.8,1190,,,,10.0,25,,,,12.4,3174,,,,0.0,0,,,,15.0,7680,
4877,,,147.6,1181,,,,10.0,25,,,,12.3,3149,,,,0.0,0,,,,15.0,7680,
4878,,,146.4,1171,,,,10.0,25,,,,12.2,3123,,,,0.0,0,,,,15.0,7680,
4879,,,145.2,1162,,,,10.0,25,,,,12.1,3098,,,,0.0,0,,,,15.0,7680,
4880,,,144.0,1152,,,,10.0,25,,,,12.0,3072,,,,0.0,0,,,,15.0,7680,
4881,,,142.8,1142,,,,10.0,25,,,,11.9,3046,,,,0.0,0,,,,15.0,7680,
4882,,,141.6,1133,,,,10.0,25,,,,11.8,3021,,,,0.0,0,,,,15.0,7680,
4883,,,140.4,1123,,,,10.0,25,,,,11.7,2995,,,,0.0,0,,,,15.0,7680,
4884,,,139.2,1114,,,,10.0,25,,,,11.6,2970,,,,0.0,0,,,,15.0,7680,
4885,,,138.0,1104,,,,10.0,25,,,,11.5,2944,,,,0.0,0,,,,15.0,7680,
4886,,,136.8,1094,,,,10.0,25,,,,11.4,2918,,,,0.0,0,,,,15.0,7680,
4887,,,135.6,1085,,,,10.0,25,,,,11.3,2893,,,,0.0,0,,,,15.0,7680,
4888,,,134.4,1075,,,,10.0,25,,,,11.2,2867,,,,0.0,0,,,,15.0,7680,
4889,,,133.2,1066,,,,10.0,25,,,,11.1,2842,,,,0.0,0,,,,15.0,7680,
4890,,,132.0,1056,,,,10.0,25,,,,11.0,2816,,,,0.0,0,,,,15.0,7680,
4891,,,130.8,1046,,,,10.0,25,,,,10.9,2790,,,,0.0,0,,,,15.0,7680,
4892,,,129.6,1037,,,,10.0,25,,,,10.8,2765,,,,0.0,0,,,,15.0,7680,
4893,,,128.4,1027,,,,10.0,25,,,,10.7,2739,,,,0.0,0,,,,15.0,7680,
4894,,,127.2,1018,,,,10.0,25,,,,10.6,2714,,,,0.0,0,,,,15.0,7680,
4895,,,126.0,1008,,,,10.0,25,,,,10.5,2688,,,,0.0,0,,,,15.0,7680,
4896,,,124.8,998,,,,10.0,25,,,,10.4,2662,,,,0.0,0,,,,15.0,7680,
4897,,,123.6,989,,,,10.0,25,,,,10.3,2637,,,,0.0,0,,,,15.0,7680,
4898,,,122.4,979,,,,10.0,25,,,,10.2,2611,,,,0.0,0,,,,15.0,7680,
4899,,,121.2,970,,,,10.0,25,,,,10.1,2586,,,,0.0,0,,,,15.0,7680,
4900,,,120.0,960,,,,10.0,25,,,,10.0,2560,,,,0.0,0,,,,15.0,7680,
4901,,,118.8,950,,,,10.0,25,,,,9.9,2534,,,,0.0,0,,,,15.0,7680,
4902,,,117.6,941,,,,10.0,25,,,,9.8,2509,,,,0.0,0,,,,15.0,7680,
4903,,,116.4,931,,,,10.0,25,,,,9.7,2483,,,,0.0,0,,,,15.0,7680,
4904,,,115.2,922,,,,10.0,25,,,,9.6,2458,,,,0.0,0,,,,15.0,7680,
4905,,,114.0,912,,,,10.0,25,,,,9.5,2432,,,,0.0,0,,,,15.0,7680,
4906,,,112.8,902,,,,10.0,25,,,,9.4,2406,,,,0.0,0,,,,15.0,7680,
4907,,,111.6,893,,,,10.0,25,,,,9.3,2381,,,,0.0,0,,,,15.0,7680,
4908,,,110.4,883,,,,10.0,25,,,,9.2,2355,,,,0.0,0,,,,15.0,7680,
4909,,,109.2,874,,,,10.0,25,,,,9.1,2330,,,,0.0,0,,,,15.0,7680,
4910,,,108.0,864,,,,10.0,25,,,,9.0,2304,,,,0.0,0,,,,15.0,7680,
4911,,,106.8,854,,,,10.0,25,,,,8.9,2278,,,,0.0,0,,,,15.0,7680,
4912,,,105.6,845,,,,10.0,25,,,,8.8,2253,,,,0.0,0,,,,15.0,7680,
4913,,,104.4,835,,,,10.0,25,,,,8.7,2227,,,,0.0,0,,,,15.0,7680,
4914,,,103.2,826,,,,10.0,25,,,,8.6,2202,,,,0.0,0,,,,15.0,7680,
4915,,,102.0,816,,,,10.0,25,,,,8.5,2176,,,,0.0,0,,,,15.0,7680,
4916,,,100.8,806,,,,10.0,25,,,,8.4,2150,,,,0.0,0,,,,15.0,7680,
4917,,,99.6,797,,,,10.0,25,,,,8.3,2125,,,,0.0,0,,,,15.0,7680,
4918,,,98.4,787,,,,10.0,25,,,,8.2,2099,,,,0.0,0,,,,15.0,7680,
4919,,,97.2,778,,,,10.0,25,,,,8.1,2074,,,,0.0,0,,,,15.0,7680,
4920,,,96.0,768,,,,10.0,25,,,,8.0,2048,,,,0.0,0,,,,15.0,7680,
4921,,,94.8,758,,,,10.0,25,,,,7.9,2022,,,,0.0,0,,,,15.0,7680,
4922,,,93.6,749,,,,10.0,25,,,,7.8,1997,,,,0.0,0,,,,15.0,7680,
4923,,,92.4,739,,,,10.0,25,,,,7.7,1971,,,,0.0,0,,,,15.0,7680,
4924,,,91.2,730,,,,10.0,25,,,,7.6,1946,,,,0.0,0,,,,15.0,7680,
4925,,,90.0,720,,,,10.0,25,,,,7.5,1920,,,,0.0,0,,,,15.0,7680,
4926,,,88.8,710,,,,10.0,25,,,,7.4,1894,,,,0.0,0,,,,15.0,7680,
4927,,,87.6,701,,,,10.0,25,,,,7.3,1869,,,,0.0,0,,,,15.0,7680,
4928,,,86.4,691,,,,10.0,25,,,,7.2,1843,,,,0.0,0,,,,15.0,7680,
4929,,,85.2,682,,,,10.0,25,,,,7.1,1818,,,,0.0,0,,,,15.0,7680,
4930,,,84.0,672,,,,10.0,25,,,,7.0,1792,,,,0.0,0,,,,15.0,7680,
4931,,,82.8,662,,,,10.0,25,,,,6.9,1766,,,,0.0,0,,,,15.0,7680,
4932,,,81.6,653,,,,10.0,25,,,,6.8,1741,,,,0.0,0,,,,15.0,7680,
4933,,,80.4,643,,,,10.0,25,,,,6.7,1715,,,,0.0,0,,,,15.0,7680,
4934,,,79.2,634,,,,10.0,25,,,,6.6,1690,,,,0.0,0,,,,15.0,7680,
4935,,,78.0,624,,,,10.0,25,,,,6.5,1664,,,,0.0,0,,,,15.0,7680,
4936,,,76.8,614,,,,10.0,25,,,,6.4,1638,,,,0.0,0,,,,15.0,7680,
4937,,,75.6,605,,,,10.0,25,,,,6.3,1613,,,,0.0,0,,,,15.0,7680,
4938,,,74.4,595,,,,10.0,25,,,,6.2,1587,,,,0.0,0,,,,15.0,7680,
4939,,,73.2,586,,,,10.0,25,,,,6.1,1562,,,,0.0,0,,,,15.0,7680,
4940,,,72.0,576,,,,10.0,25,,,,6.0,1536,,,,0.0,0,,,,15.0,7680,
4941,,,70.8,566,,,,10.0,25,,,,5.9,1510,,,,0.0,0,,,,15.0,7680,
4942,,,69.6,557,,,,10.0,25,,,,5.8,1485,,,,0.0,0,,,,15.0,7680,
4943,,,68.4,547,,,,10.0,25,,,,5.7,1459,,,,0.0,0,,,,15.0,7680,
4944,,,67.2,538,,,,10.0,25,,,,5.6,1434,,,,0.0,0,,,,15.0,7680,
4945,,,66.0,528,,,,10.0,25,,,,5.5,1408,,,,0.0,0,,,,15.0,7680,
4946,,,64.8,518,,,,10.0,25,,,,5.4,1382,,,,0.0,0,,,,15.0,7680,
4947,,,63.6,509,,,,10.0,25,,,,5.3,1357,,,,0.0,0,,,,15.0,7680,
4948,,,62.4,499,,,,10.0,25,,,,5.2,1331,,,,0.0,0,,,,15.0,7680,
4949,,,61.2,490,,,,10.0,25,,,,5.1,1306,,,,0.0,0,,,,15.0,7680,
4950,,,60.0,480,,,,10.0,25,,,,5.0,1280,,,,0.0,0,,,,15.0,7680,
4951,,,58.8,470,,,,10.0,25,,,,4.9,1254,,,,0.0,0,,,,15.0,7680,
4952,,,57.6,461,,,,10.0,25,,,,4.8,1229,,,,0.0,0,,,,15.0,7680,
4953,,,56.4,451,,,,10.0,25,,,,4.7,1203,,,,0.0,0,,,,15.0,7680,
4954,,,55.2,442,,,,10.0,25,,,,4.6,1178,,,,0.0,0,,,,15.0,7680,
4955,,,54.0,432,,,,10.0,25,,,,4.5,1152,,,,0.0,0,,,,15.0,7680,
4956,,,52.8,422,,,,10.0,25,,,,4.4,1126,,,,0.0,0,,,,15.0,7680,
4957,,,51.6,413,,,,10.0,25,,,,4.3,1101,,,,0.0,0,,,,15.0,7680,
4958,,,50.4,403,,,,10.0,25,,,,4.2,1075,,,,0.0,0,,,,15.0,7680,
4959,,,49.2,394,,,,10.0,25,,,,4.1,1050,,,,0.0,0,,,,15.0,7680,
4960,,,48.0,384,,,,10.0,25,,,,4.0,1024,,,,0.0,0,,,,15.0,7680,
4961,,,46.8,374,,,,10.0,25,,,,3.9,998,,,,0.0,0,,,,15.0,7680,
4962,,,45.6,365,,,,10.0,25,,,,3.8,973,,,,0.0,0,,,,15.0,7680,
4963,,,44.4,355,,,,10.0,25,,,,3.7,947,,,,0.0,0,,,,15.0,7680,
4964,,,43.2,346,,,,10.0,25,,,,3.6,922,,,,0.0,0,,,,15.0,7680,
4965,,,42.0,336,,,,10.0,25,,,,3.5,896,,,,0.0,0,,,,15.0,7680,
4966,,,40.8,326,,,,10.0,25,,,,3.4,870,,,,0.0,0,,,,15.0,7680,
4967,,,39.6,317,,,,10.0,25,,,,3.3,845,,,,0.0,0,,,,15.0,7680,
4968,,,38.4,307,,,,10.0,25,,,,3.2,819,,,,0.0,0,,,,15.0,7680,
4969,,,37.2,298,,,,10.0,25,,,,3.1,794,,,,0.0,0,,,,15.0,7680,
4970,,,36.0,288,,,,10.0,25,,,,3.0,768,,,,0.0,0,,,,15.0,7680,
4971,,,34.8,278,,,,10.0,25,,,,2.9,742,,,,0.0,0,,,,15.0,7680,
4972,,,33.6,269,,,,10.0,25,,,,2.8,717,,,,0.0,0,,,,15.0,7680,
4973,,,32.4,259,,,,10.0,25,,,,2.7,691,,,,0.0,0,,,,15.0,7680,
4974,,,31.2,250,,,,10.0,25,,,,2.6,666,,,,0.0,0,,,,15.0,7680,
4975,,,30.0,240,,,,10.0,25,,,,2.5,640,,,,0.0,0,,,,15.0,7680,
4976,,,28.8,230,,,,10.0,25,,,,2.4,614,,,,0.0,0,,,,15.0,7680,
4977,,,27.6,221,,,,10.0,25,,,,2.3,589,,,,0.0,0,,,,15.0,7680,
4978,,,26.4,211,,,,10.0,25,,,,2.2,563,,,,0.0,0,,,,15.0,7680,
4979,,,25.2,202,,,,10.0,25,,,,2.1,538,,,,0.0,0,,,,15.0,7680,
4980,,,24.0,192,,,,10.0,25,,,,2.0,512,,,,0.0,0,,,,15.0,7680,
4981,,,22.8,182,,,,10.0,25,,,,1.9,486,,,,0.0,0,,,,15.0,7680,
4982,,,21.6,173,,,,10.0,25,,,,1.8,461,,,,0.0,0,,,,15.0,7680,
4983,,,20.4,163,,,,10.0,25,,,,1.7,435,,,,0.0,0,,,,15.0,7680,
4984,,,19.2,154,,,,10.0,25,,,,1.6,410,,,,0.0,0,,,,15.0,7680,
4985,,,18.0,144,,,,10.0,25,,,,1.5,384,,,,0.0,0,,,,15.0,7680,
4986,,,16.8,134,,,,10.0,25,,,,1.4,358,,,,0.0,0,,,,15.0,7680,
4987,,,15.6,125,,,,10.0,25,,,,1.3,333,,,,0.0,0,,,,15.0,7680,
4988,,,14.4,115,,,,10.0,25,,,,1.2,307,,,,0.0,0,,,,15.0,7680,
4989,,,13.2,106,,,,10.0,25,,,,1.1,282,,,,0.0,0,,,,15.0,7680,
4990,,,12.0,96,,,,10.0,25,,,,1.0,256,,,,0.0,0,,,,15.0,7680,
4991,,,10.8,86,,,,10.0,25,,,,0.9,230,,,,0.0,0,,,,15.0,7680,
4992,,,9.6,77,,,,10.0,25,,,,0.8,205,,,,0.0,0,,,,15.0,7680,
4993,,,8.4,67,,,,10.0,25,,,,0.7,179,,,,0.0,0,,,,15.0,7680,
4994,,,7.2,58,,,,10.0,25,,,,0.6,154,,,,0.0,0,,,,15.0,7680,
4995,,,6.0,48,,,,10.0,25,,,,0.5,128,,,,0.0,0,,,,15.0,7680,
4996,,,4.8,38,,,,10.0,25,,,,0.4,102,,,,0.0,0,,,,15.0,7680,
4997,,,3.6,29,,,,10.0,25,,,,0.3,77,,,,0.0,0,,,,15.0,7680,
4998,,,2.4,19,,,,10.0,25,,,,0.2,51,,,,0.0,0,,,,15.0,7680,
4999,,,1.2,10,,,,10.0,25,,,,0.1,26,,,,0.0,0,,,,15.0,7680,
